producto_raw,precio_anterior,precio_actual,variacion,boletin_num,mes,año,quincena,quincena_id,provincia,categoria,estado_precio
Aguacate Fuerte (Ciento aprox. 55 lb),60.0,70.83,18.0,313,4,2026,2,2026-04-Q2,AZUAY,perecedero,completo
Ajo Bulbo Seco (Malla aprox. 22 lb),19.88,21.83,10.0,313,4,2026,2,2026-04-Q2,AZUAY,perecedero,completo
Arveja Tierna en Vaina-Quantum (Saco aprox. 60 lb),32.0,23.17,-28.0,313,4,2026,2,2026-04-Q2,AZUAY,perecedero,completo
Banano (Guineo) (Carton aprox. 40 lb),8.5,8.0,-6.0,313,4,2026,2,2026-04-Q2,AZUAY,perecedero,completo
Brocoli (Unidad aprox. 2 lb),0.71,0.78,9.0,313,4,2026,2,2026-04-Q2,AZUAY,perecedero,completo
Cebolla Blanca en Rama (Atado aprox. 5 lb),2.0,2.0,0.0,313,4,2026,2,2026-04-Q2,AZUAY,perecedero,completo
Cebolla Colorada Nacional Seca (Malla aprox. 100 lb),37.0,41.17,11.0,313,4,2026,2,2026-04-Q2,AZUAY,perecedero,completo
Cebolla Perla Nacional Seca (Malla aprox. 100 lb),28.13,35.83,27.0,313,4,2026,2,2026-04-Q2,AZUAY,perecedero,completo
Col (Unidad aprox. 13 lb),1.22,1.38,13.0,313,4,2026,2,2026-04-Q2,AZUAY,perecedero,completo
Frejol Tiemo en Vaina Canario (Saco aprox. 55 lb),38.5,38.33,0.0,313,4,2026,2,2026-04-Q2,AZUAY,perecedero,completo
Frutilla (Balde aprox. 30 lb),27.38,26.5,-3.0,313,4,2026,2,2026-04-Q2,AZUAY,perecedero,completo
Haba Tierna en Vaina (Saco aprox. 70 lb),14.38,13.83,-4.0,313,4,2026,2,2026-04-Q2,AZUAY,perecedero,completo
Lechuga (Bulto aprox. 85 lb),11.75,11.33,-4.0,313,4,2026,2,2026-04-Q2,AZUAY,perecedero,completo
Limon Sutil (Malla aprox. 95 lb),27.38,28.5,4.0,313,4,2026,2,2026-04-Q2,AZUAY,perecedero,completo
Maiz Suave Choclo (Saco aprox. 100 lb),24.75,25.83,4.4,313,4,2026,2,2026-04-Q2,AZUAY,perecedero,completo
Mandarina de la Costa (Ciento aprox. 30 lb),,,,313,4,2026,2,2026-04-Q2,AZUAY,perecedero,invalido
Manzana Importada (Carton aprox. 44 lb),32.13,29.0,-10.0,313,4,2026,2,2026-04-Q2,AZUAY,perecedero,completo
Maracuya (Saco aprox. 40 lb),16.0,14.33,-10.0,313,4,2026,2,2026-04-Q2,AZUAY,perecedero,completo
Mango de Chupar (Caja aprox. 55 lb),,,,313,4,2026,2,2026-04-Q2,AZUAY,perecedero,invalido
Melon (Unidad aprox. 5 lb),2.81,2.83,1.0,313,4,2026,2,2026-04-Q2,AZUAY,perecedero,completo
Mora de Castilla (Caja aprox. 5 lb),5.44,6.5,20.0,313,4,2026,2,2026-04-Q2,AZUAY,perecedero,completo
Naranja (Malla aprox. 100 lb),16.63,13.17,-21.0,313,4,2026,2,2026-04-Q2,AZUAY,perecedero,completo
Naranjilla Hibrida (Caja aprox. 30 lb),18.25,19.33,6.0,313,4,2026,2,2026-04-Q2,AZUAY,perecedero,completo
Papa Super Chola (Quintal aprox. 100 lb),21.25,23.33,10.0,313,4,2026,2,2026-04-Q2,AZUAY,perecedero,completo
Papaya Nacional (Unidad aprox. 4 lb),,,,313,4,2026,2,2026-04-Q2,AZUAY,perecedero,invalido
Pepinillo Pepino (Saco aprox. 45 lb),,,,313,4,2026,2,2026-04-Q2,AZUAY,perecedero,invalido
Pimiento (Saco aprox. 45 lb),14.0,14.33,2.0,313,4,2026,2,2026-04-Q2,AZUAY,perecedero,completo
Pina (Docena aprox. 65 lb),20.5,18.83,-8.0,313,4,2026,2,2026-04-Q2,AZUAY,perecedero,completo
Platano Barraganete Maduro (Caja aprox. 105 lb),31.88,32.5,2.0,313,4,2026,2,2026-04-Q2,AZUAY,perecedero,completo
Platano Barraganete Verde (Caja aprox. 105 lb),31.88,32.5,2.0,313,4,2026,2,2026-04-Q2,AZUAY,perecedero,completo
Remolacha (Saco aprox. 70 lb),8.38,8.0,-4.0,313,4,2026,2,2026-04-Q2,AZUAY,perecedero,completo
Sandia Nacional (Unidad aprox. 6 lb),2.25,2.0,-11.0,313,4,2026,2,2026-04-Q2,AZUAY,perecedero,completo
Tomate de Arbol (Carton aprox. 22 lb),12.88,12.0,-7.0,313,4,2026,2,2026-04-Q2,AZUAY,perecedero,completo
Tomate Rinon de Invernadero (Gaveta aprox. 40 lb),18.25,16.5,-10.0,313,4,2026,2,2026-04-Q2,AZUAY,perecedero,completo
Uva Negra (Caja aprox. 22 lb),,,,313,4,2026,2,2026-04-Q2,AZUAY,perecedero,invalido
Yuca (Funda aprox. 90 lb),28.0,26.5,-5.0,313,4,2026,2,2026-04-Q2,AZUAY,perecedero,completo
Zanahoria Amarilla (Saco aprox. 70 lb),12.13,10.0,-18.0,313,4,2026,2,2026-04-Q2,AZUAY,perecedero,completo
Aguacate Fuerte (Carton aprox. 22 lb),20.17,22.63,12.0,313,4,2026,2,2026-04-Q2,GUAYAS,perecedero,completo
Ajo Bulbo Seco (Malla aprox. 22 lb),16.75,19.67,17.0,313,4,2026,2,2026-04-Q2,GUAYAS,perecedero,completo
Arveja Tierna en Vaina-Quantum (Saco aprox. 60 lb),54.71,46.83,-14.0,313,4,2026,2,2026-04-Q2,GUAYAS,perecedero,completo
Banano (Guineo) (Carton aprox. 65 lb),6.6,7.21,9.0,313,4,2026,2,2026-04-Q2,GUAYAS,perecedero,completo
Brocoli (Unidad aprox. 2 lb),0.59,0.67,13.0,313,4,2026,2,2026-04-Q2,GUAYAS,perecedero,completo
Cebolla Blanca en Rama (Atado aprox. 5 lb),1.18,1.13,-4.0,313,4,2026,2,2026-04-Q2,GUAYAS,perecedero,completo
Cebolla Colorada Nacional Seca (Malla aprox. 100 lb),29.37,40.29,37.0,313,4,2026,2,2026-04-Q2,GUAYAS,perecedero,completo
Cebolla Perla Nacional Seca (Malla aprox. 100 lb),24.25,30.62,26.0,313,4,2026,2,2026-04-Q2,GUAYAS,perecedero,completo
Col (Malla aprox. 105 lb) 12.95,,,,313,4,2026,2,2026-04-Q2,GUAYAS,perecedero,invalido
Frejol en Vaina - Gema (Bulto aprox. 110 lb),54.77,44.83,-18.0,313,4,2026,2,2026-04-Q2,GUAYAS,perecedero,completo
Frutilla (Balde aprox. 30 lb),28.08,26.48,-6.0,313,4,2026,2,2026-04-Q2,GUAYAS,perecedero,completo
Haba Tierna en Vaina (Saco aprox. 70 lb),9.94,11.17,12.0,313,4,2026,2,2026-04-Q2,GUAYAS,perecedero,completo
Lechuga (Bulto aprox. 85 lb),8.92,7.5,-16.0,313,4,2026,2,2026-04-Q2,GUAYAS,perecedero,completo
Limon Sutil (Malla aprox. 80 lb) 16.08,,,,313,4,2026,2,2026-04-Q2,GUAYAS,perecedero,invalido
Maiz Suave Choclo (Saco aprox. 110 lb),31.56,24.67,-22.0,313,4,2026,2,2026-04-Q2,GUAYAS,perecedero,completo
Mandarina de la Costa (Ciento aprox. 30 lb),,,,313,4,2026,2,2026-04-Q2,GUAYAS,perecedero,invalido
Manzana Importada (Carton aprox. 44 lb),36.25,34.5,-5.0,313,4,2026,2,2026-04-Q2,GUAYAS,perecedero,completo
Maracuya (Ciento aprox. 40 lb),19.29,18.71,-3.0,313,4,2026,2,2026-04-Q2,GUAYAS,perecedero,completo
Mango de Chupar (Caja aprox. 55 lb),,,,313,4,2026,2,2026-04-Q2,GUAYAS,perecedero,invalido
Melon (Docena aprox. 65 lb),20.33,23.59,16.0,313,4,2026,2,2026-04-Q2,GUAYAS,perecedero,completo
Mora de Castilla (Balde aprox. 15 lb),15.21,16.96,12.0,313,4,2026,2,2026-04-Q2,GUAYAS,perecedero,completo
Naranja (Ciento aprox. 50 lb),9.65,6.25,-35.0,313,4,2026,2,2026-04-Q2,GUAYAS,perecedero,completo
Naranjilla Hibrida (Caja aprox. 30 lb),16.58,17.29,4.0,313,4,2026,2,2026-04-Q2,GUAYAS,perecedero,completo
Papa Super Chola (Quintal aprox. 100 lb),23.54,25.67,9.0,313,4,2026,2,2026-04-Q2,GUAYAS,perecedero,completo
Papaya Nacional (Docena aprox. 80 lb),,,,313,4,2026,2,2026-04-Q2,GUAYAS,perecedero,invalido
Pepinillo Pepino (Docena aprox. 12 lb),3.03,2.49,-18.0,313,4,2026,2,2026-04-Q2,GUAYAS,perecedero,completo
Pimiento (Saco aprox. 80 lb),34.54,21.33,-38.0,313,4,2026,2,2026-04-Q2,GUAYAS,perecedero,completo
Pina (Docena aprox. 65 lb),13.35,12.79,-4.0,313,4,2026,2,2026-04-Q2,GUAYAS,perecedero,completo
Platano Barraganete Maduro (Carton aprox. 70 lb),8.98,8.0,-11.0,313,4,2026,2,2026-04-Q2,GUAYAS,perecedero,completo
Platano Barraganete Verde (Carton aprox. 70 lb),8.98,8.0,-11.0,313,4,2026,2,2026-04-Q2,GUAYAS,perecedero,completo
Remolacha (Saco aprox. 80 lb),11.17,10.96,-2.0,313,4,2026,2,2026-04-Q2,GUAYAS,perecedero,completo
Sandia Nacional (Docena aprox. 205 lb),,,,313,4,2026,2,2026-04-Q2,GUAYAS,perecedero,invalido
Tomate de Arbol (Carton aprox. 22 lb),11.52,11.12,-3.0,313,4,2026,2,2026-04-Q2,GUAYAS,perecedero,completo
Tomate Rinon de Invernadero (Carton aprox. 55 lb),18.17,15.5,-15.0,313,4,2026,2,2026-04-Q2,GUAYAS,perecedero,completo
Uva Negra (Caja aprox. 10 lb),,,,313,4,2026,2,2026-04-Q2,GUAYAS,perecedero,invalido
Yuca (Saco aprox. 190 lb),54.73,51.29,-6.0,313,4,2026,2,2026-04-Q2,GUAYAS,perecedero,completo
Zanahoria Amarilla (Saco aprox. 70 lb),8.31,10.12,22.0,313,4,2026,2,2026-04-Q2,GUAYAS,perecedero,completo
Aguacate Fuerte (Ciento aprox. 55 lb),37.41,44.52,19.0,313,4,2026,2,2026-04-Q2,PICHINCHA,perecedero,completo
Ajo Bulbo Seco (Malla aprox. 22 lb),17.26,20.1,16.0,313,4,2026,2,2026-04-Q2,PICHINCHA,perecedero,completo
Arveja Tierna en Vaina-Quantum (Bulto aprox. 110 lb),78.33,36.38,-54.0,313,4,2026,2,2026-04-Q2,PICHINCHA,perecedero,completo
Banano (Guineo) (Carton aprox. 65 lb),15.67,15.67,0.0,313,4,2026,2,2026-04-Q2,PICHINCHA,perecedero,completo
Brocoli (Unidad aprox. 2 lb),0.47,0.48,2.0,313,4,2026,2,2026-04-Q2,PICHINCHA,perecedero,completo
Cebolla Blanca en Rama (Atado aprox. 2.2 lb),0.79,0.73,-8.0,313,4,2026,2,2026-04-Q2,PICHINCHA,perecedero,completo
Cebolla Colorada Nacional Seca (Malla aprox. 100 lb),31.0,32.52,5.0,313,4,2026,2,2026-04-Q2,PICHINCHA,perecedero,completo
Cebolla Perla Nacional Seca (Quintal aprox. 100 lb),19.78,24.67,25.0,313,4,2026,2,2026-04-Q2,PICHINCHA,perecedero,completo
Col (Bulto aprox. 120 lb),14.74,15.19,3.0,313,4,2026,2,2026-04-Q2,PICHINCHA,perecedero,completo
Frejol en Vaina - Gema (Bulto aprox. 110 lb),40.22,31.57,-22.0,313,4,2026,2,2026-04-Q2,PICHINCHA,perecedero,completo
Frutilla (Balde aprox. 25 lb),22.26,22.0,-1.0,313,4,2026,2,2026-04-Q2,PICHINCHA,perecedero,completo
Haba Tierna en Vaina (Saco aprox. 85 lb),12.15,13.24,9.0,313,4,2026,2,2026-04-Q2,PICHINCHA,perecedero,completo
Lechuga (Carton aprox. 30 lb),5.04,4.86,-4.0,313,4,2026,2,2026-04-Q2,PICHINCHA,perecedero,completo
Limon Sutil (Malla aprox. 80 lb),17.85,24.86,39.0,313,4,2026,2,2026-04-Q2,PICHINCHA,perecedero,completo
Maiz Suave Choclo (Saco aprox. 110 lb),,,,313,4,2026,2,2026-04-Q2,PICHINCHA,perecedero,invalido
Mandarina de la Costa (Ciento aprox. 30 lb),,,,313,4,2026,2,2026-04-Q2,PICHINCHA,perecedero,invalido
Manzana Importada (Carton aprox. 44 lb),33.7,31.33,-7.0,313,4,2026,2,2026-04-Q2,PICHINCHA,perecedero,completo
Maracuya (Funda aprox. 40 lb),13.37,12.19,-9.0,313,4,2026,2,2026-04-Q2,PICHINCHA,perecedero,completo
Mango de Chupar (Caja aprox. 55 lb),,,,313,4,2026,2,2026-04-Q2,PICHINCHA,perecedero,invalido
Melon (Unidad aprox. 5 lb),1.99,2.0,1.0,313,4,2026,2,2026-04-Q2,PICHINCHA,perecedero,completo
Mora de Castilla (Ilb),0.82,0.96,18.0,313,4,2026,2,2026-04-Q2,PICHINCHA,perecedero,completo
Naranja (Ciento aprox. 50 lb),,,,313,4,2026,2,2026-04-Q2,PICHINCHA,perecedero,invalido
Naranjilla Hibrida (Saco aprox. 110 lb),45.63,50.86,11.0,313,4,2026,2,2026-04-Q2,PICHINCHA,perecedero,completo
Papa Super chola (qq),19.37,19.81,2.0,313,4,2026,2,2026-04-Q2,PICHINCHA,perecedero,completo
Papaya Nacional (Unidad aprox. 7 lb),,,,313,4,2026,2,2026-04-Q2,PICHINCHA,perecedero,invalido
Pepinillo Pepino (Saco aprox. 67 lb),,,,313,4,2026,2,2026-04-Q2,PICHINCHA,perecedero,invalido
Pimiento (Saco aprox. 32.21 lb),12.45,7.24,-42.0,313,4,2026,2,2026-04-Q2,PICHINCHA,perecedero,completo
Pina (Unidad aprox. 5 lb),1.2,1.02,-15.0,313,4,2026,2,2026-04-Q2,PICHINCHA,perecedero,completo
Platano Barraganete Maduro (Racimo aprox. 160 lb),26.37,24.43,-7.0,313,4,2026,2,2026-04-Q2,PICHINCHA,perecedero,completo
Platano Barraganete Verde (Racimo aprox. 160 lb),26.37,24.43,-7.0,313,4,2026,2,2026-04-Q2,PICHINCHA,perecedero,completo
Remolacha (Saco aprox. 90 lb),8.15,8.95,10.0,313,4,2026,2,2026-04-Q2,PICHINCHA,perecedero,completo
Sandia Nacional (Unidad aprox. 17 lb),2.58,2.35,,313,4,2026,2,2026-04-Q2,PICHINCHA,perecedero,completo
Tomate de Arbol (Carton aprox. 22 lb),12.57,12.07,-4.0,313,4,2026,2,2026-04-Q2,PICHINCHA,perecedero,completo
Tomate Rinon de Invernadero (Carton aprox. 40 lb),13.74,11.83,-14.0,313,4,2026,2,2026-04-Q2,PICHINCHA,perecedero,completo
Uva Negra (Caja aprox. 22 lb),17.29,17.17,-1.0,313,4,2026,2,2026-04-Q2,PICHINCHA,perecedero,completo
Yuca (Funda aprox. 130 lb),35.52,24.71,-30.0,313,4,2026,2,2026-04-Q2,PICHINCHA,perecedero,completo
Zanahoria Amarilla (Saco aprox. 90 lb),7.41,8.28,12.0,313,4,2026,2,2026-04-Q2,PICHINCHA,perecedero,completo
Aceite Vegetal - Favorita (Caja aprox. 15 lt),33.0,33.0,0.0,313,4,2026,2,2026-04-Q2,AZUAY,no_perecedero,completo
Aroz Pilado Natural Grano Largo (qq),46.07,46.58,1.0,313,4,2026,2,2026-04-Q2,AZUAY,no_perecedero,completo
Arveja Seca (qq),43.4,41.59,-4.0,313,4,2026,2,2026-04-Q2,AZUAY,no_perecedero,completo
Avena Hojuelas (Saco aprox. 50 lb),19.47,20.17,4.0,313,4,2026,2,2026-04-Q2,AZUAY,no_perecedero,completo
Azucar Blanca (Saco aprox. 50 Kg),39.67,39.08,-1.0,313,4,2026,2,2026-04-Q2,AZUAY,no_perecedero,completo
Fideo Lazo Chico (Paca aprox. 20 Kg),22.0,22.0,0.0,313,4,2026,2,2026-04-Q2,AZUAY,no_perecedero,completo
Frejol Seco Canario (qq),119.0,122.5,3.0,313,4,2026,2,2026-04-Q2,AZUAY,no_perecedero,completo
Haba Seca (qq),77.67,73.33,-6.0,313,4,2026,2,2026-04-Q2,AZUAY,no_perecedero,completo
Huevo mediano (Cubeta 30 huevos),2.7,2.8,4.0,313,4,2026,2,2026-04-Q2,AZUAY,no_perecedero,completo
Lenteja (qq),54.0,56.25,4.0,313,4,2026,2,2026-04-Q2,AZUAY,no_perecedero,completo
Maiz Suave Seco Blanco - mote (qq),78.33,75.0,-4.0,313,4,2026,2,2026-04-Q2,AZUAY,no_perecedero,completo
Mani en Grano (qq) 00'06 92.50 3%,,,3.0,313,4,2026,2,2026-04-Q2,AZUAY,no_perecedero,invalido
Quinua (qq),120.0,126.67,6.0,313,4,2026,2,2026-04-Q2,AZUAY,no_perecedero,completo
Leche UHT - Entera (Funda de 1 l),1.03,1.0,-2.0,313,4,2026,2,2026-04-Q2,AZUAY,no_perecedero,completo
Yogurt (Ervase de 1 l),2.75,2.75,0.0,313,4,2026,2,2026-04-Q2,AZUAY,no_perecedero,completo
Bovino a la Canal (lb),2.15,2.15,0.0,313,4,2026,2,2026-04-Q2,AZUAY,no_perecedero,completo
Porcino a la Canal (lb),1.65,1.65,0.0,313,4,2026,2,2026-04-Q2,AZUAY,no_perecedero,completo
Pollo Faenado Con Visceras (lb),1.01,1.08,7.0,313,4,2026,2,2026-04-Q2,AZUAY,no_perecedero,completo
Aceite Vegetal - Favorita (Caja aprox. 15 lt),31.37,31.54,1.0,313,4,2026,2,2026-04-Q2,GUAYAS,no_perecedero,completo
Arroz Pilado Natural Grano Largo (qq),27.94,28.17,1.0,313,4,2026,2,2026-04-Q2,GUAYAS,no_perecedero,completo
Arveja Seca (qq),,,,313,4,2026,2,2026-04-Q2,GUAYAS,no_perecedero,invalido
Avena Hojuelas (Saco aprox. 50 lb),16.69,16.9,1.0,313,4,2026,2,2026-04-Q2,GUAYAS,no_perecedero,completo
Azucar Blanca (Saco aprox. 50 Kg),40.46,40.29,0.0,313,4,2026,2,2026-04-Q2,GUAYAS,no_perecedero,completo
Fideo Lazo Chico (Paca aprox. 10 Kg),10.96,11.52,5.0,313,4,2026,2,2026-04-Q2,GUAYAS,no_perecedero,completo
Frejol Seco Canario (qq),114.33,118.6,4.0,313,4,2026,2,2026-04-Q2,GUAYAS,no_perecedero,completo
Haba Seca (qq),,,,313,4,2026,2,2026-04-Q2,GUAYAS,no_perecedero,invalido
Huevo mediano (Cubeta 30 huevos),3.19,3.45,8.0,313,4,2026,2,2026-04-Q2,GUAYAS,no_perecedero,completo
Lenteja (qq),56.37,52.63,-7.0,313,4,2026,2,2026-04-Q2,GUAYAS,no_perecedero,completo
Maiz Suave Seco Blanco - mote (qq),65.79,67.87,3.0,313,4,2026,2,2026-04-Q2,GUAYAS,no_perecedero,completo
Mani en Grano (qq),85.92,79.09,-8.0,313,4,2026,2,2026-04-Q2,GUAYAS,no_perecedero,completo
Quinua (qq),,,,313,4,2026,2,2026-04-Q2,GUAYAS,no_perecedero,invalido
Leche UHT - Entera (Funda de 1 l),0.88,0.88,0.0,313,4,2026,2,2026-04-Q2,GUAYAS,no_perecedero,completo
Yogurt (Envase de 1 l),1.71,1.74,2.0,313,4,2026,2,2026-04-Q2,GUAYAS,no_perecedero,completo
Bovino a la Canal (lb),2.17,2.18,0.0,313,4,2026,2,2026-04-Q2,GUAYAS,no_perecedero,completo
Porcino a la Canal (lb),1.91,1.92,1.0,313,4,2026,2,2026-04-Q2,GUAYAS,no_perecedero,completo
Pollo Faenado Con Visceras (lb),1.12,1.07,-5.0,313,4,2026,2,2026-04-Q2,GUAYAS,no_perecedero,completo
Aceite Vegetal - Favorita (Caja aprox. 15 lt),33.17,34.79,5.0,313,4,2026,2,2026-04-Q2,PICHINCHA,no_perecedero,completo
Arroz Pilado Natural Grano Largo (qq),54.33,54.33,0.0,313,4,2026,2,2026-04-Q2,PICHINCHA,no_perecedero,completo
Arveja Seca (qq),49.0,49.0,0.0,313,4,2026,2,2026-04-Q2,PICHINCHA,no_perecedero,completo
Avena Hojuelas (Saco aprox. 50 lb),16.5,16.5,0.0,313,4,2026,2,2026-04-Q2,PICHINCHA,no_perecedero,completo
Azucar Blanca (Saco aprox. 50 Kg),35.5,35.5,0.0,313,4,2026,2,2026-04-Q2,PICHINCHA,no_perecedero,completo
Fideo Lazo Chico (Paca aprox. 20 Kg),21.67,21.67,0.0,313,4,2026,2,2026-04-Q2,PICHINCHA,no_perecedero,completo
Frejol Seco Canario (qq),112.78,120.24,7.0,313,4,2026,2,2026-04-Q2,PICHINCHA,no_perecedero,completo
Haba Seca (qq),141.11,145.0,3.0,313,4,2026,2,2026-04-Q2,PICHINCHA,no_perecedero,completo
Huevo mediano (Cubeta 30 huevos),3.25,3.39,4.0,313,4,2026,2,2026-04-Q2,PICHINCHA,no_perecedero,completo
Lenteja (qq),64.0,59.67,-7.0,313,4,2026,2,2026-04-Q2,PICHINCHA,no_perecedero,completo
Maiz Suave Seco Blanco - mote (qq),56.67,56.67,0.0,313,4,2026,2,2026-04-Q2,PICHINCHA,no_perecedero,completo
Mani en Grano (qq),97.59,83.33,-15.0,313,4,2026,2,2026-04-Q2,PICHINCHA,no_perecedero,completo
Quinua (qq),123.33,124.33,1.0,313,4,2026,2,2026-04-Q2,PICHINCHA,no_perecedero,completo
Leche UHT,,0.78,,313,4,2026,2,2026-04-Q2,PICHINCHA,no_perecedero,parcial
Yogurt (Ervase de 1 l),2.08,2.08,0.0,313,4,2026,2,2026-04-Q2,PICHINCHA,no_perecedero,completo
Bovino a la Canal (lb),1.88,1.93,,313,4,2026,2,2026-04-Q2,PICHINCHA,no_perecedero,completo
Porcino a la Canal (lb),1.86,1.88,,313,4,2026,2,2026-04-Q2,PICHINCHA,no_perecedero,completo
Pollo Faenado Con Visceras (lb),,,,313,4,2026,2,2026-04-Q2,PICHINCHA,no_perecedero,invalido
Aguacate Fuerte (Ciento aprox. 55 lb),60.0,61.67,3.0,312,4,2026,1,2026-04-Q1,AZUAY,perecedero,completo
Ajo Bulbo Seco (Malla aprox. 22 lb),19.88,22.33,12.0,312,4,2026,1,2026-04-Q1,AZUAY,perecedero,completo
Arveja Tierna en Vaina-Quantum (Saco aprox. 60 lb),32.0,25.0,-22.0,312,4,2026,1,2026-04-Q1,AZUAY,perecedero,completo
Banano (Guineo) (Carton aprox. 40 lb),8.5,8.0,-6.0,312,4,2026,1,2026-04-Q1,AZUAY,perecedero,completo
Brocoli (Unidad aprox. 2 lb),0.71,0.8,12.0,312,4,2026,1,2026-04-Q1,AZUAY,perecedero,completo
Cebolla Blanca en Rama (Atado aprox. 5 lb),2.0,2.0,0.0,312,4,2026,1,2026-04-Q1,AZUAY,perecedero,completo
Cebolla Colorada Nacional Seca (Malla aprox. 100 lb),37.0,41.33,12.0,312,4,2026,1,2026-04-Q1,AZUAY,perecedero,completo
Cebolla Perla Nacional Seca (Malla aprox. 100 lb),28.13,35.0,24.0,312,4,2026,1,2026-04-Q1,AZUAY,perecedero,completo
Col (Unidad aprox. 13 lb),1.22,1.25,3.0,312,4,2026,1,2026-04-Q1,AZUAY,perecedero,completo
Frejol Tiemo en Vaina Canario (Saco aprox. 55 lb),38.5,40.0,4.0,312,4,2026,1,2026-04-Q1,AZUAY,perecedero,completo
Frutilla (Balde aprox. 30 lb),27.38,25.0,-9.0,312,4,2026,1,2026-04-Q1,AZUAY,perecedero,completo
Haba Tierna en Vaina (Saco aprox. 70 lb),14.38,13.33,-7.0,312,4,2026,1,2026-04-Q1,AZUAY,perecedero,completo
Lechuga (Bulto aprox. 85 lb),11.75,10.67,-9.0,312,4,2026,1,2026-04-Q1,AZUAY,perecedero,completo
Limon Sutil (Malla aprox. 95 lb),27.38,26.33,-4.0,312,4,2026,1,2026-04-Q1,AZUAY,perecedero,completo
Maiz Suave Choclo (Saco aprox. 100 lb),24.75,26.0,5.1,312,4,2026,1,2026-04-Q1,AZUAY,perecedero,completo
Mandarina de la Costa (Ciento aprox. 30 lb),,,,312,4,2026,1,2026-04-Q1,AZUAY,perecedero,invalido
Manzana Importada (Carton aprox. 44 lb),32.13,30.0,-7.0,312,4,2026,1,2026-04-Q1,AZUAY,perecedero,completo
Maracuya (Saco aprox. 40 lb),16.0,14.0,-13.0,312,4,2026,1,2026-04-Q1,AZUAY,perecedero,completo
Mango de Chupar (Caja aprox. 55 lb),,,,312,4,2026,1,2026-04-Q1,AZUAY,perecedero,invalido
Melon (Unidad aprox. 5 lb),2.81,2.83,1.0,312,4,2026,1,2026-04-Q1,AZUAY,perecedero,completo
Mora de Castilla (Caja aprox. 5 lb),5.44,6.17,13.0,312,4,2026,1,2026-04-Q1,AZUAY,perecedero,completo
Naranja (Malla aprox. 100 lb),16.63,14.33,-14.0,312,4,2026,1,2026-04-Q1,AZUAY,perecedero,completo
Naranjilla Hibrida (Caja aprox. 30 lb),18.25,19.0,4.0,312,4,2026,1,2026-04-Q1,AZUAY,perecedero,completo
Papa Super Chola (Quintal aprox. 100 lb),21.25,21.67,2.0,312,4,2026,1,2026-04-Q1,AZUAY,perecedero,completo
Papaya Nacional (Unidad aprox. 4 lb),,,,312,4,2026,1,2026-04-Q1,AZUAY,perecedero,invalido
Pepinillo Pepino (Saco aprox. 45 lb),,,,312,4,2026,1,2026-04-Q1,AZUAY,perecedero,invalido
Pimiento (Saco aprox. 45 lb),14.0,15.0,7.0,312,4,2026,1,2026-04-Q1,AZUAY,perecedero,completo
Pina (Docena aprox. 65 lb),20.5,20.0,-2.0,312,4,2026,1,2026-04-Q1,AZUAY,perecedero,completo
Platano Barraganete Maduro (Caja aprox. 105 lb),31.88,35.0,10.0,312,4,2026,1,2026-04-Q1,AZUAY,perecedero,completo
Platano Barraganete Verde (Caja aprox. 105 lb),31.88,35.0,10.0,312,4,2026,1,2026-04-Q1,AZUAY,perecedero,completo
Remolacha (Saco aprox. 70 lb),8.38,8.0,-4.0,312,4,2026,1,2026-04-Q1,AZUAY,perecedero,completo
Sandia Nacional (Unidad aprox. 6 lb),2.25,2.0,-11.0,312,4,2026,1,2026-04-Q1,AZUAY,perecedero,completo
Tomate de Arbol (Carton aprox. 22 lb),12.88,12.0,-7.0,312,4,2026,1,2026-04-Q1,AZUAY,perecedero,completo
Tomate Rinon de Invernadero (Gaveta aprox. 40 lb),18.25,16.0,-12.0,312,4,2026,1,2026-04-Q1,AZUAY,perecedero,completo
Uva Negra (Caja aprox. 22 lb),,,,312,4,2026,1,2026-04-Q1,AZUAY,perecedero,invalido
Yuca (Funda aprox. 90 lb),28.0,28.0,0.0,312,4,2026,1,2026-04-Q1,AZUAY,perecedero,completo
Zanahoria Amarilla (Saco aprox. 70 lb),12.13,9.33,-23.0,312,4,2026,1,2026-04-Q1,AZUAY,perecedero,completo
Aguacate Fuerte (Carton aprox. 22 lb),20.17,21.75,8.0,312,4,2026,1,2026-04-Q1,GUAYAS,perecedero,completo
Ajo Bulbo Seco (Malla aprox. 22 lb),16.75,19.33,15.0,312,4,2026,1,2026-04-Q1,GUAYAS,perecedero,completo
Arveja Tierna en Vaina-Quantum (Saco aprox. 60 lb),54.71,64.83,19.0,312,4,2026,1,2026-04-Q1,GUAYAS,perecedero,completo
Banano (Guineo) (Carton aprox. 65 lb),6.6,7.46,13.0,312,4,2026,1,2026-04-Q1,GUAYAS,perecedero,completo
Brocoli (Unidad aprox. 2 lb),0.59,0.65,10.0,312,4,2026,1,2026-04-Q1,GUAYAS,perecedero,completo
Cebolla Blanca en Rama (Atado aprox. 5 lb),1.18,1.16,-1.0,312,4,2026,1,2026-04-Q1,GUAYAS,perecedero,completo
Cebolla Colorada Nacional Seca (Malla aprox. 100 lb),29.37,41.33,41.0,312,4,2026,1,2026-04-Q1,GUAYAS,perecedero,completo
Cebolla Perla Nacional Seca (Malla aprox. 100 lb),24.25,31.33,29.0,312,4,2026,1,2026-04-Q1,GUAYAS,perecedero,completo
Col (Malla aprox. 105 lb),12.95,13.59,5.0,312,4,2026,1,2026-04-Q1,GUAYAS,perecedero,completo
Frejol en Vaina - Gema (Bulto aprox. 110 lb),54.77,46.83,-14.0,312,4,2026,1,2026-04-Q1,GUAYAS,perecedero,completo
Frutilla (Balde aprox. 30 lb),28.08,24.54,-13.0,312,4,2026,1,2026-04-Q1,GUAYAS,perecedero,completo
Haba Tierna en Vaina (Saco aprox. 70 lb),9.94,10.33,4.0,312,4,2026,1,2026-04-Q1,GUAYAS,perecedero,completo
Lechuga (Bulto aprox. 85 lb),8.92,6.5,-27.0,312,4,2026,1,2026-04-Q1,GUAYAS,perecedero,completo
Limon Sutil (Malla aprox. 80 lb) 16.08,,,,312,4,2026,1,2026-04-Q1,GUAYAS,perecedero,invalido
Maiz Suave Choclo (Saco aprox. 110 lb),31.56,25.0,-21.0,312,4,2026,1,2026-04-Q1,GUAYAS,perecedero,completo
Mandarina de la Costa (Ciento aprox. 30 lb),,,,312,4,2026,1,2026-04-Q1,GUAYAS,perecedero,invalido
Manzana Importada (Carton aprox. 44 lb),36.25,36.33,0.0,312,4,2026,1,2026-04-Q1,GUAYAS,perecedero,completo
Maracuya (Ciento aprox. 40 lb),19.29,21.33,11.0,312,4,2026,1,2026-04-Q1,GUAYAS,perecedero,completo
Mango de Chupar (Caja aprox. 55 lb),,,,312,4,2026,1,2026-04-Q1,GUAYAS,perecedero,invalido
Melon (Docena aprox. 65 lb) 20.33,,,,312,4,2026,1,2026-04-Q1,GUAYAS,perecedero,invalido
Mora de Castilla (Balde aprox. 15 lb),15.21,15.5,2.0,312,4,2026,1,2026-04-Q1,GUAYAS,perecedero,completo
Naranja (Ciento aprox. 50 lb),9.65,7.0,-27.0,312,4,2026,1,2026-04-Q1,GUAYAS,perecedero,completo
Naranjilla Hibrida (Caja aprox. 30 lb),16.58,17.42,5.0,312,4,2026,1,2026-04-Q1,GUAYAS,perecedero,completo
Papa Super Chola (Quintal aprox. 100 lb),23.54,26.34,12.0,312,4,2026,1,2026-04-Q1,GUAYAS,perecedero,completo
Papaya Nacional (Docena aprox. 80 lb),,,,312,4,2026,1,2026-04-Q1,GUAYAS,perecedero,invalido
Pepinillo Pepino (Docena aprox. 12 lb),3.03,2.29,-24.0,312,4,2026,1,2026-04-Q1,GUAYAS,perecedero,completo
Pimiento (Saco aprox. 80 lb),34.54,25.83,-25.0,312,4,2026,1,2026-04-Q1,GUAYAS,perecedero,completo
Pina (Docena aprox. 65 lb),13.35,12.42,-7.0,312,4,2026,1,2026-04-Q1,GUAYAS,perecedero,completo
Platano Barraganete Maduro (Carton aprox. 70 lb),8.98,8.33,-7.0,312,4,2026,1,2026-04-Q1,GUAYAS,perecedero,completo
Platano Barraganete Verde (Carton aprox. 70 lb),8.98,8.33,-7.0,312,4,2026,1,2026-04-Q1,GUAYAS,perecedero,completo
Remolacha (Saco aprox. 80 lb),11.17,12.42,11.0,312,4,2026,1,2026-04-Q1,GUAYAS,perecedero,completo
Sandia Nacional (Docena aprox. 205 lb),,,,312,4,2026,1,2026-04-Q1,GUAYAS,perecedero,invalido
Tomate de Arbol (Carton aprox. 22 lb),11.52,11.92,3.0,312,4,2026,1,2026-04-Q1,GUAYAS,perecedero,completo
Tomate Rinon de Invernadero (Carton aprox. 55 lb),18.17,15.17,-17.0,312,4,2026,1,2026-04-Q1,GUAYAS,perecedero,completo
Uva Negra (Caja aprox. 10 lb),,,,312,4,2026,1,2026-04-Q1,GUAYAS,perecedero,invalido
Yuca (Saco aprox. 190 lb),54.73,55.33,1.0,312,4,2026,1,2026-04-Q1,GUAYAS,perecedero,completo
Zanahoria Amarilla (Saco aprox. 70 lb),8.31,10.5,26.0,312,4,2026,1,2026-04-Q1,GUAYAS,perecedero,completo
Aguacate Fuerte (Ciento aprox. 55 lb),37.41,43.89,17.0,312,4,2026,1,2026-04-Q1,PICHINCHA,perecedero,completo
Ajo Bulbo Seco (Malla aprox. 22 lb),17.26,20.22,17.0,312,4,2026,1,2026-04-Q1,PICHINCHA,perecedero,completo
Arveja Tierna en Vaina-Quantum (Bulto aprox. 110 lb),78.33,45.11,-42.0,312,4,2026,1,2026-04-Q1,PICHINCHA,perecedero,completo
Banano (Guineo) (Carton aprox. 65 lb),15.67,15.67,0.0,312,4,2026,1,2026-04-Q1,PICHINCHA,perecedero,completo
Brocoli (Unidad aprox. 2 lb),0.47,0.41,-12.0,312,4,2026,1,2026-04-Q1,PICHINCHA,perecedero,completo
Cebolla Blanca en Rama (Atado aprox. 2.2 lb),0.79,0.76,-3.0,312,4,2026,1,2026-04-Q1,PICHINCHA,perecedero,completo
Cebolla Colorada Nacional Seca (Malla aprox. 100 lb),31.0,35.56,15.0,312,4,2026,1,2026-04-Q1,PICHINCHA,perecedero,completo
Cebolla Perla Nacional Seca (Quintal aprox. 100 lb),19.78,23.33,18.0,312,4,2026,1,2026-04-Q1,PICHINCHA,perecedero,completo
Col (Bulto aprox. 120 lb),14.74,16.44,12.0,312,4,2026,1,2026-04-Q1,PICHINCHA,perecedero,completo
Frejol en Vaina - Gema (Bulto aprox. 110 lb),40.22,31.89,-21.0,312,4,2026,1,2026-04-Q1,PICHINCHA,perecedero,completo
Frutilla (Balde aprox. 25 lb),22.26,21.44,-4.0,312,4,2026,1,2026-04-Q1,PICHINCHA,perecedero,completo
Haba Tierna en Vaina (Saco aprox. 85 lb),12.15,14.44,19.0,312,4,2026,1,2026-04-Q1,PICHINCHA,perecedero,completo
Lechuga (Carton aprox. 30 lb),5.04,4.78,-5.0,312,4,2026,1,2026-04-Q1,PICHINCHA,perecedero,completo
Limon Sutil (Malla aprox. 80 lb),17.85,25.22,41.0,312,4,2026,1,2026-04-Q1,PICHINCHA,perecedero,completo
Maiz Suave Choclo (Saco aprox. 110 lb),,,,312,4,2026,1,2026-04-Q1,PICHINCHA,perecedero,invalido
Mandarina de la Costa (Ciento aprox. 30 lb),,,,312,4,2026,1,2026-04-Q1,PICHINCHA,perecedero,invalido
Manzana Importada (Carton aprox. 44 lb),33.7,31.33,-7.0,312,4,2026,1,2026-04-Q1,PICHINCHA,perecedero,completo
Maracuya (Funda aprox. 40 lb),13.37,10.33,-23.0,312,4,2026,1,2026-04-Q1,PICHINCHA,perecedero,completo
Mango de Chupar (Caja aprox. 55 lb),,,,312,4,2026,1,2026-04-Q1,PICHINCHA,perecedero,invalido
Melon (Unidad aprox. 5 lb) 1.99,,,,312,4,2026,1,2026-04-Q1,PICHINCHA,perecedero,invalido
Mora de Castilla (lb),0.82,0.93,14.0,312,4,2026,1,2026-04-Q1,PICHINCHA,perecedero,completo
Naranja (Ciento aprox. 50 lb),,,,312,4,2026,1,2026-04-Q1,PICHINCHA,perecedero,invalido
Naranjilla Hibrida (Saco aprox. 110 lb),45.63,50.0,10.0,312,4,2026,1,2026-04-Q1,PICHINCHA,perecedero,completo
Papa Super chola (qq),19.37,19.56,1.0,312,4,2026,1,2026-04-Q1,PICHINCHA,perecedero,completo
Papaya Nacional (Unidad aprox. 7 lb),,,,312,4,2026,1,2026-04-Q1,PICHINCHA,perecedero,invalido
Pepinillo Pepino (Saco aprox. 67 lb),,,,312,4,2026,1,2026-04-Q1,PICHINCHA,perecedero,invalido
Pimiento (Saco aprox. 32.21 lb),12.45,8.89,-29.0,312,4,2026,1,2026-04-Q1,PICHINCHA,perecedero,completo
Pina (Unidad aprox. 5 lb),1.2,1.04,-13.0,312,4,2026,1,2026-04-Q1,PICHINCHA,perecedero,completo
Platano Barraganete Maduro (Racimo aprox. 160 lb),26.37,24.67,-6.0,312,4,2026,1,2026-04-Q1,PICHINCHA,perecedero,completo
Platano Barraganete Verde (Racimo aprox. 160 lb),26.37,24.67,-6.0,312,4,2026,1,2026-04-Q1,PICHINCHA,perecedero,completo
Remolacha (Saco aprox. 90 lb),8.15,8.45,4.0,312,4,2026,1,2026-04-Q1,PICHINCHA,perecedero,completo
Sandia Nacional (Unidad aprox. 17 lb),2.58,2.44,,312,4,2026,1,2026-04-Q1,PICHINCHA,perecedero,completo
Tomate de Arbol (Carton aprox. 22 lb),12.57,12.11,-4.0,312,4,2026,1,2026-04-Q1,PICHINCHA,perecedero,completo
Tomate Rinon de Invernadero (Carton aprox. 40 lb),13.74,12.22,-11.0,312,4,2026,1,2026-04-Q1,PICHINCHA,perecedero,completo
Uva Negra (Caja aprox. 22 lb),17.29,17.5,1.0,312,4,2026,1,2026-04-Q1,PICHINCHA,perecedero,completo
Yuca (Funda aprox. 130 lb),35.52,31.33,-12.0,312,4,2026,1,2026-04-Q1,PICHINCHA,perecedero,completo
Zanahoria Amarilla (Saco aprox. 90 lb),7.41,8.44,14.0,312,4,2026,1,2026-04-Q1,PICHINCHA,perecedero,completo
Aceite Vegetal - Favorita (Caja aprox. 15 lt),33.0,33.0,0.0,312,4,2026,1,2026-04-Q1,AZUAY,no_perecedero,completo
Arroz Pilado Natural Grano Largo (qq),47.0,45.84,-2.0,312,4,2026,1,2026-04-Q1,AZUAY,no_perecedero,completo
Arveja Seca (qq),44.0,43.5,-1.0,312,4,2026,1,2026-04-Q1,AZUAY,no_perecedero,completo
Avena Hojuelas (Saco aprox. 50 lb),20.0,19.5,-3.0,312,4,2026,1,2026-04-Q1,AZUAY,no_perecedero,completo
Azucar Blanca (Saco aprox. 50 Kg),39.34,40.5,3.0,312,4,2026,1,2026-04-Q1,AZUAY,no_perecedero,completo
Fideo Lazo Chico (Paca aprox. 20 Kg),22.0,22.0,0.0,312,4,2026,1,2026-04-Q1,AZUAY,no_perecedero,completo
Frejol Seco Canario (qq),114.17,119.17,4.0,312,4,2026,1,2026-04-Q1,AZUAY,no_perecedero,completo
Haba Seca (qq),80.0,76.67,-4.0,312,4,2026,1,2026-04-Q1,AZUAY,no_perecedero,completo
Huevo mediano (Cubeta 30 huevos),2.6,2.65,2.0,312,4,2026,1,2026-04-Q1,AZUAY,no_perecedero,completo
Lenteja (qq),60.67,55.0,-9.0,312,4,2026,1,2026-04-Q1,AZUAY,no_perecedero,completo
Maiz Suave Seco Blanco - mote (qq),73.34,77.5,6.0,312,4,2026,1,2026-04-Q1,AZUAY,no_perecedero,completo
Mani en Grano (qq),98.34,93.34,-5.0,312,4,2026,1,2026-04-Q1,AZUAY,no_perecedero,completo
Quinua (qq),118.34,118.34,0.0,312,4,2026,1,2026-04-Q1,AZUAY,no_perecedero,completo
Leche UHT - Entera (Funda de 1 l),1.05,1.03,-2.0,312,4,2026,1,2026-04-Q1,AZUAY,no_perecedero,completo
Yogurt (Ervase de 1 l),2.75,2.75,0.0,312,4,2026,1,2026-04-Q1,AZUAY,no_perecedero,completo
Bovino a la Canal (lb),2.15,2.15,0.0,312,4,2026,1,2026-04-Q1,AZUAY,no_perecedero,completo
Porcino a la Canal (lb),1.65,1.65,0.0,312,4,2026,1,2026-04-Q1,AZUAY,no_perecedero,completo
Pollo Faenado Con Visceras (lb) 1.01,,,,312,4,2026,1,2026-04-Q1,AZUAY,no_perecedero,invalido
WaGP.SiPA,,,,312,4,2026,1,2026-04-Q1,AZUAY,no_perecedero,invalido
Aceite Vegetal - Favorita (Caja aprox. 15 lt),31.33,31.46,0.0,312,4,2026,1,2026-04-Q1,GUAYAS,no_perecedero,completo
AIroz Pilado Natural Grano Largo (qq),29.33,27.75,-5.0,312,4,2026,1,2026-04-Q1,GUAYAS,no_perecedero,completo
Arveja Seca (qq),,,,312,4,2026,1,2026-04-Q1,GUAYAS,no_perecedero,invalido
Avena Hojuelas (Saco aprox. 50 lb),17.33,16.88,-3.0,312,4,2026,1,2026-04-Q1,GUAYAS,no_perecedero,completo
Azucar Blanca (Saco aprox. 50 Kg),37.33,40.5,8.0,312,4,2026,1,2026-04-Q1,GUAYAS,no_perecedero,completo
Fideo Lazo Chico (Paca aprox. 10 Kg),11.33,10.88,-4.0,312,4,2026,1,2026-04-Q1,GUAYAS,no_perecedero,completo
Frejol Seco Canario (qq),115.33,113.92,-1.0,312,4,2026,1,2026-04-Q1,GUAYAS,no_perecedero,completo
Haba Seca (qq),,,,312,4,2026,1,2026-04-Q1,GUAYAS,no_perecedero,invalido
Huevo mediano (Cubeta 30 huevos),2.73,3.0,10.0,312,4,2026,1,2026-04-Q1,GUAYAS,no_perecedero,completo
Lenteja (qq),65.33,57.25,-12.0,312,4,2026,1,2026-04-Q1,GUAYAS,no_perecedero,completo
Maiz Suave Seco Blanco - mote (qq),62.33,64.75,4.0,312,4,2026,1,2026-04-Q1,GUAYAS,no_perecedero,completo
Mani en Grano (qq),90.33,87.33,-3.0,312,4,2026,1,2026-04-Q1,GUAYAS,no_perecedero,completo
Quinua (qq),,,,312,4,2026,1,2026-04-Q1,GUAYAS,no_perecedero,invalido
Leche UHT - Entera (Funda de 1 l),0.88,0.88,0.0,312,4,2026,1,2026-04-Q1,GUAYAS,no_perecedero,completo
Yogurt (Envase de 1 l),1.71,1.71,0.0,312,4,2026,1,2026-04-Q1,GUAYAS,no_perecedero,completo
Bovino a la Canal (lb),2.17,2.18,0.0,312,4,2026,1,2026-04-Q1,GUAYAS,no_perecedero,completo
Porcino a la Canal (lb),1.91,1.92,1.0,312,4,2026,1,2026-04-Q1,GUAYAS,no_perecedero,completo
Pollo Faenado Con Visceras (lb) 1.12,,,,312,4,2026,1,2026-04-Q1,GUAYAS,no_perecedero,invalido
Aceite Vegetal - Favorita (Caja aprox. 15 lt) 33.17,33.17,7.0,,312,4,2026,1,2026-04-Q1,PICHINCHA,no_perecedero,completo
Arroz Pilado Natural Grano Largo (qq),54.33,54.33,0.0,312,4,2026,1,2026-04-Q1,PICHINCHA,no_perecedero,completo
Arveja Seca (qq),46.0,49.0,7.0,312,4,2026,1,2026-04-Q1,PICHINCHA,no_perecedero,completo
Avena Hojuelas (Saco aprox. 50 lb),16.5,16.5,,312,4,2026,1,2026-04-Q1,PICHINCHA,no_perecedero,completo
Azucar Blanca (Saco aprox. 50 Kg),35.67,35.5,0.0,312,4,2026,1,2026-04-Q1,PICHINCHA,no_perecedero,completo
Fideo Lazo Chico (Paca aprox. 20 Kg),21.67,21.67,0.0,312,4,2026,1,2026-04-Q1,PICHINCHA,no_perecedero,completo
Frejol Seco Canario (qq),110.0,111.67,2.0,312,4,2026,1,2026-04-Q1,PICHINCHA,no_perecedero,completo
Haba Seca (qq),138.34,140.0,1.0,312,4,2026,1,2026-04-Q1,PICHINCHA,no_perecedero,completo
Huevo mediano (Cubeta 30 huevos),2.75,2.94,7.0,312,4,2026,1,2026-04-Q1,PICHINCHA,no_perecedero,completo
Lenteja (qq),65.17,64.0,-2.0,312,4,2026,1,2026-04-Q1,PICHINCHA,no_perecedero,completo
Maiz Suave Seco Blanco - mote (qq),56.67,56.67,0.0,312,4,2026,1,2026-04-Q1,PICHINCHA,no_perecedero,completo
Mani en Grano (qq),101.67,101.67,0.0,312,4,2026,1,2026-04-Q1,PICHINCHA,no_perecedero,completo
Quinua (qq),123.0,123.33,0.0,312,4,2026,1,2026-04-Q1,PICHINCHA,no_perecedero,completo
Leche UHT,,0.78,,312,4,2026,1,2026-04-Q1,PICHINCHA,no_perecedero,parcial
Yogurt (Envase de 1 l),2.08,2.2,6.0,312,4,2026,1,2026-04-Q1,PICHINCHA,no_perecedero,completo
Bovino a la Canal (lb),1.88,1.93,,312,4,2026,1,2026-04-Q1,PICHINCHA,no_perecedero,completo
Porcino a la Canal (lb),1.86,1.88,,312,4,2026,1,2026-04-Q1,PICHINCHA,no_perecedero,completo
Pollo Faenado Con Visceras (lb),,,,312,4,2026,1,2026-04-Q1,PICHINCHA,no_perecedero,invalido
Aguacate Fuerte (Ciento aprox. 55 lb),51.67,60.0,16.0,311,3,2026,2,2026-03-Q2,AZUAY,perecedero,completo
Ajo Bulbo Seco (Malla aprox. 22 lb),18.0,19.88,10.0,311,3,2026,2,2026-03-Q2,AZUAY,perecedero,completo
Arveja Tierna en Vaina-Quantum (Saco aprox. 60 lb),21.5,32.0,49.0,311,3,2026,2,2026-03-Q2,AZUAY,perecedero,completo
Banano (Guineo) (Carton aprox. 40 lb),9.0,8.5,-6.0,311,3,2026,2,2026-03-Q2,AZUAY,perecedero,completo
Brocoli (Unidad aprox. 2 lb),0.76,0.71,-6.0,311,3,2026,2,2026-03-Q2,AZUAY,perecedero,completo
Cebolla Blanca en Rama (Atado aprox. 5 lb),2.0,2.0,0.0,311,3,2026,2,2026-03-Q2,AZUAY,perecedero,completo
Cebolla Colorada Nacional Seca (Malla aprox. 100 lb),28.5,37.0,30.0,311,3,2026,2,2026-03-Q2,AZUAY,perecedero,completo
Cebolla Perla Nacional Seca (Malla aprox. 100 lb),21.33,28.13,32.0,311,3,2026,2,2026-03-Q2,AZUAY,perecedero,completo
Col (Unidad aprox. 13 lb),1.21,1.22,1.0,311,3,2026,2,2026-03-Q2,AZUAY,perecedero,completo
Frejol Tiemo en Vaina Canario (Saco aprox. 55 lb),31.33,38.5,23.0,311,3,2026,2,2026-03-Q2,AZUAY,perecedero,completo
Frutilla (Balde aprox. 30 lb),27.17,27.38,1.0,311,3,2026,2,2026-03-Q2,AZUAY,perecedero,completo
Haba Tierna en Vaina (Saco aprox. 70 lb),16.0,14.38,-10.0,311,3,2026,2,2026-03-Q2,AZUAY,perecedero,completo
Lechuga (Bulto aprox. 85 lb),11.67,11.75,1.0,311,3,2026,2,2026-03-Q2,AZUAY,perecedero,completo
Limon Sutil (Malla aprox. 95 lb),26.83,27.38,2.0,311,3,2026,2,2026-03-Q2,AZUAY,perecedero,completo
Maiz Suave Choclo (Saco aprox. 100 lb),30.0,24.75,-17.5,311,3,2026,2,2026-03-Q2,AZUAY,perecedero,completo
Mandarina de la Costa (Ciento aprox. 30 lb),,,,311,3,2026,2,2026-03-Q2,AZUAY,perecedero,invalido
Manzana Importada (Carton aprox. 44 lb),38.0,32.13,-15.0,311,3,2026,2,2026-03-Q2,AZUAY,perecedero,completo
Maracuya (Saco aprox. 40 lb),13.67,16.0,17.0,311,3,2026,2,2026-03-Q2,AZUAY,perecedero,completo
Mango de Chupar (Caja aprox. 55 lb),,,,311,3,2026,2,2026-03-Q2,AZUAY,perecedero,invalido
Melon (Unidad aprox. 5 lb),2.08,2.81,35.0,311,3,2026,2,2026-03-Q2,AZUAY,perecedero,completo
Mora de Castilla (Caja aprox. 5 lb),5.17,5.44,5.0,311,3,2026,2,2026-03-Q2,AZUAY,perecedero,completo
Naranja (Malla aprox. 100 lb),23.33,16.63,-29.0,311,3,2026,2,2026-03-Q2,AZUAY,perecedero,completo
Naranjlla Hibrida (Caja aprox. 30 lb),17.5,18.25,4.0,311,3,2026,2,2026-03-Q2,AZUAY,perecedero,completo
Papa Super Chola (Quintal aprox. 100 lb),25.33,21.25,-16.0,311,3,2026,2,2026-03-Q2,AZUAY,perecedero,completo
Papaya Nacional (Unidad aprox. 4 lb),,,,311,3,2026,2,2026-03-Q2,AZUAY,perecedero,invalido
Pepinillo Pepino (Saco aprox. 45 lb),,,,311,3,2026,2,2026-03-Q2,AZUAY,perecedero,invalido
Pimiento (Saco aprox. 45 lb),10.33,14.0,35.0,311,3,2026,2,2026-03-Q2,AZUAY,perecedero,completo
Pina (Docena aprox. 65 lb),20.67,20.5,-1.0,311,3,2026,2,2026-03-Q2,AZUAY,perecedero,completo
Platano Barraganete Maduro (Caja aprox. 105 lb),44.17,31.88,-28.0,311,3,2026,2,2026-03-Q2,AZUAY,perecedero,completo
Platano Barraganete Verde (Caja aprox. 105 lb),44.17,31.88,-28.0,311,3,2026,2,2026-03-Q2,AZUAY,perecedero,completo
Remolacha (Saco aprox. 70 lb),8.5,8.38,-1.0,311,3,2026,2,2026-03-Q2,AZUAY,perecedero,completo
Sandia Nacional (Unidad aprox. 6 lb),2.0,2.25,13.0,311,3,2026,2,2026-03-Q2,AZUAY,perecedero,completo
Tomate de Arbol (Carton aprox. 22 lb),13.0,12.88,-1.0,311,3,2026,2,2026-03-Q2,AZUAY,perecedero,completo
Tomate Rinon de Invernadero (Gaveta aprox. 40 lb),15.83,18.25,15.0,311,3,2026,2,2026-03-Q2,AZUAY,perecedero,completo
Uva Negra (Caja aprox. 22 lb),,,,311,3,2026,2,2026-03-Q2,AZUAY,perecedero,invalido
Yuca (Funda aprox. 90 lb),28.0,28.0,0.0,311,3,2026,2,2026-03-Q2,AZUAY,perecedero,completo
Zanahoria Amarilla (Saco aprox. 70 lb),13.0,12.13,-7.0,311,3,2026,2,2026-03-Q2,AZUAY,perecedero,completo
Aguacate Fuerte (Carton aprox. 22 lb),20.19,20.17,0.0,311,3,2026,2,2026-03-Q2,GUAYAS,perecedero,completo
Ajo Bulbo Seco (Malla aprox. 22 lb),15.71,16.75,7.0,311,3,2026,2,2026-03-Q2,GUAYAS,perecedero,completo
Arveja Tierna en Vaina-Quantum (Saco aprox. 60 lb),39.62,54.71,38.0,311,3,2026,2,2026-03-Q2,GUAYAS,perecedero,completo
Banano (Guineo) (Carton aprox. 65 lb),6.69,6.6,-1.0,311,3,2026,2,2026-03-Q2,GUAYAS,perecedero,completo
Brocoli (Unidad aprox. 2 lb),0.8,0.59,-26.0,311,3,2026,2,2026-03-Q2,GUAYAS,perecedero,completo
Cebolla Blanca en Rama (Atado aprox. 5 lb),1.43,1.18,-18.0,311,3,2026,2,2026-03-Q2,GUAYAS,perecedero,completo
Cebolla Colorada Nacional Seca (Malla aprox. 100 lb),14.9,29.37,97.0,311,3,2026,2,2026-03-Q2,GUAYAS,perecedero,completo
Cebolla Perla Nacional Seca (Malla aprox. 100 lb),20.47,24.25,18.0,311,3,2026,2,2026-03-Q2,GUAYAS,perecedero,completo
Col (Malla aprox. 105 lb),12.95,11.08,-14.0,311,3,2026,2,2026-03-Q2,GUAYAS,perecedero,completo
Frejol en Vaina - Gema (Bulto aprox. 110 lb),53.28,54.77,3.0,311,3,2026,2,2026-03-Q2,GUAYAS,perecedero,completo
Frutilla (Balde aprox. 30 lb),28.71,28.08,-2.0,311,3,2026,2,2026-03-Q2,GUAYAS,perecedero,completo
Haba Tierna en Vaina (Saco aprox. 70 lb),13.57,9.94,-27.0,311,3,2026,2,2026-03-Q2,GUAYAS,perecedero,completo
Lechuga (Bulto aprox. 85 lb),5.88,8.92,52.0,311,3,2026,2,2026-03-Q2,GUAYAS,perecedero,completo
Limon Sutil (Malla aprox. 80 lb) 16.08,,,,311,3,2026,2,2026-03-Q2,GUAYAS,perecedero,invalido
Maiz Suave Choclo (Saco aprox. 110 lb),36.47,31.56,-13.0,311,3,2026,2,2026-03-Q2,GUAYAS,perecedero,completo
Mandarina de la Costa (Ciento aprox. 30 lb),,,,311,3,2026,2,2026-03-Q2,GUAYAS,perecedero,invalido
Manzana Importada (Carton aprox. 44 lb),34.71,36.25,4.0,311,3,2026,2,2026-03-Q2,GUAYAS,perecedero,completo
Maracuya (Ciento aprox. 40 lb),15.05,19.29,28.0,311,3,2026,2,2026-03-Q2,GUAYAS,perecedero,completo
Mango de Chupar (Caja aprox. 55 lb),,,,311,3,2026,2,2026-03-Q2,GUAYAS,perecedero,invalido
Melon (Docena aprox. 65 lb),19.71,20.33,3.0,311,3,2026,2,2026-03-Q2,GUAYAS,perecedero,completo
Mora de Castilla (Balde aprox. 15 lb),13.71,15.21,11.0,311,3,2026,2,2026-03-Q2,GUAYAS,perecedero,completo
Naranja (Ciento aprox. 50 lb),11.76,9.65,-18.0,311,3,2026,2,2026-03-Q2,GUAYAS,perecedero,completo
Naranjlla Hibrida (Caja aprox. 30 lb),15.66,16.58,6.0,311,3,2026,2,2026-03-Q2,GUAYAS,perecedero,completo
Papa Super Chola (Quintal aprox. 100 lb),25.67,23.54,-8.0,311,3,2026,2,2026-03-Q2,GUAYAS,perecedero,completo
Papaya Nacional (Docena aprox. 80 lb),,,,311,3,2026,2,2026-03-Q2,GUAYAS,perecedero,invalido
Pepinillo Pepino (Docena aprox. 12 lb),4.24,3.03,-28.0,311,3,2026,2,2026-03-Q2,GUAYAS,perecedero,completo
Pimiento (Saco aprox. 80 lb),23.57,34.54,47.0,311,3,2026,2,2026-03-Q2,GUAYAS,perecedero,completo
Pina (Docena aprox. 65 lb),17.43,13.35,-23.0,311,3,2026,2,2026-03-Q2,GUAYAS,perecedero,completo
Platano Barraganete Maduro (Carton aprox. 70 lb),14.33,8.98,-37.0,311,3,2026,2,2026-03-Q2,GUAYAS,perecedero,completo
Platano Barraganete Verde (Carton aprox. 70 lb),14.33,8.98,-37.0,311,3,2026,2,2026-03-Q2,GUAYAS,perecedero,completo
Remolacha (Saco aprox. 80 lb),11.67,11.17,-4.0,311,3,2026,2,2026-03-Q2,GUAYAS,perecedero,completo
Sandia Nacional (Docena aprox. 205 lb),,,,311,3,2026,2,2026-03-Q2,GUAYAS,perecedero,invalido
Tomate de Arbol (Carton aprox. 22 lb),11.95,11.52,-4.0,311,3,2026,2,2026-03-Q2,GUAYAS,perecedero,completo
Tomate Rinon de Invernadero (Carton aprox. 55 lb),14.62,18.17,24.0,311,3,2026,2,2026-03-Q2,GUAYAS,perecedero,completo
Uva Negra (Caja aprox. 10 lb),,,,311,3,2026,2,2026-03-Q2,GUAYAS,perecedero,invalido
Yuca (Saco aprox. 190 lb),46.05,54.73,19.0,311,3,2026,2,2026-03-Q2,GUAYAS,perecedero,completo
Zanahoria Amarilla (Saco aprox. 70 lb),8.67,8.31,-4.0,311,3,2026,2,2026-03-Q2,GUAYAS,perecedero,completo
Aguacate Fuerte (Ciento aprox. 55 lb),35.81,37.41,4.0,311,3,2026,2,2026-03-Q2,PICHINCHA,perecedero,completo
Ajo Bulbo Seco (Malla aprox. 22 lb),15.95,17.26,8.0,311,3,2026,2,2026-03-Q2,PICHINCHA,perecedero,completo
Arveja Tierna en Vaina-Quantum (Bulto aprox. 110 lb),48.14,78.33,63.0,311,3,2026,2,2026-03-Q2,PICHINCHA,perecedero,completo
Banano (Guineo) (Carton aprox. 65 lb),15.48,15.67,1.0,311,3,2026,2,2026-03-Q2,PICHINCHA,perecedero,completo
Brocoli (Unidad aprox. 2 lb),0.45,0.47,4.0,311,3,2026,2,2026-03-Q2,PICHINCHA,perecedero,completo
Cebolla Blanca en Rama (Atado aprox. 2.2 lb),0.82,0.79,-4.0,311,3,2026,2,2026-03-Q2,PICHINCHA,perecedero,completo
Cebolla Colorada Nacional Seca (Malla aprox. 100 lb),26.81,31.0,16.0,311,3,2026,2,2026-03-Q2,PICHINCHA,perecedero,completo
Cebolla Perla Nacional Seca (Quintal aprox. 100 lb),15.28,19.78,29.0,311,3,2026,2,2026-03-Q2,PICHINCHA,perecedero,completo
Col (Bulto aprox. 120 lb),12.67,14.74,16.0,311,3,2026,2,2026-03-Q2,PICHINCHA,perecedero,completo
Frejol en Vaina - Gema (Bulto aprox. 110 lb),38.76,40.22,4.0,311,3,2026,2,2026-03-Q2,PICHINCHA,perecedero,completo
Frutilla (Balde aprox. 25 lb),23.24,22.26,-4.0,311,3,2026,2,2026-03-Q2,PICHINCHA,perecedero,completo
Haba Tierna en Vaina (Saco aprox. 85 lb),15.71,12.15,-23.0,311,3,2026,2,2026-03-Q2,PICHINCHA,perecedero,completo
Lechuga (Carton aprox. 30 lb),3.71,5.04,36.0,311,3,2026,2,2026-03-Q2,PICHINCHA,perecedero,completo
Limon Sutil (Malla aprox. 80 lb),16.33,17.85,9.0,311,3,2026,2,2026-03-Q2,PICHINCHA,perecedero,completo
Maiz Suave Choclo (Saco aprox. 110 lb),,,,311,3,2026,2,2026-03-Q2,PICHINCHA,perecedero,invalido
Mandarina de la Costa (Ciento aprox. 30 lb),,,,311,3,2026,2,2026-03-Q2,PICHINCHA,perecedero,invalido
Manzana Importada (Carton aprox. 44 lb),37.43,33.7,,311,3,2026,2,2026-03-Q2,PICHINCHA,perecedero,completo
Maracuya (Funda aprox. 40 lb),13.57,13.37,-1.0,311,3,2026,2,2026-03-Q2,PICHINCHA,perecedero,completo
Mango de Chupar (Caja aprox. 55 lb),,,,311,3,2026,2,2026-03-Q2,PICHINCHA,perecedero,invalido
Melon (Unidad aprox. 5 lb),1.88,1.99,6.0,311,3,2026,2,2026-03-Q2,PICHINCHA,perecedero,completo
Mora de Castilla (lb),0.76,0.82,8.0,311,3,2026,2,2026-03-Q2,PICHINCHA,perecedero,completo
Naranja (Ciento aprox. 50 lb),,,,311,3,2026,2,2026-03-Q2,PICHINCHA,perecedero,invalido
Naranjilla Hibrida (Saco aprox. 110 lb),45.14,45.63,1.0,311,3,2026,2,2026-03-Q2,PICHINCHA,perecedero,completo
Papa Super chola (qq),20.19,19.37,-4.0,311,3,2026,2,2026-03-Q2,PICHINCHA,perecedero,completo
Papaya Nacional (Unidad aprox. 7 lb),,,,311,3,2026,2,2026-03-Q2,PICHINCHA,perecedero,invalido
Pepinillo Pepino (Saco aprox. 67 lb),,,,311,3,2026,2,2026-03-Q2,PICHINCHA,perecedero,invalido
Pimiento (Saco aprox. 32.21 lb),9.33,12.45,33.0,311,3,2026,2,2026-03-Q2,PICHINCHA,perecedero,completo
Pina (Unidad aprox. 5 lb),1.22,1.2,-2.0,311,3,2026,2,2026-03-Q2,PICHINCHA,perecedero,completo
Platano Barraganete Maduro (Racimo aprox. 160 lb),32.71,26.37,-19.0,311,3,2026,2,2026-03-Q2,PICHINCHA,perecedero,completo
Platano Barraganete Verde (Racimo aprox. 160 lb),32.71,26.37,-19.0,311,3,2026,2,2026-03-Q2,PICHINCHA,perecedero,completo
Remolacha (Saco aprox. 90 lb),9.57,8.15,-15.0,311,3,2026,2,2026-03-Q2,PICHINCHA,perecedero,completo
Sandia Nacional (Unidad aprox. 17 lb),2.8,2.58,,311,3,2026,2,2026-03-Q2,PICHINCHA,perecedero,completo
Tomate de Arbol (Carton aprox. 22 lb),13.0,12.57,-3.0,311,3,2026,2,2026-03-Q2,PICHINCHA,perecedero,completo
Tomate Riron de Invermadero (Carton aprox. 40 lb),11.55,13.74,19.0,311,3,2026,2,2026-03-Q2,PICHINCHA,perecedero,completo
Uva Negra (Caja aprox. 22 lb),16.38,17.29,6.0,311,3,2026,2,2026-03-Q2,PICHINCHA,perecedero,completo
Yuca (Funda aprox. 130 lb),39.0,35.52,-9.0,311,3,2026,2,2026-03-Q2,PICHINCHA,perecedero,completo
Zanahoria Amarilla (Saco aprox. 90 lb),8.33,7.41,-11.0,311,3,2026,2,2026-03-Q2,PICHINCHA,perecedero,completo
Aceite Vegetal - Favorita (Caja aprox. 15 lt),33.0,33.0,0.0,311,3,2026,2,2026-03-Q2,AZUAY,no_perecedero,completo
Arroz Pilado Natural Grano Largo (qq),47.0,45.84,-2.0,311,3,2026,2,2026-03-Q2,AZUAY,no_perecedero,completo
Arveja Seca (qq),44.0,43.5,-1.0,311,3,2026,2,2026-03-Q2,AZUAY,no_perecedero,completo
Avena Hojuelas (Saco aprox. 50 lb),20.0,19.5,-3.0,311,3,2026,2,2026-03-Q2,AZUAY,no_perecedero,completo
Azucar Blanca (Saco aprox. 50 Kg),39.34,40.5,3.0,311,3,2026,2,2026-03-Q2,AZUAY,no_perecedero,completo
Fideo Lazo Chico (Paca aprox. 20 Kg),22.0,22.0,0.0,311,3,2026,2,2026-03-Q2,AZUAY,no_perecedero,completo
Frejol Seco Canario (qq),114.17,119.17,4.0,311,3,2026,2,2026-03-Q2,AZUAY,no_perecedero,completo
Haba Seca (qq),80.0,76.67,-4.0,311,3,2026,2,2026-03-Q2,AZUAY,no_perecedero,completo
Huevo mediano (Cubeta 30 huevos),2.6,2.65,2.0,311,3,2026,2,2026-03-Q2,AZUAY,no_perecedero,completo
Lenteja (qq),60.67,55.0,-9.0,311,3,2026,2,2026-03-Q2,AZUAY,no_perecedero,completo
Maiz Suave Seco Blanco - mote (qq),73.34,77.5,6.0,311,3,2026,2,2026-03-Q2,AZUAY,no_perecedero,completo
Mani en Grano (qq),98.34,93.34,-5.0,311,3,2026,2,2026-03-Q2,AZUAY,no_perecedero,completo
Quinua (qq),118.34,118.34,0.0,311,3,2026,2,2026-03-Q2,AZUAY,no_perecedero,completo
Leche UHT - Entera (Funda de 1 l),1.05,1.03,-2.0,311,3,2026,2,2026-03-Q2,AZUAY,no_perecedero,completo
Yogurt (Envase de 1 l),2.75,2.75,0.0,311,3,2026,2,2026-03-Q2,AZUAY,no_perecedero,completo
Bovino a la Canal (lb),2.2,2.15,-2.0,311,3,2026,2,2026-03-Q2,AZUAY,no_perecedero,completo
Porcino a la Canal (lb),1.65,1.65,0.0,311,3,2026,2,2026-03-Q2,AZUAY,no_perecedero,completo
Pollo Faenado Con Visceras (lb),1.32,1.01,-23.0,311,3,2026,2,2026-03-Q2,AZUAY,no_perecedero,completo
Aceite Vegetal - Favorita (Caja aprox. 15 lt),31.33,31.46,0.0,311,3,2026,2,2026-03-Q2,GUAYAS,no_perecedero,completo
Arroz Pilado Natural Grano Largo (qq),29.33,27.75,-5.0,311,3,2026,2,2026-03-Q2,GUAYAS,no_perecedero,completo
Arveja Seca (qq),,,,311,3,2026,2,2026-03-Q2,GUAYAS,no_perecedero,invalido
Avena Hojuelas (Saco aprox. 50 lb),17.33,16.88,-3.0,311,3,2026,2,2026-03-Q2,GUAYAS,no_perecedero,completo
Azucar Blanca (Saco aprox. 50 Kg),37.33,40.5,8.0,311,3,2026,2,2026-03-Q2,GUAYAS,no_perecedero,completo
Fideo Lazo Chico (Paca aprox. 10 Kg),11.33,10.88,-4.0,311,3,2026,2,2026-03-Q2,GUAYAS,no_perecedero,completo
Frejol Seco Canario (qq),115.33,113.92,-1.0,311,3,2026,2,2026-03-Q2,GUAYAS,no_perecedero,completo
Haba Seca (qq),,,,311,3,2026,2,2026-03-Q2,GUAYAS,no_perecedero,invalido
Huevo mediano (Cubeta 30 huevos),2.73,3.0,10.0,311,3,2026,2,2026-03-Q2,GUAYAS,no_perecedero,completo
Lenteja (qq),65.33,57.25,-12.0,311,3,2026,2,2026-03-Q2,GUAYAS,no_perecedero,completo
Maiz Suave Seco Blanco - mote (qq),62.33,64.75,4.0,311,3,2026,2,2026-03-Q2,GUAYAS,no_perecedero,completo
Mani en Grano (qq),90.33,87.33,-3.0,311,3,2026,2,2026-03-Q2,GUAYAS,no_perecedero,completo
Quinua (qq),,,,311,3,2026,2,2026-03-Q2,GUAYAS,no_perecedero,invalido
Leche UHT - Entera (Funda de 1 l),0.88,0.88,0.0,311,3,2026,2,2026-03-Q2,GUAYAS,no_perecedero,completo
Yogurt (Ervase de 1 l),1.71,1.71,0.0,311,3,2026,2,2026-03-Q2,GUAYAS,no_perecedero,completo
Bovino a la Canal (lb),2.08,2.17,4.0,311,3,2026,2,2026-03-Q2,GUAYAS,no_perecedero,completo
Porcino a la Canal (lb),1.89,1.91,1.0,311,3,2026,2,2026-03-Q2,GUAYAS,no_perecedero,completo
Pollo Faenado Con Visceras (lb),1.06,1.12,6.0,311,3,2026,2,2026-03-Q2,GUAYAS,no_perecedero,completo
Aceite Vegetal - Favorita (Caja aprox. 15 lt) 33.17,33.17,7.0,,311,3,2026,2,2026-03-Q2,PICHINCHA,no_perecedero,completo
Arroz Pilado Natural Grano Largo (qq),54.33,54.33,0.0,311,3,2026,2,2026-03-Q2,PICHINCHA,no_perecedero,completo
Arveja Seca (qq),46.0,49.0,7.0,311,3,2026,2,2026-03-Q2,PICHINCHA,no_perecedero,completo
Avena Hojuelas (Saco aprox. 50 lb),16.5,16.5,0.0,311,3,2026,2,2026-03-Q2,PICHINCHA,no_perecedero,completo
Azucar Blanca (Saco aprox. 50 Kg),35.67,35.5,0.0,311,3,2026,2,2026-03-Q2,PICHINCHA,no_perecedero,completo
Fideo Lazo Chico (Paca aprox. 20 Kg),21.67,21.67,0.0,311,3,2026,2,2026-03-Q2,PICHINCHA,no_perecedero,completo
Frejol Seco Canario (qq),110.0,111.67,2.0,311,3,2026,2,2026-03-Q2,PICHINCHA,no_perecedero,completo
Haba Seca (qq),138.34,140.0,1.0,311,3,2026,2,2026-03-Q2,PICHINCHA,no_perecedero,completo
Huevo mediano (Cubeta 30 huevos),2.75,2.94,7.0,311,3,2026,2,2026-03-Q2,PICHINCHA,no_perecedero,completo
Lenteja (qq),65.17,64.0,-2.0,311,3,2026,2,2026-03-Q2,PICHINCHA,no_perecedero,completo
Maiz Suave Seco Blanco - mote (qq),56.67,56.67,0.0,311,3,2026,2,2026-03-Q2,PICHINCHA,no_perecedero,completo
Mani en Grano (qq),101.67,101.67,0.0,311,3,2026,2,2026-03-Q2,PICHINCHA,no_perecedero,completo
Quinua (qq),123.0,123.33,0.0,311,3,2026,2,2026-03-Q2,PICHINCHA,no_perecedero,completo
Leche UHT - Entera (Funda de 1 l),0.78,0.78,0.0,311,3,2026,2,2026-03-Q2,PICHINCHA,no_perecedero,completo
Yogurt (Envase de 1 l),2.2,2.08,-5.0,311,3,2026,2,2026-03-Q2,PICHINCHA,no_perecedero,completo
Bovino a la Canal (lb) 1.88,,,,311,3,2026,2,2026-03-Q2,PICHINCHA,no_perecedero,invalido
Porcino a la Canal (lb) 1.86,,,,311,3,2026,2,2026-03-Q2,PICHINCHA,no_perecedero,invalido
Pollo Faenado Con Visceras (lb),,,,311,3,2026,2,2026-03-Q2,PICHINCHA,no_perecedero,invalido
Aguacate Fuerte (Ciento aprox. 55 lb),51.67,60.0,16.0,310,3,2026,1,2026-03-Q1,AZUAY,perecedero,completo
Ajo Bulbo Seco (Malla aprox. 22 lb),18.0,17.5,-3.0,310,3,2026,1,2026-03-Q1,AZUAY,perecedero,completo
Arveja Tierna en Vaina-Quantum (Saco aprox. 60 lb),21.5,35.25,64.0,310,3,2026,1,2026-03-Q1,AZUAY,perecedero,completo
Banano (Guineo) (Carton aprox. 40 lb),9.0,9.0,0.0,310,3,2026,1,2026-03-Q1,AZUAY,perecedero,completo
Brocoli (Unidad aprox. 2 lb),0.76,0.63,-18.0,310,3,2026,1,2026-03-Q1,AZUAY,perecedero,completo
Cebolla Blanca en Rama (Atado aprox. 5 lb),2.0,2.0,0.0,310,3,2026,1,2026-03-Q1,AZUAY,perecedero,completo
Cebolla Colorada Nacional Seca (Malla aprox. 100 lb),28.5,34.75,22.0,310,3,2026,1,2026-03-Q1,AZUAY,perecedero,completo
Cebolla Pera Nacional Seca (Malla aprox. 100 lb),21.33,26.25,23.0,310,3,2026,1,2026-03-Q1,AZUAY,perecedero,completo
Col (Unidad aprox. 13 lb),1.21,1.06,-12.0,310,3,2026,1,2026-03-Q1,AZUAY,perecedero,completo
Frejol Tiemo en Vaina Canario (Saco aprox. 55 lb),31.33,37.0,18.0,310,3,2026,1,2026-03-Q1,AZUAY,perecedero,completo
Frutilla (Balde aprox. 30 lb),27.17,28.0,3.0,310,3,2026,1,2026-03-Q1,AZUAY,perecedero,completo
Haba Tierna en Vaina (Saco aprox. 70 lb),16.0,14.25,-11.0,310,3,2026,1,2026-03-Q1,AZUAY,perecedero,completo
Lechuga (Bulto aprox. 85 lb),11.67,11.5,-1.0,310,3,2026,1,2026-03-Q1,AZUAY,perecedero,completo
Limon Sutil (Malla aprox. 95 lb),26.83,28.5,6.0,310,3,2026,1,2026-03-Q1,AZUAY,perecedero,completo
Maiz Suave Choclo (Saco aprox. 100 lb),30.0,25.25,-15.8,310,3,2026,1,2026-03-Q1,AZUAY,perecedero,completo
Mandarina de la Costa (Ciento aprox. 30 lb),,,,310,3,2026,1,2026-03-Q1,AZUAY,perecedero,invalido
Manzana Importada (Carton aprox. 44 lb),38.0,33.25,-13.0,310,3,2026,1,2026-03-Q1,AZUAY,perecedero,completo
Maracuya (Saco aprox. 40 lb),13.67,17.25,26.0,310,3,2026,1,2026-03-Q1,AZUAY,perecedero,completo
Mango de Chupar (Caja aprox. 55 lb),,,,310,3,2026,1,2026-03-Q1,AZUAY,perecedero,invalido
Melon (Unidad aprox. 5 lb),2.08,2.88,38.0,310,3,2026,1,2026-03-Q1,AZUAY,perecedero,completo
Mora de Castilla (Caja aprox. 5 lb),5.17,5.38,4.0,310,3,2026,1,2026-03-Q1,AZUAY,perecedero,completo
Naranja (Malla aprox. 100 lb),23.33,17.5,-25.0,310,3,2026,1,2026-03-Q1,AZUAY,perecedero,completo
Naranjilla Hibrida (Caja aprox. 30 lb),17.5,18.75,7.0,310,3,2026,1,2026-03-Q1,AZUAY,perecedero,completo
Papa Super Chola (Quintal aprox. 100 lb),25.33,22.5,-11.0,310,3,2026,1,2026-03-Q1,AZUAY,perecedero,completo
Papaya Nacional (Unidad aprox. 4 lb),,,,310,3,2026,1,2026-03-Q1,AZUAY,perecedero,invalido
Pepinillo Pepino (Saco aprox. 45 lb),,,,310,3,2026,1,2026-03-Q1,AZUAY,perecedero,invalido
Pimiento (Saco aprox. 45 lb),10.33,13.5,31.0,310,3,2026,1,2026-03-Q1,AZUAY,perecedero,completo
Pina (Docena aprox. 65 lb),20.67,21.0,2.0,310,3,2026,1,2026-03-Q1,AZUAY,perecedero,completo
Platano Barraganete Maduro (Caja aprox. 105 lb),44.17,30.0,-32.0,310,3,2026,1,2026-03-Q1,AZUAY,perecedero,completo
Platano Barraganete Verde (Caja aprox. 105 lb),44.17,30.0,-32.0,310,3,2026,1,2026-03-Q1,AZUAY,perecedero,completo
Remolacha (Saco aprox. 70 lb),8.5,8.5,0.0,310,3,2026,1,2026-03-Q1,AZUAY,perecedero,completo
Sandia Nacional (Unidad aprox. 6 lb),2.0,2.5,25.0,310,3,2026,1,2026-03-Q1,AZUAY,perecedero,completo
Tomate de Arbol (Carton aprox. 22 lb),13.0,13.0,0.0,310,3,2026,1,2026-03-Q1,AZUAY,perecedero,completo
Tomate Rinon de Invernadero (Gaveta aprox. 40 lb),15.83,19.5,23.0,310,3,2026,1,2026-03-Q1,AZUAY,perecedero,completo
Uva Negra (Caja aprox. 22 lb),,,,310,3,2026,1,2026-03-Q1,AZUAY,perecedero,invalido
Yuca (Funda aprox. 90 lb),28.0,28.0,0.0,310,3,2026,1,2026-03-Q1,AZUAY,perecedero,completo
Zanahoria Amarilla (Saco aprox. 70 lb),13.0,12.5,-4.0,310,3,2026,1,2026-03-Q1,AZUAY,perecedero,completo
Aguacate Fuerte (Carton aprox. 22 lb),20.19,20.67,2.0,310,3,2026,1,2026-03-Q1,GUAYAS,perecedero,completo
Ajo Bulbo Seco (Malla aprox. 22 lb),15.71,16.33,4.0,310,3,2026,1,2026-03-Q1,GUAYAS,perecedero,completo
Arveja Tierna en Vaina-Quantum (Saco aprox. 60 lb),39.62,42.67,8.0,310,3,2026,1,2026-03-Q1,GUAYAS,perecedero,completo
Banano (Guineo) (Carton aprox. 65 lb),6.69,6.42,-4.0,310,3,2026,1,2026-03-Q1,GUAYAS,perecedero,completo
Brocoli (Unidad aprox. 2 lb),0.8,0.51,-37.0,310,3,2026,1,2026-03-Q1,GUAYAS,perecedero,completo
Cebolla Blanca en Rama (Atado aprox. 5 lb),1.43,1.2,-17.0,310,3,2026,1,2026-03-Q1,GUAYAS,perecedero,completo
Cebolla Colorada Nacional Seca (Malla aprox. 100 lb),14.9,23.83,60.0,310,3,2026,1,2026-03-Q1,GUAYAS,perecedero,completo
Cebolla Perla Nacional Seca (Malla aprox. 100 lb),20.47,21.75,6.0,310,3,2026,1,2026-03-Q1,GUAYAS,perecedero,completo
Col (Malla aprox. 105 lb),14.65,12.95,-12.0,310,3,2026,1,2026-03-Q1,GUAYAS,perecedero,completo
Frejol en Vaina - Gema (Bulto aprox. 110 lb),53.28,57.5,8.0,310,3,2026,1,2026-03-Q1,GUAYAS,perecedero,completo
Frutilla (Balde aprox. 30 lb),28.71,27.5,-4.0,310,3,2026,1,2026-03-Q1,GUAYAS,perecedero,completo
Haba Tierna en Vaina (Saco aprox. 70 lb),13.57,11.5,-15.0,310,3,2026,1,2026-03-Q1,GUAYAS,perecedero,completo
Lechuga (Bulto aprox. 85 lb),5.88,8.67,47.0,310,3,2026,1,2026-03-Q1,GUAYAS,perecedero,completo
Limon Sutil (Malla aprox. 80 lb),16.08,18.33,14.0,310,3,2026,1,2026-03-Q1,GUAYAS,perecedero,completo
Maiz Suave Choclo (Saco aprox. 110 lb),36.47,32.08,-12.0,310,3,2026,1,2026-03-Q1,GUAYAS,perecedero,completo
Mandarina de la Costa (Ciento aprox. 30 lb),,,,310,3,2026,1,2026-03-Q1,GUAYAS,perecedero,invalido
Manzana Importada (Carton aprox. 44 lb),34.71,36.17,4.0,310,3,2026,1,2026-03-Q1,GUAYAS,perecedero,completo
Maracuya (Ciento aprox. 40 lb),15.05,17.25,15.0,310,3,2026,1,2026-03-Q1,GUAYAS,perecedero,completo
Mango de Chupar (Caja aprox. 55 lb),,,,310,3,2026,1,2026-03-Q1,GUAYAS,perecedero,invalido
Melon (Docena aprox. 65 lb),19.71,20.33,3.0,310,3,2026,1,2026-03-Q1,GUAYAS,perecedero,completo
Mora de Castilla (Balde aprox. 15 lb),13.71,13.0,-5.0,310,3,2026,1,2026-03-Q1,GUAYAS,perecedero,completo
Naranja (Ciento aprox. 50 lb),11.76,10.75,-9.0,310,3,2026,1,2026-03-Q1,GUAYAS,perecedero,completo
Naranjilla Hibrida (Caja aprox. 30 lb),15.66,15.75,1.0,310,3,2026,1,2026-03-Q1,GUAYAS,perecedero,completo
Papa Super Chola (Quintal aprox. 100 lb),25.67,23.08,-10.0,310,3,2026,1,2026-03-Q1,GUAYAS,perecedero,completo
Papaya Nacional (Docena aprox. 80 lb),,,,310,3,2026,1,2026-03-Q1,GUAYAS,perecedero,invalido
Pepinillo Pepino (Docena aprox. 12 lb),4.24,3.48,-18.0,310,3,2026,1,2026-03-Q1,GUAYAS,perecedero,completo
Pimiento (Saco aprox. 80 lb),23.57,36.42,54.0,310,3,2026,1,2026-03-Q1,GUAYAS,perecedero,completo
Pina (Docena aprox. 65 lb),17.43,14.33,-18.0,310,3,2026,1,2026-03-Q1,GUAYAS,perecedero,completo
Platano Barraganete Maduro (Carton aprox. 70 lb),14.33,9.62,-33.0,310,3,2026,1,2026-03-Q1,GUAYAS,perecedero,completo
Platano Barraganete Verde (Carton aprox. 70 lb),14.33,9.62,-33.0,310,3,2026,1,2026-03-Q1,GUAYAS,perecedero,completo
Remolacha (Saco aprox. 80 lb),11.67,10.33,-11.0,310,3,2026,1,2026-03-Q1,GUAYAS,perecedero,completo
Sandia Nacional (Docena aprox. 205 lb),,,,310,3,2026,1,2026-03-Q1,GUAYAS,perecedero,invalido
Tomate de Arbol (Carton aprox. 22 lb),11.95,11.63,-3.0,310,3,2026,1,2026-03-Q1,GUAYAS,perecedero,completo
Tomate Rinon de Invernadero (Carton aprox. 55 lb),14.62,21.5,47.0,310,3,2026,1,2026-03-Q1,GUAYAS,perecedero,completo
Uva Negra (Caja aprox. 10 lb),,,,310,3,2026,1,2026-03-Q1,GUAYAS,perecedero,invalido
Yuca (Saco aprox. 190 lb),46.05,53.13,15.0,310,3,2026,1,2026-03-Q1,GUAYAS,perecedero,completo
Zanahoria Amarilla (Saco aprox. 70 lb),8.67,8.83,2.0,310,3,2026,1,2026-03-Q1,GUAYAS,perecedero,completo
Aguacate Fuerte (Ciento aprox. 55 lb),35.81,35.84,0.0,310,3,2026,1,2026-03-Q1,PICHINCHA,perecedero,completo
Ajo Bulbo Seco (Malla aprox. 22 lb),15.95,15.84,-1.0,310,3,2026,1,2026-03-Q1,PICHINCHA,perecedero,completo
Arveja Tierna en Vaina-Quantum (Bulto aprox. 110 lb),48.14,81.84,70.0,310,3,2026,1,2026-03-Q1,PICHINCHA,perecedero,completo
Banano (Guineo) (Carton aprox. 65 lb),15.48,15.67,1.0,310,3,2026,1,2026-03-Q1,PICHINCHA,perecedero,completo
Brocoli (Unidad aprox. 2 lb),0.45,0.38,-15.0,310,3,2026,1,2026-03-Q1,PICHINCHA,perecedero,completo
Cebolla Blanca en Rama (Atado aprox. 2.2 lb),0.82,0.79,-5.0,310,3,2026,1,2026-03-Q1,PICHINCHA,perecedero,completo
Cebolla Colorada Nacional Seca (Malla aprox. 100 lb),26.81,28.25,5.0,310,3,2026,1,2026-03-Q1,PICHINCHA,perecedero,completo
Cebolla Perla Nacional Seca (Quintal aprox. 100 lb),15.28,17.5,14.0,310,3,2026,1,2026-03-Q1,PICHINCHA,perecedero,completo
Col (Bulto aprox. 120 lb),12.67,14.84,17.0,310,3,2026,1,2026-03-Q1,PICHINCHA,perecedero,completo
Frejol en Vaina - Gema (Bulto aprox. 110 lb),38.76,42.5,10.0,310,3,2026,1,2026-03-Q1,PICHINCHA,perecedero,completo
Frutilla (Balde aprox. 25 lb),23.24,22.17,-5.0,310,3,2026,1,2026-03-Q1,PICHINCHA,perecedero,completo
Haba Tierna en Vaina (Saco aprox. 85 lb),15.71,13.59,-14.0,310,3,2026,1,2026-03-Q1,PICHINCHA,perecedero,completo
Lechuga (Carton aprox. 30 lb),3.71,4.67,26.0,310,3,2026,1,2026-03-Q1,PICHINCHA,perecedero,completo
Limon Sutil (Malla aprox. 80 lb),16.33,17.75,9.0,310,3,2026,1,2026-03-Q1,PICHINCHA,perecedero,completo
Maiz Suave Choclo (Saco aprox. 110 lb),,,,310,3,2026,1,2026-03-Q1,PICHINCHA,perecedero,invalido
Mandarina de la Costa (Ciento aprox. 30 lb),,,,310,3,2026,1,2026-03-Q1,PICHINCHA,perecedero,invalido
Manzana Importada (Carton aprox. 44 lb),37.43,34.0,,310,3,2026,1,2026-03-Q1,PICHINCHA,perecedero,completo
Maracuya (Funda aprox. 40 lb),13.57,16.0,18.0,310,3,2026,1,2026-03-Q1,PICHINCHA,perecedero,completo
Mango de Chupar (Caja aprox. 55 lb),,,,310,3,2026,1,2026-03-Q1,PICHINCHA,perecedero,invalido
Melon (Unidad aprox. 5 lb),1.88,1.99,6.0,310,3,2026,1,2026-03-Q1,PICHINCHA,perecedero,completo
Mora de Castilla (Ilb),0.76,0.74,-3.0,310,3,2026,1,2026-03-Q1,PICHINCHA,perecedero,completo
Naranja (Ciento aprox. 50 lb),,,,310,3,2026,1,2026-03-Q1,PICHINCHA,perecedero,invalido
Naranjilla Hibrida (Saco aprox. 110 lb),45.14,46.0,2.0,310,3,2026,1,2026-03-Q1,PICHINCHA,perecedero,completo
Papa Super chola (qq),20.19,19.5,-3.0,310,3,2026,1,2026-03-Q1,PICHINCHA,perecedero,completo
Papaya Nacional (Unidad aprox. 7 lb),,,,310,3,2026,1,2026-03-Q1,PICHINCHA,perecedero,invalido
Pepinillo Pepino (Saco aprox. 67 lb),15.43,7.42,-52.0,310,3,2026,1,2026-03-Q1,PICHINCHA,perecedero,completo
Pimiento (Saco aprox. 32.21 lb),9.33,13.5,45.0,310,3,2026,1,2026-03-Q1,PICHINCHA,perecedero,completo
Pina (Unidad aprox. 5 lb),1.22,1.19,-3.0,310,3,2026,1,2026-03-Q1,PICHINCHA,perecedero,completo
Platano Barraganete Maduro (Racimo aprox. 160 lb),32.71,27.34,-16.0,310,3,2026,1,2026-03-Q1,PICHINCHA,perecedero,completo
Platano Barraganete Verde (Racimo aprox. 160 lb),32.71,27.34,-16.0,310,3,2026,1,2026-03-Q1,PICHINCHA,perecedero,completo
Remolacha (Saco aprox. 90 lb),9.57,8.59,-10.0,310,3,2026,1,2026-03-Q1,PICHINCHA,perecedero,completo
Sandia Nacional (Unidad aprox. 17 lb) 2.80,,,,310,3,2026,1,2026-03-Q1,PICHINCHA,perecedero,invalido
Tomate de Arbol (Carton aprox. 22 lb),13.0,12.5,-4.0,310,3,2026,1,2026-03-Q1,PICHINCHA,perecedero,completo
Tomate Rinon de Invernadero (Carton aprox. 40 lb),11.55,15.33,33.0,310,3,2026,1,2026-03-Q1,PICHINCHA,perecedero,completo
Uva Negra (Caja aprox. 22 lb),16.38,17.44,6.0,310,3,2026,1,2026-03-Q1,PICHINCHA,perecedero,completo
Yuca (Funda aprox. 130 lb),39.0,36.67,-6.0,310,3,2026,1,2026-03-Q1,PICHINCHA,perecedero,completo
Zanahoria Amarilla (Saco aprox. 90 lb),8.33,7.17,-14.0,310,3,2026,1,2026-03-Q1,PICHINCHA,perecedero,completo
Aceite Vegetal - Favorita (Caja aprox. 15 lt),33.0,33.0,0.0,310,3,2026,1,2026-03-Q1,AZUAY,no_perecedero,completo
Arroz Pilado Natural Grano Largo (qq),47.0,45.84,-2.0,310,3,2026,1,2026-03-Q1,AZUAY,no_perecedero,completo
Arveja Seca (qq),44.0,43.5,-1.0,310,3,2026,1,2026-03-Q1,AZUAY,no_perecedero,completo
Avena Hojuelas (Saco aprox. 50 lb),20.0,19.5,-3.0,310,3,2026,1,2026-03-Q1,AZUAY,no_perecedero,completo
Azucar Blanca (Saco aprox. 50 Kg),39.34,40.5,3.0,310,3,2026,1,2026-03-Q1,AZUAY,no_perecedero,completo
Fideo Lazo Chico (Paca aprox. 20 Kg),22.0,22.0,0.0,310,3,2026,1,2026-03-Q1,AZUAY,no_perecedero,completo
Frejol Seco Canario (qq),114.17,119.17,4.0,310,3,2026,1,2026-03-Q1,AZUAY,no_perecedero,completo
Haba Seca (qq),80.0,76.67,-4.0,310,3,2026,1,2026-03-Q1,AZUAY,no_perecedero,completo
Huevo mediano (Cubeta 30 huevos),2.6,2.65,2.0,310,3,2026,1,2026-03-Q1,AZUAY,no_perecedero,completo
Lenteja (qq),60.67,55.0,-9.0,310,3,2026,1,2026-03-Q1,AZUAY,no_perecedero,completo
Maiz Suave Seco Blanco - mote (qq),73.34,77.5,6.0,310,3,2026,1,2026-03-Q1,AZUAY,no_perecedero,completo
Mani en Grano (qq),98.34,93.34,-5.0,310,3,2026,1,2026-03-Q1,AZUAY,no_perecedero,completo
Quinua (qq),118.34,118.34,0.0,310,3,2026,1,2026-03-Q1,AZUAY,no_perecedero,completo
Leche UHT - Entera (Funda de 1 l),1.05,1.0,-5.0,310,3,2026,1,2026-03-Q1,AZUAY,no_perecedero,completo
Yogurt (Ervase de 1 l),2.75,2.75,0.0,310,3,2026,1,2026-03-Q1,AZUAY,no_perecedero,completo
Bovino a la Canal (lb),2.2,2.15,-2.0,310,3,2026,1,2026-03-Q1,AZUAY,no_perecedero,completo
Porcino a la Canal (lb),1.65,1.65,0.0,310,3,2026,1,2026-03-Q1,AZUAY,no_perecedero,completo
Pollo Faenado Con Visceras (lb),1.32,0.92,-30.0,310,3,2026,1,2026-03-Q1,AZUAY,no_perecedero,completo
Aceite Vegetal - Favorita (Caja aprox. 15 lt),31.33,31.46,0.0,310,3,2026,1,2026-03-Q1,GUAYAS,no_perecedero,completo
Arroz Pilado Natural Grano Largo (qq),29.33,27.75,-5.0,310,3,2026,1,2026-03-Q1,GUAYAS,no_perecedero,completo
Arveja Seca (qq),,,,310,3,2026,1,2026-03-Q1,GUAYAS,no_perecedero,invalido
Avena Hojuelas (Saco aprox. 50 lb),17.33,16.88,-3.0,310,3,2026,1,2026-03-Q1,GUAYAS,no_perecedero,completo
Azucar Blanca (Saco aprox. 50 Kg),37.33,40.5,8.0,310,3,2026,1,2026-03-Q1,GUAYAS,no_perecedero,completo
Fideo Lazo Chico (Paca aprox. 10 Kg),11.33,10.88,-4.0,310,3,2026,1,2026-03-Q1,GUAYAS,no_perecedero,completo
Frejol Seco Canario (qq),115.33,113.92,-1.0,310,3,2026,1,2026-03-Q1,GUAYAS,no_perecedero,completo
Haba Seca (qq),,,,310,3,2026,1,2026-03-Q1,GUAYAS,no_perecedero,invalido
Huevo mediano (Cubeta 30 huevos),2.73,3.0,10.0,310,3,2026,1,2026-03-Q1,GUAYAS,no_perecedero,completo
Lenteja (qq),65.33,57.25,-12.0,310,3,2026,1,2026-03-Q1,GUAYAS,no_perecedero,completo
Maiz Suave Seco Blanco - mote (qq),62.33,64.75,4.0,310,3,2026,1,2026-03-Q1,GUAYAS,no_perecedero,completo
Mani en Grano (qq),90.33,87.33,-3.0,310,3,2026,1,2026-03-Q1,GUAYAS,no_perecedero,completo
Quinua (qq),,,,310,3,2026,1,2026-03-Q1,GUAYAS,no_perecedero,invalido
Leche UHT - Entera (Funda de 1 l),0.88,0.88,0.0,310,3,2026,1,2026-03-Q1,GUAYAS,no_perecedero,completo
Yogurt (Envase de 1 l),1.71,1.71,0.0,310,3,2026,1,2026-03-Q1,GUAYAS,no_perecedero,completo
Bovino a la Canal (lb),2.08,2.17,4.0,310,3,2026,1,2026-03-Q1,GUAYAS,no_perecedero,completo
Porcino a la Canal (lb),1.89,1.91,1.0,310,3,2026,1,2026-03-Q1,GUAYAS,no_perecedero,completo
Pollo Faenado Con Visceras (lb),1.06,1.07,1.0,310,3,2026,1,2026-03-Q1,GUAYAS,no_perecedero,completo
Aceite Vegetal - Favorita (Caja aprox. 15 lt),33.17,33.17,0.0,310,3,2026,1,2026-03-Q1,PICHINCHA,no_perecedero,completo
Arroz Pilado Natural Grano Largo (qq),54.33,54.33,0.0,310,3,2026,1,2026-03-Q1,PICHINCHA,no_perecedero,completo
Arveja Seca (qq),46.0,49.0,7.0,310,3,2026,1,2026-03-Q1,PICHINCHA,no_perecedero,completo
Avena Hojuelas (Saco aprox. 50 lb),16.5,16.5,0.0,310,3,2026,1,2026-03-Q1,PICHINCHA,no_perecedero,completo
Azucar Blanca (Saco aprox. 50 Kg),35.67,35.5,0.0,310,3,2026,1,2026-03-Q1,PICHINCHA,no_perecedero,completo
Fideo Lazo Chico (Paca aprox. 20 Kg),21.67,21.67,0.0,310,3,2026,1,2026-03-Q1,PICHINCHA,no_perecedero,completo
Frejol Seco Canario (qq),110.0,111.67,2.0,310,3,2026,1,2026-03-Q1,PICHINCHA,no_perecedero,completo
Haba Seca (qq),138.34,140.0,1.0,310,3,2026,1,2026-03-Q1,PICHINCHA,no_perecedero,completo
Huevo mediano (Cubeta 30 huevos),2.75,2.94,7.0,310,3,2026,1,2026-03-Q1,PICHINCHA,no_perecedero,completo
Lenteja (qq),65.17,64.0,-2.0,310,3,2026,1,2026-03-Q1,PICHINCHA,no_perecedero,completo
Maiz Suave Seco Blanco - mote (qq),56.67,56.67,0.0,310,3,2026,1,2026-03-Q1,PICHINCHA,no_perecedero,completo
Mani en Grano (qq),101.67,101.67,0.0,310,3,2026,1,2026-03-Q1,PICHINCHA,no_perecedero,completo
Quinua (qq),123.0,123.33,0.0,310,3,2026,1,2026-03-Q1,PICHINCHA,no_perecedero,completo
Leche UHT - Entera (Funda de 1 l),0.78,0.78,0.0,310,3,2026,1,2026-03-Q1,PICHINCHA,no_perecedero,completo
Yogurt (Envase de 1 l),2.08,2.2,6.0,310,3,2026,1,2026-03-Q1,PICHINCHA,no_perecedero,completo
Bovino a la Canal (lb) 1.80,,,,310,3,2026,1,2026-03-Q1,PICHINCHA,no_perecedero,invalido
Porcino a la Canal (lb) 1.90,,,,310,3,2026,1,2026-03-Q1,PICHINCHA,no_perecedero,invalido
Pollo Faenado Con Visceras (lb),,,,310,3,2026,1,2026-03-Q1,PICHINCHA,no_perecedero,invalido
Aguacate Fuerte (Ciento aprox. 55 lb),56.25,51.67,-8.0,309,2,2026,2,2026-02-Q2,AZUAY,perecedero,completo
Ajo Bulbo Seco (Malla aprox. 22 lb),18.0,18.0,0.0,309,2,2026,2,2026-02-Q2,AZUAY,perecedero,completo
Arveja Tierna en Vaina-Quantum (Saco aprox. 60 lb),13.13,21.5,64.0,309,2,2026,2,2026-02-Q2,AZUAY,perecedero,completo
Banano (Guineo) (Carton aprox. 40 lb),9.0,9.0,0.0,309,2,2026,2,2026-02-Q2,AZUAY,perecedero,completo
Brocoli (Unidad aprox. 2 lb),0.82,0.76,-7.0,309,2,2026,2,2026-02-Q2,AZUAY,perecedero,completo
Cebolla Blanca en Rama (Atado aprox. 5 lb),2.0,2.0,0.0,309,2,2026,2,2026-02-Q2,AZUAY,perecedero,completo
Cebolla Colorada Nacional Seca (Malla aprox. 100 lb),29.88,28.5,-5.0,309,2,2026,2,2026-02-Q2,AZUAY,perecedero,completo
Cebolla Perla Nacional Seca (Malla aprox. 100 lb),24.75,21.33,-14.0,309,2,2026,2,2026-02-Q2,AZUAY,perecedero,completo
Col (Unidad aprox. 13 lb),1.06,1.21,14.0,309,2,2026,2,2026-02-Q2,AZUAY,perecedero,completo
Frejol Tiemo en Vaina Canario (Saco aprox. 55 lb),27.63,31.33,13.0,309,2,2026,2,2026-02-Q2,AZUAY,perecedero,completo
Frutilla (Balde aprox. 30 lb),28.38,27.17,-4.0,309,2,2026,2,2026-02-Q2,AZUAY,perecedero,completo
Haba Tierna en Vaina (Saco aprox. 70 lb),15.5,16.0,3.0,309,2,2026,2,2026-02-Q2,AZUAY,perecedero,completo
Lechuga (Bulto aprox. 85 lb),15.75,11.67,-26.0,309,2,2026,2,2026-02-Q2,AZUAY,perecedero,completo
Limon Sutil (Malla aprox. 95 lb),22.38,26.83,20.0,309,2,2026,2,2026-02-Q2,AZUAY,perecedero,completo
Maiz Suave Choclo (Saco aprox. 100 lb),30.25,30.0,-0.8,309,2,2026,2,2026-02-Q2,AZUAY,perecedero,completo
Mandarina de la Costa (Ciento aprox. 30 lb),,,,309,2,2026,2,2026-02-Q2,AZUAY,perecedero,invalido
Manzana Importada (Carton aprox. 44 lb),35.13,38.0,8.0,309,2,2026,2,2026-02-Q2,AZUAY,perecedero,completo
Maracuya (Saco aprox. 40 lb),13.5,13.67,1.0,309,2,2026,2,2026-02-Q2,AZUAY,perecedero,completo
Mango de Chupar (Caja aprox. 55 lb),,,,309,2,2026,2,2026-02-Q2,AZUAY,perecedero,invalido
Melon (Unidad aprox. 5 lb),2.0,2.08,4.0,309,2,2026,2,2026-02-Q2,AZUAY,perecedero,completo
Mora de Castilla (Caja aprox. 5 lb),3.88,5.17,33.0,309,2,2026,2,2026-02-Q2,AZUAY,perecedero,completo
Naranja (Malla aprox. 100 lb),24.25,23.33,-4.0,309,2,2026,2,2026-02-Q2,AZUAY,perecedero,completo
Naranjlla Hibrida (Caja aprox. 30 lb),17.5,17.5,0.0,309,2,2026,2,2026-02-Q2,AZUAY,perecedero,completo
Papa Super Chola (Quintal aprox. 100 lb),25.38,25.33,0.0,309,2,2026,2,2026-02-Q2,AZUAY,perecedero,completo
Papaya Nacional (Unidad aprox. 4 lb),,,,309,2,2026,2,2026-02-Q2,AZUAY,perecedero,invalido
Pepinillo Pepino (Saco aprox. 45 lb),,,,309,2,2026,2,2026-02-Q2,AZUAY,perecedero,invalido
Pimiento (Saco aprox. 45 lb),11.0,10.33,-6.0,309,2,2026,2,2026-02-Q2,AZUAY,perecedero,completo
Pina (Docena aprox. 65 lb),20.0,20.67,3.0,309,2,2026,2,2026-02-Q2,AZUAY,perecedero,completo
Platano Barraganete Maduro (Caja aprox. 105 lb),47.0,44.17,-6.0,309,2,2026,2,2026-02-Q2,AZUAY,perecedero,completo
Platano Barraganete Verde (Caja aprox. 105 lb),47.0,44.17,,309,2,2026,2,2026-02-Q2,AZUAY,perecedero,completo
Remolacha (Saco aprox. 70 lb),7.13,8.5,19.0,309,2,2026,2,2026-02-Q2,AZUAY,perecedero,completo
Sandia Nacional (Unidad aprox. 6 lb),2.0,2.0,0.0,309,2,2026,2,2026-02-Q2,AZUAY,perecedero,completo
Tomate de Arbol (Carton aprox. 22 lb),13.19,13.0,-1.0,309,2,2026,2,2026-02-Q2,AZUAY,perecedero,completo
Tomate Rinon de Invermadero (Gaveta aprox. 40 lb),14.25,15.83,11.0,309,2,2026,2,2026-02-Q2,AZUAY,perecedero,completo
Uva Negra (Caja aprox. 22 lb),,,,309,2,2026,2,2026-02-Q2,AZUAY,perecedero,invalido
Yuca (Funda aprox. 90 lb),30.0,28.0,-7.0,309,2,2026,2,2026-02-Q2,AZUAY,perecedero,completo
Zanahoria Amarilla (Saco aprox. 70 lb),13.25,13.0,-2.0,309,2,2026,2,2026-02-Q2,AZUAY,perecedero,completo
Aguacate Fuerte (Carton aprox. 22 lb),22.45,20.19,-10.0,309,2,2026,2,2026-02-Q2,GUAYAS,perecedero,completo
Ajo Bulbo Seco (Malla aprox. 22 lb),15.92,15.71,-1.0,309,2,2026,2,2026-02-Q2,GUAYAS,perecedero,completo
Arveja Tierna en Vaina-Quantum (Saco aprox. 60 lb),28.27,39.62,40.0,309,2,2026,2,2026-02-Q2,GUAYAS,perecedero,completo
Banano (Guineo) (Carton aprox. 65 lb),7.41,6.69,-10.0,309,2,2026,2,2026-02-Q2,GUAYAS,perecedero,completo
Brocoli (Unidad aprox. 2 lb),0.53,0.8,51.0,309,2,2026,2,2026-02-Q2,GUAYAS,perecedero,completo
Cebolla Blanca en Rama (Atado aprox. 5 lb),1.58,1.43,-9.0,309,2,2026,2,2026-02-Q2,GUAYAS,perecedero,completo
Cebolla Colorada Nacional Seca (Malla aprox. 100 lb),12.46,14.9,20.0,309,2,2026,2,2026-02-Q2,GUAYAS,perecedero,completo
Cebolla Perla Nacional Seca (Malla aprox. 100 lb),18.17,20.47,13.0,309,2,2026,2,2026-02-Q2,GUAYAS,perecedero,completo
Col (Malla aprox. 105 lb),14.65,12.95,-12.0,309,2,2026,2,2026-02-Q2,GUAYAS,perecedero,completo
Fejol en Vaina - Gema (Bulto aprox. 110 lb),47.58,53.28,12.0,309,2,2026,2,2026-02-Q2,GUAYAS,perecedero,completo
Frutilla (Balde aprox. 30 lb),36.19,28.71,-21.0,309,2,2026,2,2026-02-Q2,GUAYAS,perecedero,completo
Haba Tierna en Vaina (Saco aprox. 70 lb),12.97,13.57,5.0,309,2,2026,2,2026-02-Q2,GUAYAS,perecedero,completo
Lechuga (Bulto aprox. 85 lb),14.71,5.88,-60.0,309,2,2026,2,2026-02-Q2,GUAYAS,perecedero,completo
Limon Sutil (Malla aprox. 80 lb),16.08,18.33,14.0,309,2,2026,2,2026-02-Q2,GUAYAS,perecedero,completo
Maiz Suave Choclo (Saco aprox. 110 lb),33.33,36.47,9.0,309,2,2026,2,2026-02-Q2,GUAYAS,perecedero,completo
Mandarina de la Costa (Ciento aprox. 30 lb),,,,309,2,2026,2,2026-02-Q2,GUAYAS,perecedero,invalido
Manzana Importada (Carton aprox. 44 lb),34.44,34.71,1.0,309,2,2026,2,2026-02-Q2,GUAYAS,perecedero,completo
Maracuya (Ciento aprox. 40 lb),12.79,15.05,18.0,309,2,2026,2,2026-02-Q2,GUAYAS,perecedero,completo
Mango de Chupar (Caja aprox. 55 lb) 10.36,,,,309,2,2026,2,2026-02-Q2,GUAYAS,perecedero,invalido
Melon (Docena aprox. 65 lb),19.48,19.71,1.0,309,2,2026,2,2026-02-Q2,GUAYAS,perecedero,completo
Mora de Castilla (Balde aprox. 15 lb),12.13,13.71,13.0,309,2,2026,2,2026-02-Q2,GUAYAS,perecedero,completo
Naranja (Ciento aprox. 50 lb),11.71,11.76,0.0,309,2,2026,2,2026-02-Q2,GUAYAS,perecedero,completo
Naranjilla Hibrida (Caja aprox. 30 lb),15.13,15.66,4.0,309,2,2026,2,2026-02-Q2,GUAYAS,perecedero,completo
Papa Super Chola (Quintal aprox. 100 lb),28.4,25.67,-10.0,309,2,2026,2,2026-02-Q2,GUAYAS,perecedero,completo
Papaya Nacional (Docena aprox. 80 lb),,,,309,2,2026,2,2026-02-Q2,GUAYAS,perecedero,invalido
Pepinillo Pepino (Docena aprox. 12 lb),4.01,4.24,6.0,309,2,2026,2,2026-02-Q2,GUAYAS,perecedero,completo
Pimiento (Saco aprox. 80 lb),20.52,23.57,15.0,309,2,2026,2,2026-02-Q2,GUAYAS,perecedero,completo
Pina (Docena aprox. 65 lb),17.98,17.43,-3.0,309,2,2026,2,2026-02-Q2,GUAYAS,perecedero,completo
Platano Barraganete Maduro (Carton aprox. 70 lb),15.31,14.33,-6.0,309,2,2026,2,2026-02-Q2,GUAYAS,perecedero,completo
Platano Barraganete Verde (Carton aprox. 70 lb),15.35,14.33,-7.0,309,2,2026,2,2026-02-Q2,GUAYAS,perecedero,completo
Remolacha (Saco aprox. 80 lb),7.88,11.67,48.0,309,2,2026,2,2026-02-Q2,GUAYAS,perecedero,completo
Sandia Nacional (Docena aprox. 205 lb) 40.25,,,,309,2,2026,2,2026-02-Q2,GUAYAS,perecedero,invalido
Tomate de Arbol (Carton aprox. 22 lb),11.79,11.95,1.0,309,2,2026,2,2026-02-Q2,GUAYAS,perecedero,completo
Tomate Rinon de Invernadero (Carton aprox. 55 lb),13.02,14.62,12.0,309,2,2026,2,2026-02-Q2,GUAYAS,perecedero,completo
Uva Negra (Caja aprox. 10 lb),,,,309,2,2026,2,2026-02-Q2,GUAYAS,perecedero,invalido
Yuca (Saco aprox. 190 lb),52.08,46.05,-12.0,309,2,2026,2,2026-02-Q2,GUAYAS,perecedero,completo
Zanahoria Amarilla (Saco aprox. 70 lb),9.9,8.67,-12.0,309,2,2026,2,2026-02-Q2,GUAYAS,perecedero,completo
Aguacate Fuerte (Ciento aprox. 55 lb),34.17,35.81,5.0,309,2,2026,2,2026-02-Q2,PICHINCHA,perecedero,completo
Ajo Bulbo Seco (Malla aprox. 22 lb),16.29,15.95,-2.0,309,2,2026,2,2026-02-Q2,PICHINCHA,perecedero,completo
Arveja Tierna en Vaina-Quantum (Bulto aprox. 110 lb),24.92,48.14,93.0,309,2,2026,2,2026-02-Q2,PICHINCHA,perecedero,completo
Banano (Guineo) (Carton aprox. 65 lb),15.29,15.48,1.0,309,2,2026,2,2026-02-Q2,PICHINCHA,perecedero,completo
Brocoli (Unidad aprox. 2 lb),0.5,0.45,-10.0,309,2,2026,2,2026-02-Q2,PICHINCHA,perecedero,completo
Cebolla Blanca en Rama (Atado aprox. 2.2 lb),0.8,0.82,4.0,309,2,2026,2,2026-02-Q2,PICHINCHA,perecedero,completo
Cebolla Colorada Nacional Seca (Malla aprox. 100 lb),29.09,26.81,-8.0,309,2,2026,2,2026-02-Q2,PICHINCHA,perecedero,completo
Cebolla Perla Nacional Seca (Quintal aprox. 100 lb),16.71,15.28,-9.0,309,2,2026,2,2026-02-Q2,PICHINCHA,perecedero,completo
Col (Bulto aprox. 120 lb),13.88,12.67,-9.0,309,2,2026,2,2026-02-Q2,PICHINCHA,perecedero,completo
Frejol en Vaina - Gema (Bulto aprox. 110 lb),33.5,38.76,16.0,309,2,2026,2,2026-02-Q2,PICHINCHA,perecedero,completo
Frutilla (Balde aprox. 25 lb),23.33,23.24,0.0,309,2,2026,2,2026-02-Q2,PICHINCHA,perecedero,completo
Haba Tierna en Vaina (Saco aprox. 85 lb),15.21,15.71,3.0,309,2,2026,2,2026-02-Q2,PICHINCHA,perecedero,completo
Lechuga (Carton aprox. 30 lb),4.71,3.71,-21.0,309,2,2026,2,2026-02-Q2,PICHINCHA,perecedero,completo
Limon Sutil (Malla aprox. 80 lb),14.54,16.33,12.0,309,2,2026,2,2026-02-Q2,PICHINCHA,perecedero,completo
Maiz Suave Choclo (Saco aprox. 110 lb),,,,309,2,2026,2,2026-02-Q2,PICHINCHA,perecedero,invalido
Mandarina de la Costa (Ciento aprox. 30 lb),,,,309,2,2026,2,2026-02-Q2,PICHINCHA,perecedero,invalido
Manzana Importada (Carton aprox. 44 lb) 37.43,,,,309,2,2026,2,2026-02-Q2,PICHINCHA,perecedero,invalido
Maracuya (Funda aprox. 40 lb),12.83,13.57,6.0,309,2,2026,2,2026-02-Q2,PICHINCHA,perecedero,completo
Mango de Chupar (Caja aprox. 55 lb) 24.67,,,,309,2,2026,2,2026-02-Q2,PICHINCHA,perecedero,invalido
Melon (Unidad aprox. 5 lb),1.51,1.88,25.0,309,2,2026,2,2026-02-Q2,PICHINCHA,perecedero,completo
Mora de Castilla (lb),0.73,0.76,4.0,309,2,2026,2,2026-02-Q2,PICHINCHA,perecedero,completo
Naranja (Ciento aprox. 50 lb),,,,309,2,2026,2,2026-02-Q2,PICHINCHA,perecedero,invalido
Naranjilla Hibrida (Saco aprox. 110 lb),42.08,45.14,7.0,309,2,2026,2,2026-02-Q2,PICHINCHA,perecedero,completo
Papa Super chola (qq),23.17,20.19,-13.0,309,2,2026,2,2026-02-Q2,PICHINCHA,perecedero,completo
Papaya Nacional (Unidad aprox. 7 lb),,,,309,2,2026,2,2026-02-Q2,PICHINCHA,perecedero,invalido
Pepinillo Pepino (Saco aprox. 67 lb),15.35,15.43,1.0,309,2,2026,2,2026-02-Q2,PICHINCHA,perecedero,completo
Pimiento (Saco aprox. 32.21 lb),6.46,9.33,45.0,309,2,2026,2,2026-02-Q2,PICHINCHA,perecedero,completo
Pina (Unidad aprox. 5 lb),1.16,1.22,5.0,309,2,2026,2,2026-02-Q2,PICHINCHA,perecedero,completo
Platano Barraganete Maduro (Racimo aprox. 160 lb),36.29,32.71,-10.0,309,2,2026,2,2026-02-Q2,PICHINCHA,perecedero,completo
Platano Barraganete Verde (Racimo aprox. 160 lb),36.29,32.71,-10.0,309,2,2026,2,2026-02-Q2,PICHINCHA,perecedero,completo
Remolacha (Saco aprox. 90 lb),7.75,9.57,24.0,309,2,2026,2,2026-02-Q2,PICHINCHA,perecedero,completo
Sandia Nacional (Unidad aprox. 17 lb),2.84,2.8,-1.0,309,2,2026,2,2026-02-Q2,PICHINCHA,perecedero,completo
Tomate de Arbol (Carton aprox. 22 lb),12.25,13.0,6.0,309,2,2026,2,2026-02-Q2,PICHINCHA,perecedero,completo
Tomate Rinon de Invernadero (Carton aprox. 40 lb),10.08,11.55,15.0,309,2,2026,2,2026-02-Q2,PICHINCHA,perecedero,completo
Uva Negra (Caja aprox. 22 lb),15.58,16.38,5.0,309,2,2026,2,2026-02-Q2,PICHINCHA,perecedero,completo
Yuca (Funda aprox. 130 lb),45.71,39.0,-15.0,309,2,2026,2,2026-02-Q2,PICHINCHA,perecedero,completo
Zanahoria Amarilla (Saco aprox. 90 lb),12.21,8.33,-32.0,309,2,2026,2,2026-02-Q2,PICHINCHA,perecedero,completo
Aceite Vegetal - Favorita (Caja aprox. 15 lt),33.0,33.0,0.0,309,2,2026,2,2026-02-Q2,AZUAY,no_perecedero,completo
Arroz Pilado Natural Grano Largo (qq),49.58,47.0,-5.0,309,2,2026,2,2026-02-Q2,AZUAY,no_perecedero,completo
Arveja Seca (qq),44.09,44.0,0.0,309,2,2026,2,2026-02-Q2,AZUAY,no_perecedero,completo
Avena Hojuelas (Saco aprox. 50 lb),20.25,20.0,-1.0,309,2,2026,2,2026-02-Q2,AZUAY,no_perecedero,completo
Azucar Blanca (Saco aprox. 50 Kg),39.59,39.34,-1.0,309,2,2026,2,2026-02-Q2,AZUAY,no_perecedero,completo
Fideo Lazo Chico (Paca aprox. 20 Kg),21.5,22.0,2.0,309,2,2026,2,2026-02-Q2,AZUAY,no_perecedero,completo
Frejol Seco Canario (qq),114.17,114.17,0.0,309,2,2026,2,2026-02-Q2,AZUAY,no_perecedero,completo
Haba Seca (qq),78.34,80.0,2.0,309,2,2026,2,2026-02-Q2,AZUAY,no_perecedero,completo
Huevo mediano (Cubeta 30 huevos),2.53,2.6,3.0,309,2,2026,2,2026-02-Q2,AZUAY,no_perecedero,completo
Lenteja (9q),60.75,60.67,0.0,309,2,2026,2,2026-02-Q2,AZUAY,no_perecedero,completo
Maiz Suave Seco Blanco - mote (qq),78.75,73.34,-7.0,309,2,2026,2,2026-02-Q2,AZUAY,no_perecedero,completo
Mani en Grano (qq),104.59,98.34,-6.0,309,2,2026,2,2026-02-Q2,AZUAY,no_perecedero,completo
Quinua (qq),116.5,118.34,2.0,309,2,2026,2,2026-02-Q2,AZUAY,no_perecedero,completo
Leche UHT - Entera (Funda de 1 l),1.03,1.05,2.0,309,2,2026,2,2026-02-Q2,AZUAY,no_perecedero,completo
Yogurt (Envase de 1 l),2.75,2.75,0.0,309,2,2026,2,2026-02-Q2,AZUAY,no_perecedero,completo
Bovino a la Canal (lb),2.18,2.2,1.0,309,2,2026,2,2026-02-Q2,AZUAY,no_perecedero,completo
Porcino a la Canal (lb),1.69,1.65,-2.0,309,2,2026,2,2026-02-Q2,AZUAY,no_perecedero,completo
Pollo Faenado Con Visceras (lb),1.17,1.32,12.0,309,2,2026,2,2026-02-Q2,AZUAY,no_perecedero,completo
Aceite Vegetal - Favorita (Caja aprox. 15 lt),31.25,31.33,0.0,309,2,2026,2,2026-02-Q2,GUAYAS,no_perecedero,completo
Aroz Pilado Natural Grano Largo (qq),30.52,29.33,-4.0,309,2,2026,2,2026-02-Q2,GUAYAS,no_perecedero,completo
Arveja Seca (qq),,,,309,2,2026,2,2026-02-Q2,GUAYAS,no_perecedero,invalido
Avena Hojuelas (Saco aprox. 50 lb),17.17,17.33,1.0,309,2,2026,2,2026-02-Q2,GUAYAS,no_perecedero,completo
Azucar Blanca (Saco aprox. 50 Kg),39.96,37.33,-7.0,309,2,2026,2,2026-02-Q2,GUAYAS,no_perecedero,completo
Fideo Lazo Chico (Paca aprox. 10 Kg),11.21,11.33,1.0,309,2,2026,2,2026-02-Q2,GUAYAS,no_perecedero,completo
Frejol Seco Canario (qq),118.83,115.33,-3.0,309,2,2026,2,2026-02-Q2,GUAYAS,no_perecedero,completo
Haba Seca (qq),,,,309,2,2026,2,2026-02-Q2,GUAYAS,no_perecedero,invalido
Huevo mediano (Cubeta 30 huevos),2.64,2.73,3.0,309,2,2026,2,2026-02-Q2,GUAYAS,no_perecedero,completo
Lenteja (qq),62.02,65.33,5.0,309,2,2026,2,2026-02-Q2,GUAYAS,no_perecedero,completo
Maiz Suave Seco Blanco - mote (qq),61.79,62.33,1.0,309,2,2026,2,2026-02-Q2,GUAYAS,no_perecedero,completo
Mani en Grano (qq),90.17,90.33,0.0,309,2,2026,2,2026-02-Q2,GUAYAS,no_perecedero,completo
Quinua (qq),,,,309,2,2026,2,2026-02-Q2,GUAYAS,no_perecedero,invalido
Leche UHT - Entera (Funda de 1 l),0.88,0.88,0.0,309,2,2026,2,2026-02-Q2,GUAYAS,no_perecedero,completo
Yogurt (Ervase de 1 l),1.71,1.71,0.0,309,2,2026,2,2026-02-Q2,GUAYAS,no_perecedero,completo
Bovino a la Canal (lb),2.05,2.08,2.0,309,2,2026,2,2026-02-Q2,GUAYAS,no_perecedero,completo
Porcino a la Canal (lb),1.89,1.89,0.0,309,2,2026,2,2026-02-Q2,GUAYAS,no_perecedero,completo
Pollo Faenado Con Visceras (lb),1.19,1.06,-11.0,309,2,2026,2,2026-02-Q2,GUAYAS,no_perecedero,completo
Aceite Vegetal - Favorita (Caja aprox. 15 lt),33.17,33.17,0.0,309,2,2026,2,2026-02-Q2,PICHINCHA,no_perecedero,completo
Aroz Pilado Natural Grano Largo (qq),54.33,54.33,0.0,309,2,2026,2,2026-02-Q2,PICHINCHA,no_perecedero,completo
Arveja Seca (qq),46.0,46.0,0.0,309,2,2026,2,2026-02-Q2,PICHINCHA,no_perecedero,completo
Avena Hojuelas (Saco aprox. 50 lb),16.5,16.5,0.0,309,2,2026,2,2026-02-Q2,PICHINCHA,no_perecedero,completo
Azucar Blanca (Saco aprox. 50 Kg),37.29,35.67,-4.0,309,2,2026,2,2026-02-Q2,PICHINCHA,no_perecedero,completo
Fideo Lazo Chico (Paca aprox. 20 Kg),21.67,21.67,0.0,309,2,2026,2,2026-02-Q2,PICHINCHA,no_perecedero,completo
Frejol Seco Canario (qq),108.33,110.0,2.0,309,2,2026,2,2026-02-Q2,PICHINCHA,no_perecedero,completo
Haba Seca (qq),136.67,138.34,1.0,309,2,2026,2,2026-02-Q2,PICHINCHA,no_perecedero,completo
Huevo mediano (Cubeta 30 huevos),2.53,2.75,9.0,309,2,2026,2,2026-02-Q2,PICHINCHA,no_perecedero,completo
Lenteja (qq),68.38,65.17,-5.0,309,2,2026,2,2026-02-Q2,PICHINCHA,no_perecedero,completo
Maiz Suave Seco Blanco - mote (qq),56.67,56.67,0.0,309,2,2026,2,2026-02-Q2,PICHINCHA,no_perecedero,completo
Mani en Grano (qq),101.67,101.67,0.0,309,2,2026,2,2026-02-Q2,PICHINCHA,no_perecedero,completo
Quinua (qq),120.33,123.0,2.0,309,2,2026,2,2026-02-Q2,PICHINCHA,no_perecedero,completo
Leche UHT - Entera (Funda de 1 l),0.78,0.78,0.0,309,2,2026,2,2026-02-Q2,PICHINCHA,no_perecedero,completo
Yogurt (Ervase de 1 l),2.08,2.2,6.0,309,2,2026,2,2026-02-Q2,PICHINCHA,no_perecedero,completo
Bovino a la Canal (lb) 1.91,,,,309,2,2026,2,2026-02-Q2,PICHINCHA,no_perecedero,invalido
Porcino a la Canal (lb) 1.69,,,,309,2,2026,2,2026-02-Q2,PICHINCHA,no_perecedero,invalido
Pollo Faenado Con Visceras (lb),,,,309,2,2026,2,2026-02-Q2,PICHINCHA,no_perecedero,invalido
Aguacate Fuerte (Ciento aprox. 55 lb),56.25,50.0,-11.0,308,2,2026,1,2026-02-Q1,AZUAY,perecedero,completo
Ajo Bulbo Seco (Malla aprox. 22 lb),18.0,18.0,0.0,308,2,2026,1,2026-02-Q1,AZUAY,perecedero,completo
Arveja Tierna en Vaina-Quantum (Saco aprox. 60 lb),13.13,18.0,37.0,308,2,2026,1,2026-02-Q1,AZUAY,perecedero,completo
Banano (Guineo) (Carton aprox. 40 lb),9.0,9.0,0.0,308,2,2026,1,2026-02-Q1,AZUAY,perecedero,completo
Brocoli (Unidad aprox. 2 lb),0.82,0.8,-2.0,308,2,2026,1,2026-02-Q1,AZUAY,perecedero,completo
Cebolla Blanca en Rama (Atado aprox. 5 lb),2.0,2.0,0.0,308,2,2026,1,2026-02-Q1,AZUAY,perecedero,completo
Cebolla Colorada Nacional Seca (Malla aprox. 100 lb),29.88,25.25,-15.0,308,2,2026,1,2026-02-Q1,AZUAY,perecedero,completo
Cebolla Perla Nacional Seca (Malla aprox. 100 lb),24.75,20.0,-19.0,308,2,2026,1,2026-02-Q1,AZUAY,perecedero,completo
Col (Unidad aprox. 13 lb),1.06,1.19,12.0,308,2,2026,1,2026-02-Q1,AZUAY,perecedero,completo
Frejol Tierno en Vaina Canario (Saco aprox. 55 lb),27.63,30.0,9.0,308,2,2026,1,2026-02-Q1,AZUAY,perecedero,completo
Frutilla (Balde aprox. 30 lb),28.38,28.25,0.0,308,2,2026,1,2026-02-Q1,AZUAY,perecedero,completo
Haba Tierna en Vaina (Saco aprox. 70 lb),15.5,16.5,6.0,308,2,2026,1,2026-02-Q1,AZUAY,perecedero,completo
Lechuga (Bulto aprox. 85 lb),15.75,12.0,-24.0,308,2,2026,1,2026-02-Q1,AZUAY,perecedero,completo
Limon Sutil (Malla aprox. 95 lb),22.38,25.75,15.0,308,2,2026,1,2026-02-Q1,AZUAY,perecedero,completo
Maiz Suave Choclo (Saco aprox. 100 lb),30.25,30.0,-0.8,308,2,2026,1,2026-02-Q1,AZUAY,perecedero,completo
Mandarina de la Costa (Ciento aprox. 30 lb),,,,308,2,2026,1,2026-02-Q1,AZUAY,perecedero,invalido
Manzana Importada (Carton aprox. 44 lb),35.13,38.0,8.0,308,2,2026,1,2026-02-Q1,AZUAY,perecedero,completo
Maracuya (Saco aprox. 40 lb),13.5,13.0,-4.0,308,2,2026,1,2026-02-Q1,AZUAY,perecedero,completo
Mango de Chupar (Caja aprox. 55 lb),,,,308,2,2026,1,2026-02-Q1,AZUAY,perecedero,invalido
Melon (Unidad aprox. 5 lb),2.0,2.0,0.0,308,2,2026,1,2026-02-Q1,AZUAY,perecedero,completo
Mora de Castilla (Caja aprox. 5 lb),3.88,5.38,39.0,308,2,2026,1,2026-02-Q1,AZUAY,perecedero,completo
Naranja (Malla aprox. 100 lb),24.25,24.5,1.0,308,2,2026,1,2026-02-Q1,AZUAY,perecedero,completo
Naranjilla Hibrida (Caja aprox. 30 lb),17.5,17.25,-1.0,308,2,2026,1,2026-02-Q1,AZUAY,perecedero,completo
Papa Super Chola (Quintal aprox. 100 lb),25.38,26.5,4.0,308,2,2026,1,2026-02-Q1,AZUAY,perecedero,completo
Papaya Nacional (Unidad aprox. 4 lb),,,,308,2,2026,1,2026-02-Q1,AZUAY,perecedero,invalido
Pepinillo Pepino (Saco aprox. 45 lb),,,,308,2,2026,1,2026-02-Q1,AZUAY,perecedero,invalido
Pimiento (Saco aprox. 45 lb),11.0,10.0,-9.0,308,2,2026,1,2026-02-Q1,AZUAY,perecedero,completo
Pina (Docena aprox. 65 lb),20.0,20.0,0.0,308,2,2026,1,2026-02-Q1,AZUAY,perecedero,completo
Platano Barraganete Maduro (Caja aprox. 105 lb),47.0,45.0,-4.0,308,2,2026,1,2026-02-Q1,AZUAY,perecedero,completo
Platano Barraganete Verde (Caja aprox. 105 lb),47.0,45.0,-4.0,308,2,2026,1,2026-02-Q1,AZUAY,perecedero,completo
Remolacha (Saco aprox. 70 lb),7.13,8.25,16.0,308,2,2026,1,2026-02-Q1,AZUAY,perecedero,completo
Sandia Nacional (Unidad aprox. 6 lb),2.0,2.0,0.0,308,2,2026,1,2026-02-Q1,AZUAY,perecedero,completo
Tomate de Arbol (Carton aprox. 22 lb),13.19,13.0,-1.0,308,2,2026,1,2026-02-Q1,AZUAY,perecedero,completo
Tomate Rifion de Invernadero (Gaveta aprox. 40 lb),14.25,14.75,4.0,308,2,2026,1,2026-02-Q1,AZUAY,perecedero,completo
Uva Negra (Caja aprox. 22 lb),,,,308,2,2026,1,2026-02-Q1,AZUAY,perecedero,invalido
Yuca (Funda aprox. 90 lb),30.0,28.0,-7.0,308,2,2026,1,2026-02-Q1,AZUAY,perecedero,completo
Zanahoria Amarilla (Saco aprox. 70 lb),13.25,12.75,-4.0,308,2,2026,1,2026-02-Q1,AZUAY,perecedero,completo
Aguacate Fuerte (Carton aprox. 22 lb),22.45,20.67,-8.0,308,2,2026,1,2026-02-Q1,GUAYAS,perecedero,completo
Ajo Bulbo Seco (Malla aprox. 22 lb),15.92,15.42,-3.0,308,2,2026,1,2026-02-Q1,GUAYAS,perecedero,completo
Arveja Tierna en Vaina-Quantum (Saco aprox. 60 lb),28.27,42.5,50.0,308,2,2026,1,2026-02-Q1,GUAYAS,perecedero,completo
Banano (Guineo) (Carton aprox. 65 lb),7.41,6.96,-6.0,308,2,2026,1,2026-02-Q1,GUAYAS,perecedero,completo
Brocoli (Unidad aprox. 2 lb),0.53,0.88,65.0,308,2,2026,1,2026-02-Q1,GUAYAS,perecedero,completo
Cebolla Blanca en Rama (Atado aprox. 5 lb),1.58,1.42,-10.0,308,2,2026,1,2026-02-Q1,GUAYAS,perecedero,completo
Cebolla Colorada Nacional Seca (Malla aprox. 100 lb),12.46,12.42,0.0,308,2,2026,1,2026-02-Q1,GUAYAS,perecedero,completo
Cebolla Perla Nacional Seca (Malla aprox. 100 lb),18.17,18.33,1.0,308,2,2026,1,2026-02-Q1,GUAYAS,perecedero,completo
Col (Malla aprox. 105 lb),14.65,14.33,-2.0,308,2,2026,1,2026-02-Q1,GUAYAS,perecedero,completo
Frejol en Vaina - Gema (Bulto aprox. 110 lb),47.58,52.5,10.0,308,2,2026,1,2026-02-Q1,GUAYAS,perecedero,completo
Frutilla (Balde aprox. 30 lb),36.19,29.09,-20.0,308,2,2026,1,2026-02-Q1,GUAYAS,perecedero,completo
Haba Tierna en Vaina (Saco aprox. 70 lb),12.97,11.5,-11.0,308,2,2026,1,2026-02-Q1,GUAYAS,perecedero,completo
Lechuga (Bulto aprox. 85 lb),14.71,6.12,-58.0,308,2,2026,1,2026-02-Q1,GUAYAS,perecedero,completo
Limon Sutil (Malla aprox. 80 lb),16.08,15.58,-3.0,308,2,2026,1,2026-02-Q1,GUAYAS,perecedero,completo
Maiz Suave Choclo (Saco aprox. 110 lb),33.33,35.33,6.0,308,2,2026,1,2026-02-Q1,GUAYAS,perecedero,completo
Mandarina de la Costa (Ciento aprox. 30 lb),,,,308,2,2026,1,2026-02-Q1,GUAYAS,perecedero,invalido
Manzana Importada (Carton aprox. 44 lb),34.44,34.33,0.0,308,2,2026,1,2026-02-Q1,GUAYAS,perecedero,completo
Maracuya (Ciento aprox. 40 lb),12.79,14.92,17.0,308,2,2026,1,2026-02-Q1,GUAYAS,perecedero,completo
Mango de Chupar (Caja aprox. 55 lb) 10.36,,,,308,2,2026,1,2026-02-Q1,GUAYAS,perecedero,invalido
Melon (Docena aprox. 65 lb),19.48,19.42,0.0,308,2,2026,1,2026-02-Q1,GUAYAS,perecedero,completo
Mora de Castilla (Balde aprox. 15 lb),12.13,13.92,15.0,308,2,2026,1,2026-02-Q1,GUAYAS,perecedero,completo
Naranja (Ciento aprox. 50 lb),11.71,11.5,-2.0,308,2,2026,1,2026-02-Q1,GUAYAS,perecedero,completo
Naranjilla Hibrida (Caja aprox. 30 lb),15.13,15.67,4.0,308,2,2026,1,2026-02-Q1,GUAYAS,perecedero,completo
Papa Super Chola (Quintal aprox. 100 lb),28.4,26.92,-5.0,308,2,2026,1,2026-02-Q1,GUAYAS,perecedero,completo
Papaya Nacional (Docena aprox. 80 lb),,,,308,2,2026,1,2026-02-Q1,GUAYAS,perecedero,invalido
Pepinillo Pepino (Docena aprox. 12 lb),4.01,4.42,10.0,308,2,2026,1,2026-02-Q1,GUAYAS,perecedero,completo
Pimiento (Saco aprox. 80 lb),20.52,20.75,1.0,308,2,2026,1,2026-02-Q1,GUAYAS,perecedero,completo
Pina (Docena aprox. 65 lb),17.98,17.42,-3.0,308,2,2026,1,2026-02-Q1,GUAYAS,perecedero,completo
Platano Barraganete Maduro (Carton aprox. 70 lb),15.31,15.33,0.0,308,2,2026,1,2026-02-Q1,GUAYAS,perecedero,completo
Platano Barraganete Verde (Carton aprox. 70 lb),15.35,15.33,0.0,308,2,2026,1,2026-02-Q1,GUAYAS,perecedero,completo
Remolacha (Saco aprox. 80 lb),7.88,11.67,48.0,308,2,2026,1,2026-02-Q1,GUAYAS,perecedero,completo
Sandia Nacional (Docena aprox. 205 lb) 40.25,,,,308,2,2026,1,2026-02-Q1,GUAYAS,perecedero,invalido
Tomate de Arbol (Carton aprox. 22 lb),11.79,12.42,5.0,308,2,2026,1,2026-02-Q1,GUAYAS,perecedero,completo
Tomate Rinon de Invernadero (Carton aprox. 55 lb),13.02,11.5,-12.0,308,2,2026,1,2026-02-Q1,GUAYAS,perecedero,completo
Uva Negra (Caja aprox. 10 lb),,,,308,2,2026,1,2026-02-Q1,GUAYAS,perecedero,invalido
Yuca (Saco aprox. 190 lb),52.08,45.42,-13.0,308,2,2026,1,2026-02-Q1,GUAYAS,perecedero,completo
Zanahoria Amarilla (Saco aprox. 70 lb),9.9,7.5,-24.0,308,2,2026,1,2026-02-Q1,GUAYAS,perecedero,completo
Aguacate Fuerte (Ciento aprox. 55 lb),34.17,37.5,10.0,308,2,2026,1,2026-02-Q1,PICHINCHA,perecedero,completo
Ajo Bulbo Seco (Malla aprox. 22 lb),16.29,16.0,-2.0,308,2,2026,1,2026-02-Q1,PICHINCHA,perecedero,completo
Arveja Tierna en Vaina-Quantum (Bulto aprox. 110 lb),24.92,40.42,62.0,308,2,2026,1,2026-02-Q1,PICHINCHA,perecedero,completo
Banano (Guineo) (Carton aprox. 65 lb),15.29,15.67,2.0,308,2,2026,1,2026-02-Q1,PICHINCHA,perecedero,completo
Brocoli (Unidad aprox. 2 lb),0.5,0.51,2.0,308,2,2026,1,2026-02-Q1,PICHINCHA,perecedero,completo
Cebolla Blanca en Rama (Atado aprox. 2.2 lb),0.8,0.85,6.0,308,2,2026,1,2026-02-Q1,PICHINCHA,perecedero,completo
Cebolla Colorada Nacional Seca (Malla aprox. 100 lb),29.09,26.33,-9.0,308,2,2026,1,2026-02-Q1,PICHINCHA,perecedero,completo
Cebolla Perla Nacional Seca (Quintal aprox. 100 lb),16.71,15.5,-7.0,308,2,2026,1,2026-02-Q1,PICHINCHA,perecedero,completo
Col (Bulto aprox. 120 lb),13.88,12.17,-12.0,308,2,2026,1,2026-02-Q1,PICHINCHA,perecedero,completo
Frejol en Vaina - Gema (Bulto aprox. 110 lb),33.5,39.33,17.0,308,2,2026,1,2026-02-Q1,PICHINCHA,perecedero,completo
Frutilla (Balde aprox. 25 lb),23.33,23.0,-1.0,308,2,2026,1,2026-02-Q1,PICHINCHA,perecedero,completo
Haba Tierna en Vaina (Saco aprox. 85 lb),15.21,15.67,3.0,308,2,2026,1,2026-02-Q1,PICHINCHA,perecedero,completo
Lechuga (Carton aprox. 30 lb),4.71,3.75,-20.0,308,2,2026,1,2026-02-Q1,PICHINCHA,perecedero,completo
Limon Sutil (Malla aprox. 80 lb),14.54,16.25,12.0,308,2,2026,1,2026-02-Q1,PICHINCHA,perecedero,completo
Maiz Suave Choclo (Saco aprox. 110 lb),,,,308,2,2026,1,2026-02-Q1,PICHINCHA,perecedero,invalido
Mandarina de la Costa (Ciento aprox. 30 lb),,,,308,2,2026,1,2026-02-Q1,PICHINCHA,perecedero,invalido
Manzana Importada (Carton aprox. 44 lb) 38.00,,,,308,2,2026,1,2026-02-Q1,PICHINCHA,perecedero,invalido
Maracuya (Funda aprox. 40 lb),12.83,12.08,-6.0,308,2,2026,1,2026-02-Q1,PICHINCHA,perecedero,completo
Mango de Chupar (Caja aprox. 55 lb) 24.67,,,,308,2,2026,1,2026-02-Q1,PICHINCHA,perecedero,invalido
Melon (Unidad aprox. 5 lb),1.51,1.88,25.0,308,2,2026,1,2026-02-Q1,PICHINCHA,perecedero,completo
Mora de Castilla (lb),0.73,0.8,10.0,308,2,2026,1,2026-02-Q1,PICHINCHA,perecedero,completo
Naranja (Ciento aprox. 50 lb),,,,308,2,2026,1,2026-02-Q1,PICHINCHA,perecedero,invalido
Naranjilla Hibrida (Saco aprox. 110 lb),42.08,44.5,6.0,308,2,2026,1,2026-02-Q1,PICHINCHA,perecedero,completo
Papa Super chola (qq),23.17,20.33,-12.0,308,2,2026,1,2026-02-Q1,PICHINCHA,perecedero,completo
Papaya Nacional (Unidad aprox. 7 lb),,,,308,2,2026,1,2026-02-Q1,PICHINCHA,perecedero,invalido
Pepinillo Pepino (Saco aprox. 67 lb),15.35,17.75,16.0,308,2,2026,1,2026-02-Q1,PICHINCHA,perecedero,completo
Pimiento (Saco aprox. 32.21 lb),6.46,7.92,23.0,308,2,2026,1,2026-02-Q1,PICHINCHA,perecedero,completo
Pina (Unidad aprox. 5 lb),1.16,1.2,3.0,308,2,2026,1,2026-02-Q1,PICHINCHA,perecedero,completo
Platano Barraganete Maduro (Racimo aprox. 160 lb),36.29,33.83,-7.0,308,2,2026,1,2026-02-Q1,PICHINCHA,perecedero,completo
Platano Barraganete Verde (Racimo aprox. 160 lb),36.29,33.83,-7.0,308,2,2026,1,2026-02-Q1,PICHINCHA,perecedero,completo
Remolacha (Saco aprox. 90 lb),7.75,9.67,25.0,308,2,2026,1,2026-02-Q1,PICHINCHA,perecedero,completo
Sandia Nacional (Unidad aprox. 17 lb),2.84,2.8,-1.0,308,2,2026,1,2026-02-Q1,PICHINCHA,perecedero,completo
Tomate de Arbol (Carton aprox. 22 lb),12.25,13.0,6.0,308,2,2026,1,2026-02-Q1,PICHINCHA,perecedero,completo
Tomate Rinon de Invernadero (Carton aprox. 40 lb),10.08,9.38,-7.0,308,2,2026,1,2026-02-Q1,PICHINCHA,perecedero,completo
Uva Negra (Caja aprox. 22 lb),15.58,15.67,1.0,308,2,2026,1,2026-02-Q1,PICHINCHA,perecedero,completo
Yuca (Funda aprox. 130 lb),45.71,39.75,-13.0,308,2,2026,1,2026-02-Q1,PICHINCHA,perecedero,completo
Zanahoria Amarilla (Saco aprox. 90 lb),12.21,8.83,-28.0,308,2,2026,1,2026-02-Q1,PICHINCHA,perecedero,completo
Aceite Vegetal - Favorita (Caja aprox. 15 lt),33.0,33.0,0.0,308,2,2026,1,2026-02-Q1,AZUAY,no_perecedero,completo
Arroz Pilado Natural Grano Largo (qq),49.58,47.0,-5.0,308,2,2026,1,2026-02-Q1,AZUAY,no_perecedero,completo
Arveja Seca (qq),44.09,44.0,0.0,308,2,2026,1,2026-02-Q1,AZUAY,no_perecedero,completo
Avena Hojuelas (Saco aprox. 50 lb),20.25,20.0,-1.0,308,2,2026,1,2026-02-Q1,AZUAY,no_perecedero,completo
Azucar Blanca (Saco aprox. 50 Kg),39.59,39.34,-1.0,308,2,2026,1,2026-02-Q1,AZUAY,no_perecedero,completo
Fideo Lazo Chico (Paca aprox. 20 Kg),21.5,22.0,2.0,308,2,2026,1,2026-02-Q1,AZUAY,no_perecedero,completo
Frejol Seco Canario (qq),114.17,114.17,0.0,308,2,2026,1,2026-02-Q1,AZUAY,no_perecedero,completo
Haba Seca (qq),78.34,80.0,2.0,308,2,2026,1,2026-02-Q1,AZUAY,no_perecedero,completo
Huevo mediano (Cubeta 30 huevos),2.53,2.6,3.0,308,2,2026,1,2026-02-Q1,AZUAY,no_perecedero,completo
Lenteja (qq),60.75,60.67,0.0,308,2,2026,1,2026-02-Q1,AZUAY,no_perecedero,completo
Maiz Suave Seco Blanco - mote (qq),78.75,73.34,-7.0,308,2,2026,1,2026-02-Q1,AZUAY,no_perecedero,completo
Mani en Grano (qq),104.59,98.34,-6.0,308,2,2026,1,2026-02-Q1,AZUAY,no_perecedero,completo
Quinua (qq),116.5,118.34,2.0,308,2,2026,1,2026-02-Q1,AZUAY,no_perecedero,completo
Leche UHT - Entera (Funda de 1 l),1.03,1.05,2.0,308,2,2026,1,2026-02-Q1,AZUAY,no_perecedero,completo
Yogurt (Envase de 1 l),2.75,2.75,0.0,308,2,2026,1,2026-02-Q1,AZUAY,no_perecedero,completo
Bovino a la Canal (lb),2.18,2.2,1.0,308,2,2026,1,2026-02-Q1,AZUAY,no_perecedero,completo
Porcino a la Canal (lb),1.69,1.65,-2.0,308,2,2026,1,2026-02-Q1,AZUAY,no_perecedero,completo
Pollo Faenado Con Visceras (lb),1.17,1.32,,308,2,2026,1,2026-02-Q1,AZUAY,no_perecedero,completo
Aceite Vegetal - Favorita (Caja aprox. 15 lt),31.25,31.33,0.0,308,2,2026,1,2026-02-Q1,GUAYAS,no_perecedero,completo
Arroz Pilado Natural Grano Largo (qq),30.52,29.33,-4.0,308,2,2026,1,2026-02-Q1,GUAYAS,no_perecedero,completo
Arveja Seca (qq),,,,308,2,2026,1,2026-02-Q1,GUAYAS,no_perecedero,invalido
Avena Hojuelas (Saco aprox. 50 lb),17.17,17.33,1.0,308,2,2026,1,2026-02-Q1,GUAYAS,no_perecedero,completo
Azucar Blanca (Saco aprox. 50 Kg),39.96,37.33,-7.0,308,2,2026,1,2026-02-Q1,GUAYAS,no_perecedero,completo
Fideo Lazo Chico (Paca aprox. 10 Kg),11.21,11.33,1.0,308,2,2026,1,2026-02-Q1,GUAYAS,no_perecedero,completo
Frejol Seco Canario (qq),118.83,115.33,-3.0,308,2,2026,1,2026-02-Q1,GUAYAS,no_perecedero,completo
Haba Seca (qq),,,,308,2,2026,1,2026-02-Q1,GUAYAS,no_perecedero,invalido
Huevo mediano (Cubeta 30 huevos),2.64,2.73,3.0,308,2,2026,1,2026-02-Q1,GUAYAS,no_perecedero,completo
Lenteja (qq),62.02,65.33,5.0,308,2,2026,1,2026-02-Q1,GUAYAS,no_perecedero,completo
Maiz Suave Seco Blanco - mote (qq),61.79,62.33,1.0,308,2,2026,1,2026-02-Q1,GUAYAS,no_perecedero,completo
Mani en Grano (qq),90.17,90.33,0.0,308,2,2026,1,2026-02-Q1,GUAYAS,no_perecedero,completo
Quinua (qq),,,,308,2,2026,1,2026-02-Q1,GUAYAS,no_perecedero,invalido
Leche UHT - Entera (Funda de 1 l),0.88,0.88,0.0,308,2,2026,1,2026-02-Q1,GUAYAS,no_perecedero,completo
Yogurt (Envase de 1 l),1.71,1.71,0.0,308,2,2026,1,2026-02-Q1,GUAYAS,no_perecedero,completo
Bovino a la Canal (lb),2.05,2.08,2.0,308,2,2026,1,2026-02-Q1,GUAYAS,no_perecedero,completo
Porcino a la Canal (lb),1.89,1.89,0.0,308,2,2026,1,2026-02-Q1,GUAYAS,no_perecedero,completo
Pollo Faenado Con Visceras (Ilb),1.19,1.06,-11.0,308,2,2026,1,2026-02-Q1,GUAYAS,no_perecedero,completo
Aceite Vegetal - Favorita (Caja aprox. 15 lt),33.17,33.17,0.0,308,2,2026,1,2026-02-Q1,PICHINCHA,no_perecedero,completo
Arroz Pilado Natural Grano Largo (qq),54.33,54.33,0.0,308,2,2026,1,2026-02-Q1,PICHINCHA,no_perecedero,completo
Arveja Seca (qq),46.0,46.0,0.0,308,2,2026,1,2026-02-Q1,PICHINCHA,no_perecedero,completo
Avena Hojuelas (Saco aprox. 50 lb),16.5,16.5,0.0,308,2,2026,1,2026-02-Q1,PICHINCHA,no_perecedero,completo
Azucar Blanca (Saco aprox. 50 Kg),37.29,35.67,-4.0,308,2,2026,1,2026-02-Q1,PICHINCHA,no_perecedero,completo
Fideo Lazo Chico (Paca aprox. 20 Kg),21.67,21.67,0.0,308,2,2026,1,2026-02-Q1,PICHINCHA,no_perecedero,completo
Frejol Seco Canario (qq),108.33,110.0,2.0,308,2,2026,1,2026-02-Q1,PICHINCHA,no_perecedero,completo
Haba Seca (qq),136.67,138.34,1.0,308,2,2026,1,2026-02-Q1,PICHINCHA,no_perecedero,completo
Huevo mediano (Cubeta 30 huevos),2.53,2.75,9.0,308,2,2026,1,2026-02-Q1,PICHINCHA,no_perecedero,completo
Lenteja (qq),68.38,65.17,-5.0,308,2,2026,1,2026-02-Q1,PICHINCHA,no_perecedero,completo
Maiz Suave Seco Blanco - mote (qq),56.67,56.67,0.0,308,2,2026,1,2026-02-Q1,PICHINCHA,no_perecedero,completo
Mani en Grano (qq),101.67,101.67,0.0,308,2,2026,1,2026-02-Q1,PICHINCHA,no_perecedero,completo
Quinua (qq),120.33,123.0,2.0,308,2,2026,1,2026-02-Q1,PICHINCHA,no_perecedero,completo
Leche UHT - Entera (Funda de 1 l),0.78,0.78,0.0,308,2,2026,1,2026-02-Q1,PICHINCHA,no_perecedero,completo
Yogurt (Envase de 1 l),2.08,2.2,6.0,308,2,2026,1,2026-02-Q1,PICHINCHA,no_perecedero,completo
Bovino a la Canal (lb) 1.91,,,,308,2,2026,1,2026-02-Q1,PICHINCHA,no_perecedero,invalido
Porcino a la Canal (lb) 1.69,,,,308,2,2026,1,2026-02-Q1,PICHINCHA,no_perecedero,invalido
Pollo Faenado Con Visceras (lb),,,,308,2,2026,1,2026-02-Q1,PICHINCHA,no_perecedero,invalido
Aguacate Fuerte (Ciento aprox. 55 lb),56.67,56.25,-1.0,307,1,2026,2,2026-01-Q2,AZUAY,perecedero,completo
Ajo Bulbo Seco (Malla aprox. 22 lb),18.0,18.0,0.0,307,1,2026,2,2026-01-Q2,AZUAY,perecedero,completo
Arveja Tierna en Vaina-Quantum (Saco aprox. 60 lb),23.33,13.13,-44.0,307,1,2026,2,2026-01-Q2,AZUAY,perecedero,completo
Banano (Guineo) (Carton aprox. 40 lb),9.0,9.0,0.0,307,1,2026,2,2026-01-Q2,AZUAY,perecedero,completo
Brocoli (Unidad aprox. 2 lb),0.83,0.82,-2.0,307,1,2026,2,2026-01-Q2,AZUAY,perecedero,completo
Cebolla Blanca en Rama (Atado aprox. 5 lb),2.0,2.0,0.0,307,1,2026,2,2026-01-Q2,AZUAY,perecedero,completo
Cebolla Colorada Nacional Seca (Malla aprox. 100 lb),25.11,29.88,19.0,307,1,2026,2,2026-01-Q2,AZUAY,perecedero,completo
Cebolla Perla Nacional Seca (Malla aprox. 100 lb),22.67,24.75,9.0,307,1,2026,2,2026-01-Q2,AZUAY,perecedero,completo
Col (Unidad aprox. 13 lb),1.0,1.06,6.0,307,1,2026,2,2026-01-Q2,AZUAY,perecedero,completo
Frejol Tierno en Vaina Canario (Saco aprox. 55 lb),32.22,27.63,-14.0,307,1,2026,2,2026-01-Q2,AZUAY,perecedero,completo
Frutilla (Balde aprox. 30 lb),25.67,28.38,11.0,307,1,2026,2,2026-01-Q2,AZUAY,perecedero,completo
Haba Tierna en Vaina (Saco aprox. 70 lb),15.56,15.5,0.0,307,1,2026,2,2026-01-Q2,AZUAY,perecedero,completo
Lechuga (Bulto aprox. 85 lb),14.67,15.75,7.0,307,1,2026,2,2026-01-Q2,AZUAY,perecedero,completo
Limon Sutil (Malla aprox. 95 lb),23.56,22.38,-5.0,307,1,2026,2,2026-01-Q2,AZUAY,perecedero,completo
Maiz Suave Choclo (Saco aprox. 100 lb),29.56,30.25,2.3,307,1,2026,2,2026-01-Q2,AZUAY,perecedero,completo
Mandarina de la Costa (Ciento aprox. 30 lb),,,,307,1,2026,2,2026-01-Q2,AZUAY,perecedero,invalido
Manzana Importada (Carton aprox. 44 lb),34.0,35.13,3.0,307,1,2026,2,2026-01-Q2,AZUAY,perecedero,completo
Maracuya (Saco aprox. 40 lb),13.44,13.5,0.0,307,1,2026,2,2026-01-Q2,AZUAY,perecedero,completo
Mango de Chupar (Caja aprox. 55 lb),,,,307,1,2026,2,2026-01-Q2,AZUAY,perecedero,invalido
Melon (Unidad aprox. 5 lb),2.0,2.0,0.0,307,1,2026,2,2026-01-Q2,AZUAY,perecedero,completo
Mora de Castilla (Caja aprox. 5 lb),3.5,3.88,11.0,307,1,2026,2,2026-01-Q2,AZUAY,perecedero,completo
Naranja (Malla aprox. 100 lb),15.56,24.25,56.0,307,1,2026,2,2026-01-Q2,AZUAY,perecedero,completo
Naranjilla Hibrida (Caja aprox. 30 lb),18.33,17.5,-5.0,307,1,2026,2,2026-01-Q2,AZUAY,perecedero,completo
Papa Super Chola (Quintal aprox. 100 lb),26.0,25.38,-2.0,307,1,2026,2,2026-01-Q2,AZUAY,perecedero,completo
Papaya Nacional (Unidad aprox. 4 lb),,,,307,1,2026,2,2026-01-Q2,AZUAY,perecedero,invalido
Pepinillo Pepino (Saco aprox. 45 lb),,,,307,1,2026,2,2026-01-Q2,AZUAY,perecedero,invalido
Pimiento (Saco aprox. 45 lb),12.67,11.0,-13.0,307,1,2026,2,2026-01-Q2,AZUAY,perecedero,completo
Pina (Docena aprox. 65 lb),20.0,20.0,0.0,307,1,2026,2,2026-01-Q2,AZUAY,perecedero,completo
Platano Barraganete Maduro (Caja aprox. 105 lb),54.56,47.0,-14.0,307,1,2026,2,2026-01-Q2,AZUAY,perecedero,completo
Platano Barraganete Verde (Caja aprox. 105 lb),54.56,47.0,-14.0,307,1,2026,2,2026-01-Q2,AZUAY,perecedero,completo
Remolacha (Saco aprox. 70 lb),7.56,7.13,-6.0,307,1,2026,2,2026-01-Q2,AZUAY,perecedero,completo
Sandia Nacional (Unidad aprox. 6 lb),2.0,2.0,0.0,307,1,2026,2,2026-01-Q2,AZUAY,perecedero,completo
Tomate de Arbol (Carton aprox. 22 lb),13.11,13.19,1.0,307,1,2026,2,2026-01-Q2,AZUAY,perecedero,completo
Tomate Rinion de Invernadero (Gaveta aprox. 40 lb),15.0,14.25,-5.0,307,1,2026,2,2026-01-Q2,AZUAY,perecedero,completo
Uva Negra (Caja aprox. 22 lb),,,,307,1,2026,2,2026-01-Q2,AZUAY,perecedero,invalido
Yuca (Funda aprox. 90 lb),28.22,30.0,6.0,307,1,2026,2,2026-01-Q2,AZUAY,perecedero,completo
Zanahoria Amarilla (Saco aprox. 70 lb),17.22,13.25,-23.0,307,1,2026,2,2026-01-Q2,AZUAY,perecedero,completo
Aguacate Fuerte (Carton aprox. 22 lb),25.48,22.45,-12.0,307,1,2026,2,2026-01-Q2,GUAYAS,perecedero,completo
Ajo Bulbo Seco (Malla aprox. 22 lb),18.21,15.92,-13.0,307,1,2026,2,2026-01-Q2,GUAYAS,perecedero,completo
Arveja Tierna en Vaina-Quantum (Saco aprox. 60 lb),44.0,28.27,-36.0,307,1,2026,2,2026-01-Q2,GUAYAS,perecedero,completo
Banano (Guineo) (Carton aprox. 65 lb),7.04,7.41,5.0,307,1,2026,2,2026-01-Q2,GUAYAS,perecedero,completo
Brocoli (Unidad aprox. 2 lb),0.5,0.53,6.0,307,1,2026,2,2026-01-Q2,GUAYAS,perecedero,completo
Cebolla Blanca en Rama (Atado aprox. 5 lb),1.52,1.58,4.0,307,1,2026,2,2026-01-Q2,GUAYAS,perecedero,completo
Cebolla Colorada Nacional Seca (Malla aprox. 100 lb),12.64,12.46,-1.0,307,1,2026,2,2026-01-Q2,GUAYAS,perecedero,completo
Cebolla Perla Nacional Seca (Malla aprox. 100 lb),17.48,18.17,4.0,307,1,2026,2,2026-01-Q2,GUAYAS,perecedero,completo
Col (Malla aprox. 105 lb),6.78,14.65,116.0,307,1,2026,2,2026-01-Q2,GUAYAS,perecedero,completo
Frejol en Vaina - Gema (Bulto aprox. 110 lb),52.54,47.58,-9.0,307,1,2026,2,2026-01-Q2,GUAYAS,perecedero,completo
Frutilla (Balde aprox. 30 lb),28.71,36.19,26.0,307,1,2026,2,2026-01-Q2,GUAYAS,perecedero,completo
Haba Tierna en Vaina (Saco aprox. 70 lb),11.56,12.97,12.0,307,1,2026,2,2026-01-Q2,GUAYAS,perecedero,completo
Lechuga (Bulto aprox. 85 lb),8.04,14.71,83.0,307,1,2026,2,2026-01-Q2,GUAYAS,perecedero,completo
Limon Sutil (Malla aprox. 95 lb) 13.92,,,,307,1,2026,2,2026-01-Q2,GUAYAS,perecedero,invalido
Maiz Suave Choclo (Saco aprox. 110 lb),31.29,33.33,7.0,307,1,2026,2,2026-01-Q2,GUAYAS,perecedero,completo
Mandarina de la Costa (Ciento aprox. 30 lb) 5.63,,,,307,1,2026,2,2026-01-Q2,GUAYAS,perecedero,invalido
Manzana Importada (Carton aprox. 44 lb),32.35,34.44,6.0,307,1,2026,2,2026-01-Q2,GUAYAS,perecedero,completo
Maracuya (Ciento aprox. 40 lb),11.04,12.79,16.0,307,1,2026,2,2026-01-Q2,GUAYAS,perecedero,completo
Mango de Chupar (Caja aprox. 55 lb),11.65,10.36,-11.0,307,1,2026,2,2026-01-Q2,GUAYAS,perecedero,completo
Melon (Docena aprox. 65 lb),18.13,19.48,7.0,307,1,2026,2,2026-01-Q2,GUAYAS,perecedero,completo
Mora de Castilla (Balde aprox. 15 lb),9.83,12.13,23.0,307,1,2026,2,2026-01-Q2,GUAYAS,perecedero,completo
Naranja (Ciento aprox. 50 lb),5.63,11.71,108.0,307,1,2026,2,2026-01-Q2,GUAYAS,perecedero,completo
Naranjilla Hibrida (Caja aprox. 30 lb),13.81,15.13,10.0,307,1,2026,2,2026-01-Q2,GUAYAS,perecedero,completo
Papa Super Chola (Quintal aprox. 100 lb),25.63,28.4,11.0,307,1,2026,2,2026-01-Q2,GUAYAS,perecedero,completo
Papaya Nacional (Docena aprox. 80 lb),,,,307,1,2026,2,2026-01-Q2,GUAYAS,perecedero,invalido
Pepinillo Pepino (Docena aprox. 12 lb),3.22,4.01,25.0,307,1,2026,2,2026-01-Q2,GUAYAS,perecedero,completo
Pimiento (Saco aprox. 80 lb),24.08,20.52,-15.0,307,1,2026,2,2026-01-Q2,GUAYAS,perecedero,completo
Pina (Docena aprox. 65 lb),17.67,17.98,2.0,307,1,2026,2,2026-01-Q2,GUAYAS,perecedero,completo
Platano Barraganete Maduro (Carton aprox. 70 lb),21.94,15.31,-30.0,307,1,2026,2,2026-01-Q2,GUAYAS,perecedero,completo
Platano Barraganete Verde (Carton aprox. 70 lb),21.94,15.35,-30.0,307,1,2026,2,2026-01-Q2,GUAYAS,perecedero,completo
Remolacha (Saco aprox. 80 lb),4.83,7.88,63.0,307,1,2026,2,2026-01-Q2,GUAYAS,perecedero,completo
Sandia Nacional (Docena aprox. 205 lb),30.44,40.25,32.0,307,1,2026,2,2026-01-Q2,GUAYAS,perecedero,completo
Tomate de Arbol (Carton aprox. 22 lb),10.83,11.79,9.0,307,1,2026,2,2026-01-Q2,GUAYAS,perecedero,completo
Tomate Rinon de Invernadero (Carton aprox. 55 lb),14.73,13.02,-12.0,307,1,2026,2,2026-01-Q2,GUAYAS,perecedero,completo
Uva Negra (Caja aprox. 10 lb),,,,307,1,2026,2,2026-01-Q2,GUAYAS,perecedero,invalido
Yuca (Saco aprox. 190 lb),33.07,52.08,57.0,307,1,2026,2,2026-01-Q2,GUAYAS,perecedero,completo
Zanahoria Amarilla (Saco aprox. 70 lb),14.81,9.9,-33.0,307,1,2026,2,2026-01-Q2,GUAYAS,perecedero,completo
Aguacate Fuerte (Ciento aprox. 55 lb),34.58,34.17,-1.0,307,1,2026,2,2026-01-Q2,PICHINCHA,perecedero,completo
Ajo Bulbo Seco (Malla aprox. 22 lb),16.54,16.29,-2.0,307,1,2026,2,2026-01-Q2,PICHINCHA,perecedero,completo
Arveja Tierna en Vaina-Quantum (Bulto aprox. 110 lb),52.75,24.92,-53.0,307,1,2026,2,2026-01-Q2,PICHINCHA,perecedero,completo
Banano (Guineo) (Carton aprox. 65 lb),15.73,15.29,-3.0,307,1,2026,2,2026-01-Q2,PICHINCHA,perecedero,completo
Brocoli (Unidad aprox. 2 lb),0.44,0.5,14.0,307,1,2026,2,2026-01-Q2,PICHINCHA,perecedero,completo
Cebolla Blanca en Rama (Atado aprox. 2.2 lb),0.84,0.8,-5.0,307,1,2026,2,2026-01-Q2,PICHINCHA,perecedero,completo
Cebolla Colorada Nacional Seca (Malla aprox. 100 lb),26.83,29.09,8.0,307,1,2026,2,2026-01-Q2,PICHINCHA,perecedero,completo
Cebolla Perla Nacional Seca (Quintal aprox. 100 lb),18.46,16.71,-9.0,307,1,2026,2,2026-01-Q2,PICHINCHA,perecedero,completo
Col (Bulto aprox. 120 lb),12.0,13.88,16.0,307,1,2026,2,2026-01-Q2,PICHINCHA,perecedero,completo
Frejol en Vaina - Gema (Bulto aprox. 110 lb),44.5,33.5,-25.0,307,1,2026,2,2026-01-Q2,PICHINCHA,perecedero,completo
Frutilla (Balde aprox. 25 lb),22.83,23.33,2.0,307,1,2026,2,2026-01-Q2,PICHINCHA,perecedero,completo
Haba Tierna en Vaina (Saco aprox. 85 lb),14.38,15.21,6.0,307,1,2026,2,2026-01-Q2,PICHINCHA,perecedero,completo
Lechuga (Carton aprox. 30 lb),4.15,4.71,14.0,307,1,2026,2,2026-01-Q2,PICHINCHA,perecedero,completo
Limon Sutil (Malla aprox. 80 lb),15.21,14.54,-4.0,307,1,2026,2,2026-01-Q2,PICHINCHA,perecedero,completo
Maiz Suave Choclo (Saco aprox. 110 lb),,,,307,1,2026,2,2026-01-Q2,PICHINCHA,perecedero,invalido
Mandarina de la Costa (Ciento aprox. 30 lb),,,,307,1,2026,2,2026-01-Q2,PICHINCHA,perecedero,invalido
Manzana Importada (Carton aprox. 44 lb) 33.67,,,,307,1,2026,2,2026-01-Q2,PICHINCHA,perecedero,invalido
Maracuya (Funda aprox. 40 lb),13.88,12.83,-8.0,307,1,2026,2,2026-01-Q2,PICHINCHA,perecedero,completo
Mango de Chupar (Caja aprox. 55 lb),24.21,24.67,2.0,307,1,2026,2,2026-01-Q2,PICHINCHA,perecedero,completo
Melon (Unidad aprox. 5 lb),1.48,1.51,2.0,307,1,2026,2,2026-01-Q2,PICHINCHA,perecedero,completo
Mora de Castilla (lb),0.67,0.73,9.0,307,1,2026,2,2026-01-Q2,PICHINCHA,perecedero,completo
Naranja (Ciento aprox. 50 lb) 7.75,,,,307,1,2026,2,2026-01-Q2,PICHINCHA,perecedero,invalido
Naranjilla Hibrida (Saco aprox. 110 lb),42.5,42.08,-1.0,307,1,2026,2,2026-01-Q2,PICHINCHA,perecedero,completo
Papa Super chola (qq),20.33,23.17,14.0,307,1,2026,2,2026-01-Q2,PICHINCHA,perecedero,completo
Papaya Nacional (Unidad aprox. 7 lb),,,,307,1,2026,2,2026-01-Q2,PICHINCHA,perecedero,invalido
Pepinillo Pepino (Saco aprox. 67 lb),8.25,15.35,86.0,307,1,2026,2,2026-01-Q2,PICHINCHA,perecedero,completo
Pimiento (Saco aprox. 32.21 lb),8.5,6.46,-24.0,307,1,2026,2,2026-01-Q2,PICHINCHA,perecedero,completo
Pina (Unidad aprox. 5 lb),1.21,1.16,-4.0,307,1,2026,2,2026-01-Q2,PICHINCHA,perecedero,completo
Platano Barraganete Maduro (Racimo aprox. 160 lb),42.5,36.29,-15.0,307,1,2026,2,2026-01-Q2,PICHINCHA,perecedero,completo
Platano Barraganete Verde (Racimo aprox. 160 lb),42.08,36.29,-14.0,307,1,2026,2,2026-01-Q2,PICHINCHA,perecedero,completo
Remolacha (Saco aprox. 90 lb),4.88,7.75,59.0,307,1,2026,2,2026-01-Q2,PICHINCHA,perecedero,completo
Sandia Nacional (Unidad aprox. 17 lb),2.14,2.84,33.0,307,1,2026,2,2026-01-Q2,PICHINCHA,perecedero,completo
Tomate de Arbol (Carton aprox. 22 lb),11.67,12.25,5.0,307,1,2026,2,2026-01-Q2,PICHINCHA,perecedero,completo
Tomate Rinon de Invernadero (Carton aprox. 40 lb),8.96,10.08,13.0,307,1,2026,2,2026-01-Q2,PICHINCHA,perecedero,completo
Uva Negra (Caja aprox. 22 lb),16.67,15.58,-7.0,307,1,2026,2,2026-01-Q2,PICHINCHA,perecedero,completo
Yuca (Funda aprox. 130 lb),46.42,45.71,-2.0,307,1,2026,2,2026-01-Q2,PICHINCHA,perecedero,completo
Zanahoria Amarilla (Saco aprox. 90 lb),14.04,12.21,-13.0,307,1,2026,2,2026-01-Q2,PICHINCHA,perecedero,completo
Aceite Vegetal - Favorita (Caja aprox. 15 lt),33.0,33.0,0.0,307,1,2026,2,2026-01-Q2,AZUAY,no_perecedero,completo
Arroz Pilado Natural Grano Largo (qq),49.2,49.58,1.0,307,1,2026,2,2026-01-Q2,AZUAY,no_perecedero,completo
Arveja Seca (qq),43.93,44.09,0.0,307,1,2026,2,2026-01-Q2,AZUAY,no_perecedero,completo
Avena Hojuelas (Saco aprox. 50 lb),20.47,20.25,-1.0,307,1,2026,2,2026-01-Q2,AZUAY,no_perecedero,completo
Azucar Blanca (Saco aprox. 50 Kg),39.73,39.59,0.0,307,1,2026,2,2026-01-Q2,AZUAY,no_perecedero,completo
Fideo Lazo Chico (Paca aprox. 20 Kg),21.73,21.5,-1.0,307,1,2026,2,2026-01-Q2,AZUAY,no_perecedero,completo
Frejol Seco Canario (qq),104.67,114.17,9.0,307,1,2026,2,2026-01-Q2,AZUAY,no_perecedero,completo
Haba Seca (qq),78.6,78.34,0.0,307,1,2026,2,2026-01-Q2,AZUAY,no_perecedero,completo
Huevo mediano (Cubeta 30 huevos),2.74,2.53,-8.0,307,1,2026,2,2026-01-Q2,AZUAY,no_perecedero,completo
Lenteja (qq),60.53,60.75,0.0,307,1,2026,2,2026-01-Q2,AZUAY,no_perecedero,completo
Maiz Suave Seco Blanco - mote (qq),74.33,78.75,6.0,307,1,2026,2,2026-01-Q2,AZUAY,no_perecedero,completo
Mani en Grano (qq),105.4,104.59,-1.0,307,1,2026,2,2026-01-Q2,AZUAY,no_perecedero,completo
Quinua (qq),122.73,116.5,-5.0,307,1,2026,2,2026-01-Q2,AZUAY,no_perecedero,completo
Leche UHT,,1.03,,307,1,2026,2,2026-01-Q2,AZUAY,no_perecedero,parcial
Yogurt (Envase de 1 l) 2.75,,,,307,1,2026,2,2026-01-Q2,AZUAY,no_perecedero,invalido
Bovino a la Canal (ib),2.26,2.18,-4.0,307,1,2026,2,2026-01-Q2,AZUAY,no_perecedero,completo
Porcino a la Canal (lb),1.73,1.69,-2.0,307,1,2026,2,2026-01-Q2,AZUAY,no_perecedero,completo
Pollo Faenado Con Visceras (lb) 1.17,,,,307,1,2026,2,2026-01-Q2,AZUAY,no_perecedero,invalido
Aceite Vegetal - Favorita (Caja aprox. 15 lt),31.27,31.25,0.0,307,1,2026,2,2026-01-Q2,GUAYAS,no_perecedero,completo
Arroz Pilado Natural Grano Largo (qq),31.29,30.52,-2.0,307,1,2026,2,2026-01-Q2,GUAYAS,no_perecedero,completo
Arveja Seca (qq),,,,307,1,2026,2,2026-01-Q2,GUAYAS,no_perecedero,invalido
Avena Hojuelas (Saco aprox. 50 lb),16.25,17.17,6.0,307,1,2026,2,2026-01-Q2,GUAYAS,no_perecedero,completo
Azucar Blanca (Saco aprox. 50 Kg),40.23,39.96,-1.0,307,1,2026,2,2026-01-Q2,GUAYAS,no_perecedero,completo
Fideo Lazo Chico (Paca aprox. 10 Kg),11.17,11.21,0.0,307,1,2026,2,2026-01-Q2,GUAYAS,no_perecedero,completo
Frejol Seco Canario (qq),96.5,118.83,23.0,307,1,2026,2,2026-01-Q2,GUAYAS,no_perecedero,completo
Haba Seca (qq),,,,307,1,2026,2,2026-01-Q2,GUAYAS,no_perecedero,invalido
Huevo mediano (Cubeta 30 huevos),2.84,2.64,-7.0,307,1,2026,2,2026-01-Q2,GUAYAS,no_perecedero,completo
Lenteja (qq),55.33,62.02,12.0,307,1,2026,2,2026-01-Q2,GUAYAS,no_perecedero,completo
Maiz Suave Seco Blanco - mote (qq),60.27,61.79,3.0,307,1,2026,2,2026-01-Q2,GUAYAS,no_perecedero,completo
Mani en Grano (qq),90.29,90.17,0.0,307,1,2026,2,2026-01-Q2,GUAYAS,no_perecedero,completo
Quinua (qq),,,,307,1,2026,2,2026-01-Q2,GUAYAS,no_perecedero,invalido
Leche UHT - Entera (Funda de 1 l),0.88,0.88,0.0,307,1,2026,2,2026-01-Q2,GUAYAS,no_perecedero,completo
Yogurt (Envase de 1 l),1.71,1.71,0.0,307,1,2026,2,2026-01-Q2,GUAYAS,no_perecedero,completo
Bovino a la Canal (lb),2.04,2.05,0.0,307,1,2026,2,2026-01-Q2,GUAYAS,no_perecedero,completo
Porcino a la Canal (lb),1.88,1.89,1.0,307,1,2026,2,2026-01-Q2,GUAYAS,no_perecedero,completo
Pollo Faenado Con Visceras (lb),1.08,1.19,10.0,307,1,2026,2,2026-01-Q2,GUAYAS,no_perecedero,completo
Aceite Vegetal - Favorita (Caja aprox. 15 lt),33.17,33.17,0.0,307,1,2026,2,2026-01-Q2,PICHINCHA,no_perecedero,completo
Arroz Pilado Natural Grano Largo (qq),54.33,54.33,0.0,307,1,2026,2,2026-01-Q2,PICHINCHA,no_perecedero,completo
Arveja Seca (qq),46.0,46.0,0.0,307,1,2026,2,2026-01-Q2,PICHINCHA,no_perecedero,completo
Avena Hojuelas (Saco aprox. 50 lb),16.5,16.5,0.0,307,1,2026,2,2026-01-Q2,PICHINCHA,no_perecedero,completo
Azucar Blanca (Saco aprox. 50 Kg),37.5,37.29,-1.0,307,1,2026,2,2026-01-Q2,PICHINCHA,no_perecedero,completo
Fideo Lazo Chico (Paca aprox. 20 Kg),21.67,21.67,0.0,307,1,2026,2,2026-01-Q2,PICHINCHA,no_perecedero,completo
Frejol Seco Canario (qq),108.33,108.33,0.0,307,1,2026,2,2026-01-Q2,PICHINCHA,no_perecedero,completo
Haba Seca (qq),136.67,136.67,0.0,307,1,2026,2,2026-01-Q2,PICHINCHA,no_perecedero,completo
Huevo mediano (Cubeta 30 huevos),2.55,2.53,-1.0,307,1,2026,2,2026-01-Q2,PICHINCHA,no_perecedero,completo
Lenteja (qq),69.42,68.38,-2.0,307,1,2026,2,2026-01-Q2,PICHINCHA,no_perecedero,completo
Maiz Suave Seco Blanco - mote (qq),56.67,56.67,0.0,307,1,2026,2,2026-01-Q2,PICHINCHA,no_perecedero,completo
Mani en Grano (qq),101.67,101.67,0.0,307,1,2026,2,2026-01-Q2,PICHINCHA,no_perecedero,completo
Quinua (qq),120.0,120.33,0.0,307,1,2026,2,2026-01-Q2,PICHINCHA,no_perecedero,completo
Leche UHT - Entera (Funda de 1 l),0.78,0.78,,307,1,2026,2,2026-01-Q2,PICHINCHA,no_perecedero,completo
Yogurt (Envase de 1 l),2.2,2.08,-5.0,307,1,2026,2,2026-01-Q2,PICHINCHA,no_perecedero,completo
Bovino a la Canal (ib),1.93,1.91,-1.0,307,1,2026,2,2026-01-Q2,PICHINCHA,no_perecedero,completo
Porcino a la Canal (lb),2.4,1.69,-30.0,307,1,2026,2,2026-01-Q2,PICHINCHA,no_perecedero,completo
Pollo Faenado Con Visceras (lb),,,,307,1,2026,2,2026-01-Q2,PICHINCHA,no_perecedero,invalido
Aguacate Fuerte (Ciento aprox. 55 lb),56.67,56.67,0.0,306,1,2026,1,2026-01-Q1,AZUAY,perecedero,completo
Ajo Bulbo Seco (Malla aprox. 22 lb),18.0,18.0,0.0,306,1,2026,1,2026-01-Q1,AZUAY,perecedero,completo
Arveja Tierna en Vaina-Quantum (Saco aprox. 60 lb),23.33,13.0,-44.0,306,1,2026,1,2026-01-Q1,AZUAY,perecedero,completo
Banano (Guineo) (Carton aprox. 40 lb),9.0,9.0,0.0,306,1,2026,1,2026-01-Q1,AZUAY,perecedero,completo
Brocoli (Unidad aprox. 2 lb),0.83,0.92,10.0,306,1,2026,1,2026-01-Q1,AZUAY,perecedero,completo
Cebolla Blanca en Rama (Atado aprox. 5 lb),2.0,2.0,0.0,306,1,2026,1,2026-01-Q1,AZUAY,perecedero,completo
Cebolla Colorada Nacional Seca (Malla aprox. 100 lb),25.11,30.67,22.0,306,1,2026,1,2026-01-Q1,AZUAY,perecedero,completo
Cebolla Perla Nacional Seca (Malla aprox. 100 lb),22.67,26.0,15.0,306,1,2026,1,2026-01-Q1,AZUAY,perecedero,completo
Col (Unidad aprox. 13 lb),1.0,1.0,0.0,306,1,2026,1,2026-01-Q1,AZUAY,perecedero,completo
Frejol Tierno en Vaina Canario (Saco aprox. 55 lb),32.22,28.33,-12.0,306,1,2026,1,2026-01-Q1,AZUAY,perecedero,completo
Frutilla (Balde aprox. 30 lb),25.67,28.33,10.0,306,1,2026,1,2026-01-Q1,AZUAY,perecedero,completo
Haba Tierna en Vaina (Saco aprox. 70 lb),15.56,15.67,1.0,306,1,2026,1,2026-01-Q1,AZUAY,perecedero,completo
Lechuga (Bulto aprox. 85 lb),14.67,14.67,0.0,306,1,2026,1,2026-01-Q1,AZUAY,perecedero,completo
Limon Sutil (Malla aprox. 95 lb),23.56,23.67,0.0,306,1,2026,1,2026-01-Q1,AZUAY,perecedero,completo
Maiz Suave Choclo (Saco aprox. 100 lb),29.56,30.67,3.8,306,1,2026,1,2026-01-Q1,AZUAY,perecedero,completo
Mandarina de la Costa (Ciento aprox. 30 lb),,,,306,1,2026,1,2026-01-Q1,AZUAY,perecedero,invalido
Manzana Importada (Carton aprox. 44 lb),34.0,35.0,3.0,306,1,2026,1,2026-01-Q1,AZUAY,perecedero,completo
Maracuya (Saco aprox. 40 lb),13.44,13.0,-3.0,306,1,2026,1,2026-01-Q1,AZUAY,perecedero,completo
Mango de Chupar (Caja aprox. 55 lb),,,,306,1,2026,1,2026-01-Q1,AZUAY,perecedero,invalido
Melon (Unidad aprox. 5 lb),2.0,2.0,0.0,306,1,2026,1,2026-01-Q1,AZUAY,perecedero,completo
Mora de Castilla (Caja aprox. 5 lb),3.5,3.33,-5.0,306,1,2026,1,2026-01-Q1,AZUAY,perecedero,completo
Naranja (Malla aprox. 100 lb),15.56,24.67,59.0,306,1,2026,1,2026-01-Q1,AZUAY,perecedero,completo
Naranjilla Hibrida (Caja aprox. 30 lb),18.33,17.67,-4.0,306,1,2026,1,2026-01-Q1,AZUAY,perecedero,completo
Papa Super Chola (Quintal aprox. 100 lb),26.0,25.67,-1.0,306,1,2026,1,2026-01-Q1,AZUAY,perecedero,completo
Papaya Nacional (Unidad aprox. 4 lb),,,,306,1,2026,1,2026-01-Q1,AZUAY,perecedero,invalido
Pepinillo Pepino (Saco aprox. 45 lb),,,,306,1,2026,1,2026-01-Q1,AZUAY,perecedero,invalido
Pimiento (Saco aprox. 45 lb),12.67,12.0,-5.0,306,1,2026,1,2026-01-Q1,AZUAY,perecedero,completo
Pina (Docena aprox. 65 lb),20.0,20.0,0.0,306,1,2026,1,2026-01-Q1,AZUAY,perecedero,completo
Platano Barraganete Maduro (Caja aprox. 105 lb),54.56,49.33,-10.0,306,1,2026,1,2026-01-Q1,AZUAY,perecedero,completo
Platano Barraganete Verde (Caja aprox. 105 lb),54.56,49.33,-10.0,306,1,2026,1,2026-01-Q1,AZUAY,perecedero,completo
Remolacha (Saco aprox. 70 lb),7.56,7.33,-3.0,306,1,2026,1,2026-01-Q1,AZUAY,perecedero,completo
Sandia Nacional (Unidad aprox. 6 lb),2.0,2.0,0.0,306,1,2026,1,2026-01-Q1,AZUAY,perecedero,completo
Tomate de Arbol (Carton aprox. 22 lb),13.11,13.33,2.0,306,1,2026,1,2026-01-Q1,AZUAY,perecedero,completo
Tomate Rinon de Invernadero (Gaveta aprox. 40 lb),15.0,14.0,-7.0,306,1,2026,1,2026-01-Q1,AZUAY,perecedero,completo
Uva Negra (Caja aprox. 22 lb),,,,306,1,2026,1,2026-01-Q1,AZUAY,perecedero,invalido
Yuca (Funda aprox. 90 lb),28.22,30.0,6.0,306,1,2026,1,2026-01-Q1,AZUAY,perecedero,completo
Zanahoria Amarilla (Saco aprox. 70 lb),17.22,15.0,-13.0,306,1,2026,1,2026-01-Q1,AZUAY,perecedero,completo
Aguacate Fuerte (Carton aprox. 22 lb),25.48,22.79,-11.0,306,1,2026,1,2026-01-Q1,GUAYAS,perecedero,completo
Ajo Bulbo Seco (Malla aprox. 22 lb),18.21,15.92,-13.0,306,1,2026,1,2026-01-Q1,GUAYAS,perecedero,completo
Arveja Tierna en Vaina-Quantum (Saco aprox. 60 lb),44.0,30.67,-30.0,306,1,2026,1,2026-01-Q1,GUAYAS,perecedero,completo
Banano (Guineo) (Carton aprox. 65 lb),7.04,7.92,12.0,306,1,2026,1,2026-01-Q1,GUAYAS,perecedero,completo
Brocoli (Unidad aprox. 2 lb),0.5,0.54,9.0,306,1,2026,1,2026-01-Q1,GUAYAS,perecedero,completo
Cebolla Blanca en Rama (Atado aprox. 5 lb),1.52,1.84,21.0,306,1,2026,1,2026-01-Q1,GUAYAS,perecedero,completo
Cebolla Colorada Nacional Seca (Malla aprox. 100 lb),12.64,12.63,0.0,306,1,2026,1,2026-01-Q1,GUAYAS,perecedero,completo
Cebolla Perla Nacional Seca (Malla aprox. 100 lb),17.48,17.33,-1.0,306,1,2026,1,2026-01-Q1,GUAYAS,perecedero,completo
Col (Malla aprox. 105 lb),6.78,19.67,190.0,306,1,2026,1,2026-01-Q1,GUAYAS,perecedero,completo
Frejol en Vaina - Gema (Bulto aprox. 110 lb),52.54,45.42,-14.0,306,1,2026,1,2026-01-Q1,GUAYAS,perecedero,completo
Frutilla (Balde aprox. 30 lb),28.71,43.83,53.0,306,1,2026,1,2026-01-Q1,GUAYAS,perecedero,completo
Haba Tierna en Vaina (Saco aprox. 70 lb),11.56,15.56,35.0,306,1,2026,1,2026-01-Q1,GUAYAS,perecedero,completo
Lechuga (Bulto aprox. 85 lb),8.04,15.5,93.0,306,1,2026,1,2026-01-Q1,GUAYAS,perecedero,completo
Limon Sutil (Malla aprox. 95 lb) 13.92,,,,306,1,2026,1,2026-01-Q1,GUAYAS,perecedero,invalido
Maiz Suave Choclo (Saco aprox. 110 lb),31.29,30.25,-3.0,306,1,2026,1,2026-01-Q1,GUAYAS,perecedero,completo
Mandarina de la Costa (Ciento aprox. 30 lb) 5.63,,,,306,1,2026,1,2026-01-Q1,GUAYAS,perecedero,invalido
Manzana Importada (Carton aprox. 44 lb),32.35,34.58,7.0,306,1,2026,1,2026-01-Q1,GUAYAS,perecedero,completo
Maracuya (Ciento aprox. 40 lb),11.04,10.46,-5.0,306,1,2026,1,2026-01-Q1,GUAYAS,perecedero,completo
Mango de Chupar (Caja aprox. 55 lb),11.65,10.42,-11.0,306,1,2026,1,2026-01-Q1,GUAYAS,perecedero,completo
Melon (Docena aprox. 65 lb),18.13,19.5,8.0,306,1,2026,1,2026-01-Q1,GUAYAS,perecedero,completo
Mora de Castilla (Balde aprox. 15 lb),9.83,12.0,22.0,306,1,2026,1,2026-01-Q1,GUAYAS,perecedero,completo
Naranja (Ciento aprox. 50 lb),5.63,12.0,113.0,306,1,2026,1,2026-01-Q1,GUAYAS,perecedero,completo
Naranjilla Hibrida (Caja aprox. 30 lb),13.81,15.42,12.0,306,1,2026,1,2026-01-Q1,GUAYAS,perecedero,completo
Papa Super Chola (Quintal aprox. 100 lb),25.63,28.55,11.0,306,1,2026,1,2026-01-Q1,GUAYAS,perecedero,completo
Papaya Nacional (Docena aprox. 80 lb),,,,306,1,2026,1,2026-01-Q1,GUAYAS,perecedero,invalido
Pepinillo Pepino (Docena aprox. 12 lb),3.22,3.29,2.0,306,1,2026,1,2026-01-Q1,GUAYAS,perecedero,completo
Pimiento (Saco aprox. 80 lb),24.08,24.58,2.0,306,1,2026,1,2026-01-Q1,GUAYAS,perecedero,completo
Pina (Docena aprox. 65 lb),17.67,18.04,2.0,306,1,2026,1,2026-01-Q1,GUAYAS,perecedero,completo
Platano Barraganete Maduro (Carton aprox. 70 lb),21.94,15.75,-28.0,306,1,2026,1,2026-01-Q1,GUAYAS,perecedero,completo
Platano Barraganete Verde (Carton aprox. 70 lb),21.94,15.75,-28.0,306,1,2026,1,2026-01-Q1,GUAYAS,perecedero,completo
Remolacha (Saco aprox. 80 lb),4.83,6.13,27.0,306,1,2026,1,2026-01-Q1,GUAYAS,perecedero,completo
Sandia Nacional (Docena aprox. 205 lb),30.44,40.25,32.0,306,1,2026,1,2026-01-Q1,GUAYAS,perecedero,completo
Tomate de Arbol (Carton aprox. 22 lb),10.83,11.96,10.0,306,1,2026,1,2026-01-Q1,GUAYAS,perecedero,completo
Tomate Rinon de Invernadero (Carton aprox. 55 lb),14.73,11.17,-24.0,306,1,2026,1,2026-01-Q1,GUAYAS,perecedero,completo
Uva Negra (Caja aprox. 10 lb),,,,306,1,2026,1,2026-01-Q1,GUAYAS,perecedero,invalido
Yuca (Saco aprox. 190 lb),33.07,55.25,67.0,306,1,2026,1,2026-01-Q1,GUAYAS,perecedero,completo
Zanahoria Amarilla (Saco aprox. 70 lb),14.81,10.42,-30.0,306,1,2026,1,2026-01-Q1,GUAYAS,perecedero,completo
Aguacate Fuerte (Ciento aprox. 55 lb),34.58,37.78,9.0,306,1,2026,1,2026-01-Q1,PICHINCHA,perecedero,completo
Ajo Bulbo Seco (Malla aprox. 22 lb),16.54,16.55,0.0,306,1,2026,1,2026-01-Q1,PICHINCHA,perecedero,completo
Arveja Tierna en Vaina-Quantum (Bulto aprox. 110 lb),52.75,26.0,-51.0,306,1,2026,1,2026-01-Q1,PICHINCHA,perecedero,completo
Banano (Guineo) (Carton aprox. 65 lb),15.73,15.22,-3.0,306,1,2026,1,2026-01-Q1,PICHINCHA,perecedero,completo
Brocoli (Unidad aprox. 2 lb),0.44,0.42,-5.0,306,1,2026,1,2026-01-Q1,PICHINCHA,perecedero,completo
Cebolla Blanca en Rama (Atado aprox. 2.2 lb),0.84,0.82,-1.0,306,1,2026,1,2026-01-Q1,PICHINCHA,perecedero,completo
Cebolla Colorada Nacional Seca (Malla aprox. 100 lb),26.83,32.22,20.0,306,1,2026,1,2026-01-Q1,PICHINCHA,perecedero,completo
Cebolla Perla Nacional Seca (Quintal aprox. 100 lb),18.46,20.0,8.0,306,1,2026,1,2026-01-Q1,PICHINCHA,perecedero,completo
Col (Bulto aprox. 120 lb),12.0,14.11,18.0,306,1,2026,1,2026-01-Q1,PICHINCHA,perecedero,completo
Frejol en Vaina - Gema (Bulto aprox. 110 lb),44.5,31.0,-30.0,306,1,2026,1,2026-01-Q1,PICHINCHA,perecedero,completo
Frutilla (Balde aprox. 25 lb),22.83,22.67,-1.0,306,1,2026,1,2026-01-Q1,PICHINCHA,perecedero,completo
Haba Tierna en Vaina (Saco aprox. 85 lb),14.38,15.44,7.0,306,1,2026,1,2026-01-Q1,PICHINCHA,perecedero,completo
Lechuga (Carton aprox. 30 lb),4.15,4.67,13.0,306,1,2026,1,2026-01-Q1,PICHINCHA,perecedero,completo
Limon Sutil (Malla aprox. 80 lb),15.21,15.89,4.0,306,1,2026,1,2026-01-Q1,PICHINCHA,perecedero,completo
Maiz Suave Choclo (Saco aprox. 110 lb),,,,306,1,2026,1,2026-01-Q1,PICHINCHA,perecedero,invalido
Mandarina de la Costa (Ciento aprox. 30 lb),,,,306,1,2026,1,2026-01-Q1,PICHINCHA,perecedero,invalido
Manzana Importada (Carton aprox. 44 lb) 33.67,,,,306,1,2026,1,2026-01-Q1,PICHINCHA,perecedero,invalido
Maracuya (Funda aprox. 40 lb),13.88,13.33,-4.0,306,1,2026,1,2026-01-Q1,PICHINCHA,perecedero,completo
Mango de Chupar (Caja aprox. 55 lb),24.21,24.67,2.0,306,1,2026,1,2026-01-Q1,PICHINCHA,perecedero,completo
Melon (Unidad aprox. 5 lb),1.48,1.6,8.0,306,1,2026,1,2026-01-Q1,PICHINCHA,perecedero,completo
Mora de Castilla (lb),0.67,0.7,5.0,306,1,2026,1,2026-01-Q1,PICHINCHA,perecedero,completo
Naranja (Ciento aprox. 50 lb) 7.75,,,,306,1,2026,1,2026-01-Q1,PICHINCHA,perecedero,invalido
Naranjilla Hibrida (Saco aprox. 110 lb),42.5,43.33,2.0,306,1,2026,1,2026-01-Q1,PICHINCHA,perecedero,completo
Papa Super chola (qq),20.33,22.33,10.0,306,1,2026,1,2026-01-Q1,PICHINCHA,perecedero,completo
Papaya Nacional (Unidad aprox. 7 lb),,,,306,1,2026,1,2026-01-Q1,PICHINCHA,perecedero,invalido
Pepinillo Pepino (Saco aprox. 67 lb),8.25,9.67,17.0,306,1,2026,1,2026-01-Q1,PICHINCHA,perecedero,completo
Pimiento (Saco aprox. 32.21 lb),8.5,7.0,-18.0,306,1,2026,1,2026-01-Q1,PICHINCHA,perecedero,completo
Pina (Unidad aprox. 5 lb),1.21,1.2,-1.0,306,1,2026,1,2026-01-Q1,PICHINCHA,perecedero,completo
Platano Barraganete Maduro (Racimo aprox. 160 lb),42.5,38.0,-11.0,306,1,2026,1,2026-01-Q1,PICHINCHA,perecedero,completo
Platano Barraganete Verde (Racimo aprox. 160 lb),42.08,38.0,-10.0,306,1,2026,1,2026-01-Q1,PICHINCHA,perecedero,completo
Remolacha (Saco aprox. 90 lb),4.88,6.0,23.0,306,1,2026,1,2026-01-Q1,PICHINCHA,perecedero,completo
Sandia Nacional (Unidad aprox. 17 lb),2.14,2.83,33.0,306,1,2026,1,2026-01-Q1,PICHINCHA,perecedero,completo
Tomate de Arbol (Carton aprox. 22 lb),11.67,11.67,0.0,306,1,2026,1,2026-01-Q1,PICHINCHA,perecedero,completo
Tomate Rinon de Invernadero (Carton aprox. 40 lb),8.96,7.89,-12.0,306,1,2026,1,2026-01-Q1,PICHINCHA,perecedero,completo
Uva Negra (Caja aprox. 22 lb),16.67,15.78,-5.0,306,1,2026,1,2026-01-Q1,PICHINCHA,perecedero,completo
Yuca (Funda aprox. 130 lb),46.42,46.33,0.0,306,1,2026,1,2026-01-Q1,PICHINCHA,perecedero,completo
Zanahoria Amarilla (Saco aprox. 90 lb),14.04,15.22,8.0,306,1,2026,1,2026-01-Q1,PICHINCHA,perecedero,completo
Aceite Vegetal - Favorita (Caja aprox. 15 lt),33.0,33.0,0.0,306,1,2026,1,2026-01-Q1,AZUAY,no_perecedero,completo
Arroz Pilado Natural Grano Largo (qq),49.2,49.67,1.0,306,1,2026,1,2026-01-Q1,AZUAY,no_perecedero,completo
Arveja Seca (qq),43.93,44.67,2.0,306,1,2026,1,2026-01-Q1,AZUAY,no_perecedero,completo
Avena Hojuelas (Saco aprox. 50 lb),20.47,20.67,1.0,306,1,2026,1,2026-01-Q1,AZUAY,no_perecedero,completo
Azucar Blanca (Saco aprox. 50 Kg),39.73,39.34,-1.0,306,1,2026,1,2026-01-Q1,AZUAY,no_perecedero,completo
Fideo Lazo Chico (Paca aprox. 20 Kg),21.73,21.34,-2.0,306,1,2026,1,2026-01-Q1,AZUAY,no_perecedero,completo
Frejol Seco Canario (qq),104.67,115.0,10.0,306,1,2026,1,2026-01-Q1,AZUAY,no_perecedero,completo
Haba Seca (qq),78.6,78.34,0.0,306,1,2026,1,2026-01-Q1,AZUAY,no_perecedero,completo
Huevo mediano (Cubeta 30 huevos),2.74,2.5,-9.0,306,1,2026,1,2026-01-Q1,AZUAY,no_perecedero,completo
Lenteja (qq),60.53,63.33,5.0,306,1,2026,1,2026-01-Q1,AZUAY,no_perecedero,completo
Maiz Suave Seco Blanco - mote (qq),74.33,78.33,5.0,306,1,2026,1,2026-01-Q1,AZUAY,no_perecedero,completo
Mani en Grano (qq),105.4,105.0,0.0,306,1,2026,1,2026-01-Q1,AZUAY,no_perecedero,completo
Quinua (qq),122.73,115.0,-6.0,306,1,2026,1,2026-01-Q1,AZUAY,no_perecedero,completo
Leche UHT - Entera (Funda de 1 l),,,,306,1,2026,1,2026-01-Q1,AZUAY,no_perecedero,invalido
Yogurt (Envase de 1 l),,,,306,1,2026,1,2026-01-Q1,AZUAY,no_perecedero,invalido
Bovino a la Canal (ib),2.26,2.2,-3.0,306,1,2026,1,2026-01-Q1,AZUAY,no_perecedero,completo
Porcino a la Canal (lb),1.73,1.73,0.0,306,1,2026,1,2026-01-Q1,AZUAY,no_perecedero,completo
Pollo Faenado Con Visceras (lb) 1.20,,,,306,1,2026,1,2026-01-Q1,AZUAY,no_perecedero,invalido
Aceite Vegetal - Favorita (Caja aprox. 15 lt),31.27,31.13,0.0,306,1,2026,1,2026-01-Q1,GUAYAS,no_perecedero,completo
Arroz Pilado Natural Grano Largo (qq),31.29,31.25,0.0,306,1,2026,1,2026-01-Q1,GUAYAS,no_perecedero,completo
Arveja Seca (qq),,,,306,1,2026,1,2026-01-Q1,GUAYAS,no_perecedero,invalido
Avena Hojuelas (Saco aprox. 50 lb),16.25,17.08,5.0,306,1,2026,1,2026-01-Q1,GUAYAS,no_perecedero,completo
Azucar Blanca (Saco aprox. 50 Kg),40.23,40.25,0.0,306,1,2026,1,2026-01-Q1,GUAYAS,no_perecedero,completo
Fideo Lazo Chico (Paca aprox. 10 Kg),11.17,11.21,0.0,306,1,2026,1,2026-01-Q1,GUAYAS,no_perecedero,completo
Frejol Seco Canario (qq),96.5,119.88,24.0,306,1,2026,1,2026-01-Q1,GUAYAS,no_perecedero,completo
Haba Seca (qq),,,,306,1,2026,1,2026-01-Q1,GUAYAS,no_perecedero,invalido
Huevo mediano (Cubeta 30 huevos),2.84,2.63,-7.0,306,1,2026,1,2026-01-Q1,GUAYAS,no_perecedero,completo
Lenteja (qq),55.33,62.0,12.0,306,1,2026,1,2026-01-Q1,GUAYAS,no_perecedero,completo
Maiz Suave Seco Blanco - mote (qq),60.27,60.17,0.0,306,1,2026,1,2026-01-Q1,GUAYAS,no_perecedero,completo
Mani en Grano (qq),90.29,90.13,0.0,306,1,2026,1,2026-01-Q1,GUAYAS,no_perecedero,completo
Quinua (qq),,,,306,1,2026,1,2026-01-Q1,GUAYAS,no_perecedero,invalido
Leche UHT - Entera (Funda de 1 l),0.88,0.88,0.0,306,1,2026,1,2026-01-Q1,GUAYAS,no_perecedero,completo
Yogurt (Envase de 1 l),1.71,1.71,0.0,306,1,2026,1,2026-01-Q1,GUAYAS,no_perecedero,completo
Bovino a la Canal (Iib),2.04,2.06,1.0,306,1,2026,1,2026-01-Q1,GUAYAS,no_perecedero,completo
Porcino a la Canal (lb),1.88,1.9,1.0,306,1,2026,1,2026-01-Q1,GUAYAS,no_perecedero,completo
Pollo Faenado Con Visceras (ib),1.08,1.24,15.0,306,1,2026,1,2026-01-Q1,GUAYAS,no_perecedero,completo
Aceite Vegetal - Favorita (Caja aprox. 15 lt),33.17,33.17,0.0,306,1,2026,1,2026-01-Q1,PICHINCHA,no_perecedero,completo
Arroz Pilado Natural Grano Largo (qq),54.33,54.33,0.0,306,1,2026,1,2026-01-Q1,PICHINCHA,no_perecedero,completo
Arveja Seca (qq),46.0,46.0,0.0,306,1,2026,1,2026-01-Q1,PICHINCHA,no_perecedero,completo
Avena Hojuelas (Saco aprox. 50 lb),16.5,16.5,0.0,306,1,2026,1,2026-01-Q1,PICHINCHA,no_perecedero,completo
Azucar Blanca (Saco aprox. 50 Kg),37.5,37.5,0.0,306,1,2026,1,2026-01-Q1,PICHINCHA,no_perecedero,completo
Fideo Lazo Chico (Paca aprox. 20 Kg),21.67,21.67,0.0,306,1,2026,1,2026-01-Q1,PICHINCHA,no_perecedero,completo
Frejol Seco Canario (qq),108.33,108.33,0.0,306,1,2026,1,2026-01-Q1,PICHINCHA,no_perecedero,completo
Haba Seca (qq),136.67,136.67,0.0,306,1,2026,1,2026-01-Q1,PICHINCHA,no_perecedero,completo
Huevo mediano (Cubeta 30 huevos),2.55,2.5,-2.0,306,1,2026,1,2026-01-Q1,PICHINCHA,no_perecedero,completo
Lenteja (qq),69.42,68.67,-1.0,306,1,2026,1,2026-01-Q1,PICHINCHA,no_perecedero,completo
Maiz Suave Seco Blanco - mote (qq),56.67,56.67,0.0,306,1,2026,1,2026-01-Q1,PICHINCHA,no_perecedero,completo
Mani en Grano (qq),101.67,101.67,0.0,306,1,2026,1,2026-01-Q1,PICHINCHA,no_perecedero,completo
Quinua (qq),120.0,120.0,0.0,306,1,2026,1,2026-01-Q1,PICHINCHA,no_perecedero,completo
Leche UHT,,0.78,,306,1,2026,1,2026-01-Q1,PICHINCHA,no_perecedero,parcial
Yogurt (Envase de 1 l),2.2,2.2,0.0,306,1,2026,1,2026-01-Q1,PICHINCHA,no_perecedero,completo
Bovino a la Canal (lb),1.93,1.9,-1.0,306,1,2026,1,2026-01-Q1,PICHINCHA,no_perecedero,completo
Porcino a la Canal (lb),2.4,1.7,-29.0,306,1,2026,1,2026-01-Q1,PICHINCHA,no_perecedero,completo
Pollo Faenado Con Visceras (lb),,,,306,1,2026,1,2026-01-Q1,PICHINCHA,no_perecedero,invalido
