producto,provincia,periodo,precio_actual,precio_t1,precio_t2,variacion_t2_t1,promedio_movil_2q,promedio_movil_3q,año,mes,quincena,variacion_real,comportamiento,producto_encoded,provincia_encoded
Aceite Vegetal - Favorita (Caja aprox. 15 lt),AZUAY,2026-01-Q2,33.0,33.0,,,,,2026,1,2,0.0,Estable,0,0
Aceite Vegetal - Favorita (Caja aprox. 15 lt),AZUAY,2026-02-Q1,33.0,33.0,33.0,0.0,33.0,,2026,2,1,0.0,Estable,0,0
Aceite Vegetal - Favorita (Caja aprox. 15 lt),AZUAY,2026-02-Q2,33.0,33.0,33.0,0.0,33.0,33.0,2026,2,2,0.0,Estable,0,0
Aceite Vegetal - Favorita (Caja aprox. 15 lt),AZUAY,2026-03-Q1,33.0,33.0,33.0,0.0,33.0,33.0,2026,3,1,0.0,Estable,0,0
Aceite Vegetal - Favorita (Caja aprox. 15 lt),AZUAY,2026-03-Q2,33.0,33.0,33.0,0.0,33.0,33.0,2026,3,2,0.0,Estable,0,0
Aceite Vegetal - Favorita (Caja aprox. 15 lt),AZUAY,2026-04-Q1,33.0,33.0,33.0,0.0,33.0,33.0,2026,4,1,0.0,Estable,0,0
Aceite Vegetal - Favorita (Caja aprox. 15 lt),AZUAY,2026-04-Q2,33.0,33.0,33.0,0.0,33.0,33.0,2026,4,2,0.0,Estable,0,0
Aceite Vegetal - Favorita (Caja aprox. 15 lt),GUAYAS,2026-01-Q2,31.25,31.13,,,,,2026,1,2,0.39,Estable,0,1
Aceite Vegetal - Favorita (Caja aprox. 15 lt),GUAYAS,2026-02-Q1,31.33,31.25,31.13,0.39,31.19,,2026,2,1,0.26,Estable,0,1
Aceite Vegetal - Favorita (Caja aprox. 15 lt),GUAYAS,2026-02-Q2,31.33,31.33,31.25,0.26,31.29,31.2367,2026,2,2,0.0,Estable,0,1
Aceite Vegetal - Favorita (Caja aprox. 15 lt),GUAYAS,2026-03-Q1,31.46,31.33,31.33,0.0,31.33,31.3033,2026,3,1,0.41,Estable,0,1
Aceite Vegetal - Favorita (Caja aprox. 15 lt),GUAYAS,2026-03-Q2,31.46,31.46,31.33,0.41,31.395,31.3733,2026,3,2,0.0,Estable,0,1
Aceite Vegetal - Favorita (Caja aprox. 15 lt),GUAYAS,2026-04-Q1,31.46,31.46,31.46,0.0,31.46,31.4167,2026,4,1,0.0,Estable,0,1
Aceite Vegetal - Favorita (Caja aprox. 15 lt),GUAYAS,2026-04-Q2,31.54,31.46,31.46,0.0,31.46,31.46,2026,4,2,0.25,Estable,0,1
Aceite Vegetal - Favorita (Caja aprox. 15 lt),PICHINCHA,2026-01-Q2,33.17,33.17,,,,,2026,1,2,0.0,Estable,0,2
Aceite Vegetal - Favorita (Caja aprox. 15 lt),PICHINCHA,2026-02-Q1,33.17,33.17,33.17,0.0,33.17,,2026,2,1,0.0,Estable,0,2
Aceite Vegetal - Favorita (Caja aprox. 15 lt),PICHINCHA,2026-02-Q2,33.17,33.17,33.17,0.0,33.17,33.17,2026,2,2,0.0,Estable,0,2
Aceite Vegetal - Favorita (Caja aprox. 15 lt),PICHINCHA,2026-03-Q1,33.17,33.17,33.17,0.0,33.17,33.17,2026,3,1,0.0,Estable,0,2
Aceite Vegetal - Favorita (Caja aprox. 15 lt),PICHINCHA,2026-03-Q2,33.17,33.17,33.17,0.0,33.17,33.17,2026,3,2,0.0,Estable,0,2
Aceite Vegetal - Favorita (Caja aprox. 15 lt),PICHINCHA,2026-04-Q1,33.17,33.17,33.17,0.0,33.17,33.17,2026,4,1,0.0,Estable,0,2
Aceite Vegetal - Favorita (Caja aprox. 15 lt),PICHINCHA,2026-04-Q2,34.79,33.17,33.17,0.0,33.17,33.17,2026,4,2,4.88,Alza,0,2
Aguacate Fuerte (Carton aprox. 22 lb),GUAYAS,2026-01-Q2,22.45,22.79,,,,,2026,1,2,-1.49,Estable,1,1
Aguacate Fuerte (Carton aprox. 22 lb),GUAYAS,2026-02-Q1,20.67,22.45,22.79,-1.49,22.62,,2026,2,1,-7.93,Caída,1,1
Aguacate Fuerte (Carton aprox. 22 lb),GUAYAS,2026-02-Q2,20.19,20.67,22.45,-7.93,21.56,21.97,2026,2,2,-2.32,Estable,1,1
Aguacate Fuerte (Carton aprox. 22 lb),GUAYAS,2026-03-Q1,20.67,20.19,20.67,-2.32,20.43,21.1033,2026,3,1,2.38,Estable,1,1
Aguacate Fuerte (Carton aprox. 22 lb),GUAYAS,2026-03-Q2,20.17,20.67,20.19,2.38,20.43,20.51,2026,3,2,-2.42,Estable,1,1
Aguacate Fuerte (Carton aprox. 22 lb),GUAYAS,2026-04-Q1,21.75,20.17,20.67,-2.42,20.42,20.3433,2026,4,1,7.83,Alza,1,1
Aguacate Fuerte (Carton aprox. 22 lb),GUAYAS,2026-04-Q2,22.63,21.75,20.17,7.83,20.96,20.8633,2026,4,2,4.05,Alza,1,1
Aguacate Fuerte (Ciento aprox. 55 lb),AZUAY,2026-01-Q2,56.25,56.67,,,,,2026,1,2,-0.74,Estable,2,0
Aguacate Fuerte (Ciento aprox. 55 lb),AZUAY,2026-02-Q1,50.0,56.25,56.67,-0.74,56.46,,2026,2,1,-11.11,Caída,2,0
Aguacate Fuerte (Ciento aprox. 55 lb),AZUAY,2026-02-Q2,51.67,50.0,56.25,-11.11,53.125,54.3067,2026,2,2,3.34,Alza,2,0
Aguacate Fuerte (Ciento aprox. 55 lb),AZUAY,2026-03-Q1,60.0,51.67,50.0,3.34,50.835,52.64,2026,3,1,16.12,Alza,2,0
Aguacate Fuerte (Ciento aprox. 55 lb),AZUAY,2026-03-Q2,60.0,60.0,51.67,16.12,55.835,53.89,2026,3,2,0.0,Estable,2,0
Aguacate Fuerte (Ciento aprox. 55 lb),AZUAY,2026-04-Q1,61.67,60.0,60.0,0.0,60.0,57.2233,2026,4,1,2.78,Estable,2,0
Aguacate Fuerte (Ciento aprox. 55 lb),AZUAY,2026-04-Q2,70.83,61.67,60.0,2.78,60.835,60.5567,2026,4,2,14.85,Alza,2,0
Aguacate Fuerte (Ciento aprox. 55 lb),PICHINCHA,2026-01-Q2,34.17,37.78,,,,,2026,1,2,-9.56,Caída,2,2
Aguacate Fuerte (Ciento aprox. 55 lb),PICHINCHA,2026-02-Q1,37.5,34.17,37.78,-9.56,35.975,,2026,2,1,9.75,Alza,2,2
Aguacate Fuerte (Ciento aprox. 55 lb),PICHINCHA,2026-02-Q2,35.81,37.5,34.17,9.75,35.835,36.4833,2026,2,2,-4.51,Caída,2,2
Aguacate Fuerte (Ciento aprox. 55 lb),PICHINCHA,2026-03-Q1,35.84,35.81,37.5,-4.51,36.655,35.8267,2026,3,1,0.08,Estable,2,2
Aguacate Fuerte (Ciento aprox. 55 lb),PICHINCHA,2026-03-Q2,37.41,35.84,35.81,0.08,35.825,36.3833,2026,3,2,4.38,Alza,2,2
Aguacate Fuerte (Ciento aprox. 55 lb),PICHINCHA,2026-04-Q1,43.89,37.41,35.84,4.38,36.625,36.3533,2026,4,1,17.32,Alza,2,2
Aguacate Fuerte (Ciento aprox. 55 lb),PICHINCHA,2026-04-Q2,44.52,43.89,37.41,17.32,40.65,39.0467,2026,4,2,1.44,Estable,2,2
Ajo Bulbo Seco (Malla aprox. 22 lb),AZUAY,2026-01-Q2,18.0,18.0,,,,,2026,1,2,0.0,Estable,3,0
Ajo Bulbo Seco (Malla aprox. 22 lb),AZUAY,2026-02-Q1,18.0,18.0,18.0,0.0,18.0,,2026,2,1,0.0,Estable,3,0
Ajo Bulbo Seco (Malla aprox. 22 lb),AZUAY,2026-02-Q2,18.0,18.0,18.0,0.0,18.0,18.0,2026,2,2,0.0,Estable,3,0
Ajo Bulbo Seco (Malla aprox. 22 lb),AZUAY,2026-03-Q1,17.5,18.0,18.0,0.0,18.0,18.0,2026,3,1,-2.78,Estable,3,0
Ajo Bulbo Seco (Malla aprox. 22 lb),AZUAY,2026-03-Q2,19.88,17.5,18.0,-2.78,17.75,17.8333,2026,3,2,13.6,Alza,3,0
Ajo Bulbo Seco (Malla aprox. 22 lb),AZUAY,2026-04-Q1,22.33,19.88,17.5,13.6,18.69,18.46,2026,4,1,12.32,Alza,3,0
Ajo Bulbo Seco (Malla aprox. 22 lb),AZUAY,2026-04-Q2,21.83,22.33,19.88,12.32,21.105,19.9033,2026,4,2,-2.24,Estable,3,0
Ajo Bulbo Seco (Malla aprox. 22 lb),GUAYAS,2026-01-Q2,15.92,15.92,,,,,2026,1,2,0.0,Estable,3,1
Ajo Bulbo Seco (Malla aprox. 22 lb),GUAYAS,2026-02-Q1,15.42,15.92,15.92,0.0,15.92,,2026,2,1,-3.14,Caída,3,1
Ajo Bulbo Seco (Malla aprox. 22 lb),GUAYAS,2026-02-Q2,15.71,15.42,15.92,-3.14,15.67,15.7533,2026,2,2,1.88,Estable,3,1
Ajo Bulbo Seco (Malla aprox. 22 lb),GUAYAS,2026-03-Q1,16.33,15.71,15.42,1.88,15.565,15.6833,2026,3,1,3.95,Alza,3,1
Ajo Bulbo Seco (Malla aprox. 22 lb),GUAYAS,2026-03-Q2,16.75,16.33,15.71,3.95,16.02,15.82,2026,3,2,2.57,Estable,3,1
Ajo Bulbo Seco (Malla aprox. 22 lb),GUAYAS,2026-04-Q1,19.33,16.75,16.33,2.57,16.54,16.2633,2026,4,1,15.4,Alza,3,1
Ajo Bulbo Seco (Malla aprox. 22 lb),GUAYAS,2026-04-Q2,19.67,19.33,16.75,15.4,18.04,17.47,2026,4,2,1.76,Estable,3,1
Ajo Bulbo Seco (Malla aprox. 22 lb),PICHINCHA,2026-01-Q2,16.29,16.55,,,,,2026,1,2,-1.57,Estable,3,2
Ajo Bulbo Seco (Malla aprox. 22 lb),PICHINCHA,2026-02-Q1,16.0,16.29,16.55,-1.57,16.42,,2026,2,1,-1.78,Estable,3,2
Ajo Bulbo Seco (Malla aprox. 22 lb),PICHINCHA,2026-02-Q2,15.95,16.0,16.29,-1.78,16.145,16.28,2026,2,2,-0.31,Estable,3,2
Ajo Bulbo Seco (Malla aprox. 22 lb),PICHINCHA,2026-03-Q1,15.84,15.95,16.0,-0.31,15.975,16.08,2026,3,1,-0.69,Estable,3,2
Ajo Bulbo Seco (Malla aprox. 22 lb),PICHINCHA,2026-03-Q2,17.26,15.84,15.95,-0.69,15.895,15.93,2026,3,2,8.96,Alza,3,2
Ajo Bulbo Seco (Malla aprox. 22 lb),PICHINCHA,2026-04-Q1,20.22,17.26,15.84,8.96,16.55,16.35,2026,4,1,17.15,Alza,3,2
Ajo Bulbo Seco (Malla aprox. 22 lb),PICHINCHA,2026-04-Q2,20.1,20.22,17.26,17.15,18.74,17.7733,2026,4,2,-0.59,Estable,3,2
Arroz Pilado Natural Grano Largo (qq),AZUAY,2026-01-Q2,49.58,49.67,,,,,2026,1,2,-0.18,Estable,4,0
Arroz Pilado Natural Grano Largo (qq),AZUAY,2026-02-Q1,47.0,49.58,49.67,-0.18,49.625,,2026,2,1,-5.2,Caída,4,0
Arroz Pilado Natural Grano Largo (qq),AZUAY,2026-02-Q2,47.0,47.0,49.58,-5.2,48.29,48.75,2026,2,2,0.0,Estable,4,0
Arroz Pilado Natural Grano Largo (qq),AZUAY,2026-03-Q1,45.84,47.0,47.0,0.0,47.0,47.86,2026,3,1,-2.47,Estable,4,0
Arroz Pilado Natural Grano Largo (qq),AZUAY,2026-03-Q2,45.84,45.84,47.0,-2.47,46.42,46.6133,2026,3,2,0.0,Estable,4,0
Arroz Pilado Natural Grano Largo (qq),AZUAY,2026-04-Q1,45.84,45.84,45.84,0.0,45.84,46.2267,2026,4,1,0.0,Estable,4,0
Arroz Pilado Natural Grano Largo (qq),AZUAY,2026-04-Q2,45.84,45.84,45.84,0.0,45.84,45.84,2026,4,2,0.0,Estable,4,0
Arroz Pilado Natural Grano Largo (qq),GUAYAS,2026-01-Q2,30.52,31.25,,,,,2026,1,2,-2.34,Estable,4,1
Arroz Pilado Natural Grano Largo (qq),GUAYAS,2026-02-Q1,29.33,30.52,31.25,-2.34,30.885,,2026,2,1,-3.9,Caída,4,1
Arroz Pilado Natural Grano Largo (qq),GUAYAS,2026-02-Q2,29.33,29.33,30.52,-3.9,29.925,30.3667,2026,2,2,0.0,Estable,4,1
Arroz Pilado Natural Grano Largo (qq),GUAYAS,2026-03-Q1,27.75,29.33,29.33,0.0,29.33,29.7267,2026,3,1,-5.39,Caída,4,1
Arroz Pilado Natural Grano Largo (qq),GUAYAS,2026-03-Q2,27.75,27.75,29.33,-5.39,28.54,28.8033,2026,3,2,0.0,Estable,4,1
Arroz Pilado Natural Grano Largo (qq),GUAYAS,2026-04-Q1,27.87666666666667,27.75,27.75,0.0,27.75,28.2767,2026,4,1,0.46,Estable,4,1
Arroz Pilado Natural Grano Largo (qq),GUAYAS,2026-04-Q2,28.17,27.87666666666667,27.75,0.46,27.8133,27.7922,2026,4,2,1.05,Estable,4,1
Arroz Pilado Natural Grano Largo (qq),PICHINCHA,2026-01-Q2,54.33,54.33,,,,,2026,1,2,0.0,Estable,4,2
Arroz Pilado Natural Grano Largo (qq),PICHINCHA,2026-02-Q1,54.33,54.33,54.33,0.0,54.33,,2026,2,1,0.0,Estable,4,2
Arroz Pilado Natural Grano Largo (qq),PICHINCHA,2026-02-Q2,54.33,54.33,54.33,0.0,54.33,54.33,2026,2,2,0.0,Estable,4,2
Arroz Pilado Natural Grano Largo (qq),PICHINCHA,2026-03-Q1,54.33,54.33,54.33,0.0,54.33,54.33,2026,3,1,0.0,Estable,4,2
Arroz Pilado Natural Grano Largo (qq),PICHINCHA,2026-03-Q2,54.33,54.33,54.33,0.0,54.33,54.33,2026,3,2,0.0,Estable,4,2
Arroz Pilado Natural Grano Largo (qq),PICHINCHA,2026-04-Q1,54.33,54.33,54.33,0.0,54.33,54.33,2026,4,1,0.0,Estable,4,2
Arroz Pilado Natural Grano Largo (qq),PICHINCHA,2026-04-Q2,54.33,54.33,54.33,0.0,54.33,54.33,2026,4,2,0.0,Estable,4,2
Arveja Seca (qq),AZUAY,2026-01-Q2,44.09,44.67,,,,,2026,1,2,-1.3,Estable,5,0
Arveja Seca (qq),AZUAY,2026-02-Q1,44.0,44.09,44.67,-1.3,44.38,,2026,2,1,-0.2,Estable,5,0
Arveja Seca (qq),AZUAY,2026-02-Q2,44.0,44.0,44.09,-0.2,44.045,44.2533,2026,2,2,0.0,Estable,5,0
Arveja Seca (qq),AZUAY,2026-03-Q1,43.5,44.0,44.0,0.0,44.0,44.03,2026,3,1,-1.14,Estable,5,0
Arveja Seca (qq),AZUAY,2026-03-Q2,43.5,43.5,44.0,-1.14,43.75,43.8333,2026,3,2,0.0,Estable,5,0
Arveja Seca (qq),AZUAY,2026-04-Q1,43.5,43.5,43.5,0.0,43.5,43.6667,2026,4,1,0.0,Estable,5,0
Arveja Seca (qq),AZUAY,2026-04-Q2,41.59,43.5,43.5,0.0,43.5,43.5,2026,4,2,-4.39,Caída,5,0
Arveja Seca (qq),PICHINCHA,2026-01-Q2,46.0,46.0,,,,,2026,1,2,0.0,Estable,5,2
Arveja Seca (qq),PICHINCHA,2026-02-Q1,46.0,46.0,46.0,0.0,46.0,,2026,2,1,0.0,Estable,5,2
Arveja Seca (qq),PICHINCHA,2026-02-Q2,46.0,46.0,46.0,0.0,46.0,46.0,2026,2,2,0.0,Estable,5,2
Arveja Seca (qq),PICHINCHA,2026-03-Q1,49.0,46.0,46.0,0.0,46.0,46.0,2026,3,1,6.52,Alza,5,2
Arveja Seca (qq),PICHINCHA,2026-03-Q2,49.0,49.0,46.0,6.52,47.5,47.0,2026,3,2,0.0,Estable,5,2
Arveja Seca (qq),PICHINCHA,2026-04-Q1,49.0,49.0,49.0,0.0,49.0,48.0,2026,4,1,0.0,Estable,5,2
Arveja Seca (qq),PICHINCHA,2026-04-Q2,49.0,49.0,49.0,0.0,49.0,49.0,2026,4,2,0.0,Estable,5,2
Arveja Tierna en Vaina-Quantum (Bulto aprox. 110 lb),PICHINCHA,2026-01-Q2,24.92,26.0,,,,,2026,1,2,-4.15,Caída,6,2
Arveja Tierna en Vaina-Quantum (Bulto aprox. 110 lb),PICHINCHA,2026-02-Q1,40.42,24.92,26.0,-4.15,25.46,,2026,2,1,62.2,Alza,6,2
Arveja Tierna en Vaina-Quantum (Bulto aprox. 110 lb),PICHINCHA,2026-02-Q2,48.14,40.42,24.92,62.2,32.67,30.4467,2026,2,2,19.1,Alza,6,2
Arveja Tierna en Vaina-Quantum (Bulto aprox. 110 lb),PICHINCHA,2026-03-Q1,81.84,48.14,40.42,19.1,44.28,37.8267,2026,3,1,70.0,Alza,6,2
Arveja Tierna en Vaina-Quantum (Bulto aprox. 110 lb),PICHINCHA,2026-03-Q2,78.33,81.84,48.14,70.0,64.99,56.8,2026,3,2,-4.29,Caída,6,2
Arveja Tierna en Vaina-Quantum (Bulto aprox. 110 lb),PICHINCHA,2026-04-Q1,45.11,78.33,81.84,-4.29,80.085,69.4367,2026,4,1,-42.41,Caída,6,2
Arveja Tierna en Vaina-Quantum (Bulto aprox. 110 lb),PICHINCHA,2026-04-Q2,36.38,45.11,78.33,-42.41,61.72,68.4267,2026,4,2,-19.35,Caída,6,2
Arveja Tierna en Vaina-Quantum (Saco aprox. 60 lb),AZUAY,2026-01-Q2,13.13,13.0,,,,,2026,1,2,1.0,Estable,7,0
Arveja Tierna en Vaina-Quantum (Saco aprox. 60 lb),AZUAY,2026-02-Q1,18.0,13.13,13.0,1.0,13.065,,2026,2,1,37.09,Alza,7,0
Arveja Tierna en Vaina-Quantum (Saco aprox. 60 lb),AZUAY,2026-02-Q2,21.5,18.0,13.13,37.09,15.565,14.71,2026,2,2,19.44,Alza,7,0
Arveja Tierna en Vaina-Quantum (Saco aprox. 60 lb),AZUAY,2026-03-Q1,35.25,21.5,18.0,19.44,19.75,17.5433,2026,3,1,63.95,Alza,7,0
Arveja Tierna en Vaina-Quantum (Saco aprox. 60 lb),AZUAY,2026-03-Q2,32.0,35.25,21.5,63.95,28.375,24.9167,2026,3,2,-9.22,Caída,7,0
Arveja Tierna en Vaina-Quantum (Saco aprox. 60 lb),AZUAY,2026-04-Q1,25.0,32.0,35.25,-9.22,33.625,29.5833,2026,4,1,-21.88,Caída,7,0
Arveja Tierna en Vaina-Quantum (Saco aprox. 60 lb),AZUAY,2026-04-Q2,23.17,25.0,32.0,-21.88,28.5,30.75,2026,4,2,-7.32,Caída,7,0
Arveja Tierna en Vaina-Quantum (Saco aprox. 60 lb),GUAYAS,2026-01-Q2,28.27,30.67,,,,,2026,1,2,-7.83,Caída,7,1
Arveja Tierna en Vaina-Quantum (Saco aprox. 60 lb),GUAYAS,2026-02-Q1,42.5,28.27,30.67,-7.83,29.47,,2026,2,1,50.34,Alza,7,1
Arveja Tierna en Vaina-Quantum (Saco aprox. 60 lb),GUAYAS,2026-02-Q2,39.62,42.5,28.27,50.34,35.385,33.8133,2026,2,2,-6.78,Caída,7,1
Arveja Tierna en Vaina-Quantum (Saco aprox. 60 lb),GUAYAS,2026-03-Q1,42.67,39.62,42.5,-6.78,41.06,36.7967,2026,3,1,7.7,Alza,7,1
Arveja Tierna en Vaina-Quantum (Saco aprox. 60 lb),GUAYAS,2026-03-Q2,54.71,42.67,39.62,7.7,41.145,41.5967,2026,3,2,28.22,Alza,7,1
Arveja Tierna en Vaina-Quantum (Saco aprox. 60 lb),GUAYAS,2026-04-Q1,64.83,54.71,42.67,28.22,48.69,45.6667,2026,4,1,18.5,Alza,7,1
Arveja Tierna en Vaina-Quantum (Saco aprox. 60 lb),GUAYAS,2026-04-Q2,46.83,64.83,54.71,18.5,59.77,54.07,2026,4,2,-27.76,Caída,7,1
Avena Hojuelas (Saco aprox. 50 lb),AZUAY,2026-01-Q2,20.25,20.67,,,,,2026,1,2,-2.03,Estable,8,0
Avena Hojuelas (Saco aprox. 50 lb),AZUAY,2026-02-Q1,20.0,20.25,20.67,-2.03,20.46,,2026,2,1,-1.23,Estable,8,0
Avena Hojuelas (Saco aprox. 50 lb),AZUAY,2026-02-Q2,20.0,20.0,20.25,-1.23,20.125,20.3067,2026,2,2,0.0,Estable,8,0
Avena Hojuelas (Saco aprox. 50 lb),AZUAY,2026-03-Q1,19.5,20.0,20.0,0.0,20.0,20.0833,2026,3,1,-2.5,Estable,8,0
Avena Hojuelas (Saco aprox. 50 lb),AZUAY,2026-03-Q2,19.5,19.5,20.0,-2.5,19.75,19.8333,2026,3,2,0.0,Estable,8,0
Avena Hojuelas (Saco aprox. 50 lb),AZUAY,2026-04-Q1,19.5,19.5,19.5,0.0,19.5,19.6667,2026,4,1,0.0,Estable,8,0
Avena Hojuelas (Saco aprox. 50 lb),AZUAY,2026-04-Q2,20.17,19.5,19.5,0.0,19.5,19.5,2026,4,2,3.44,Alza,8,0
Avena Hojuelas (Saco aprox. 50 lb),GUAYAS,2026-01-Q2,17.17,17.08,,,,,2026,1,2,0.53,Estable,8,1
Avena Hojuelas (Saco aprox. 50 lb),GUAYAS,2026-02-Q1,17.33,17.17,17.08,0.53,17.125,,2026,2,1,0.93,Estable,8,1
Avena Hojuelas (Saco aprox. 50 lb),GUAYAS,2026-02-Q2,17.33,17.33,17.17,0.93,17.25,17.1933,2026,2,2,0.0,Estable,8,1
Avena Hojuelas (Saco aprox. 50 lb),GUAYAS,2026-03-Q1,16.88,17.33,17.33,0.0,17.33,17.2767,2026,3,1,-2.6,Estable,8,1
Avena Hojuelas (Saco aprox. 50 lb),GUAYAS,2026-03-Q2,16.88,16.88,17.33,-2.6,17.105,17.18,2026,3,2,0.0,Estable,8,1
Avena Hojuelas (Saco aprox. 50 lb),GUAYAS,2026-04-Q1,16.88,16.88,16.88,0.0,16.88,17.03,2026,4,1,0.0,Estable,8,1
Avena Hojuelas (Saco aprox. 50 lb),GUAYAS,2026-04-Q2,16.9,16.88,16.88,0.0,16.88,16.88,2026,4,2,0.12,Estable,8,1
Avena Hojuelas (Saco aprox. 50 lb),PICHINCHA,2026-01-Q2,16.5,16.5,,,,,2026,1,2,0.0,Estable,8,2
Avena Hojuelas (Saco aprox. 50 lb),PICHINCHA,2026-02-Q1,16.5,16.5,16.5,0.0,16.5,,2026,2,1,0.0,Estable,8,2
Avena Hojuelas (Saco aprox. 50 lb),PICHINCHA,2026-02-Q2,16.5,16.5,16.5,0.0,16.5,16.5,2026,2,2,0.0,Estable,8,2
Avena Hojuelas (Saco aprox. 50 lb),PICHINCHA,2026-03-Q1,16.5,16.5,16.5,0.0,16.5,16.5,2026,3,1,0.0,Estable,8,2
Avena Hojuelas (Saco aprox. 50 lb),PICHINCHA,2026-03-Q2,16.5,16.5,16.5,0.0,16.5,16.5,2026,3,2,0.0,Estable,8,2
Avena Hojuelas (Saco aprox. 50 lb),PICHINCHA,2026-04-Q1,16.5,16.5,16.5,0.0,16.5,16.5,2026,4,1,0.0,Estable,8,2
Avena Hojuelas (Saco aprox. 50 lb),PICHINCHA,2026-04-Q2,16.5,16.5,16.5,0.0,16.5,16.5,2026,4,2,0.0,Estable,8,2
Azucar Blanca (Saco aprox. 50 Kg),AZUAY,2026-01-Q2,39.59,39.34,,,,,2026,1,2,0.64,Estable,9,0
Azucar Blanca (Saco aprox. 50 Kg),AZUAY,2026-02-Q1,39.34,39.59,39.34,0.64,39.465,,2026,2,1,-0.63,Estable,9,0
Azucar Blanca (Saco aprox. 50 Kg),AZUAY,2026-02-Q2,39.34,39.34,39.59,-0.63,39.465,39.4233,2026,2,2,0.0,Estable,9,0
Azucar Blanca (Saco aprox. 50 Kg),AZUAY,2026-03-Q1,40.5,39.34,39.34,0.0,39.34,39.4233,2026,3,1,2.95,Estable,9,0
Azucar Blanca (Saco aprox. 50 Kg),AZUAY,2026-03-Q2,40.5,40.5,39.34,2.95,39.92,39.7267,2026,3,2,0.0,Estable,9,0
Azucar Blanca (Saco aprox. 50 Kg),AZUAY,2026-04-Q1,40.5,40.5,40.5,0.0,40.5,40.1133,2026,4,1,0.0,Estable,9,0
Azucar Blanca (Saco aprox. 50 Kg),AZUAY,2026-04-Q2,39.08,40.5,40.5,0.0,40.5,40.5,2026,4,2,-3.51,Caída,9,0
Azucar Blanca (Saco aprox. 50 Kg),GUAYAS,2026-01-Q2,39.96,40.25,,,,,2026,1,2,-0.72,Estable,9,1
Azucar Blanca (Saco aprox. 50 Kg),GUAYAS,2026-02-Q1,37.33,39.96,40.25,-0.72,40.105,,2026,2,1,-6.58,Caída,9,1
Azucar Blanca (Saco aprox. 50 Kg),GUAYAS,2026-02-Q2,37.33,37.33,39.96,-6.58,38.645,39.18,2026,2,2,0.0,Estable,9,1
Azucar Blanca (Saco aprox. 50 Kg),GUAYAS,2026-03-Q1,40.5,37.33,37.33,0.0,37.33,38.2067,2026,3,1,8.49,Alza,9,1
Azucar Blanca (Saco aprox. 50 Kg),GUAYAS,2026-03-Q2,40.5,40.5,37.33,8.49,38.915,38.3867,2026,3,2,0.0,Estable,9,1
Azucar Blanca (Saco aprox. 50 Kg),GUAYAS,2026-04-Q1,40.5,40.5,40.5,0.0,40.5,39.4433,2026,4,1,0.0,Estable,9,1
Azucar Blanca (Saco aprox. 50 Kg),GUAYAS,2026-04-Q2,40.29,40.5,40.5,0.0,40.5,40.5,2026,4,2,-0.52,Estable,9,1
Azucar Blanca (Saco aprox. 50 Kg),PICHINCHA,2026-01-Q2,37.29,37.5,,,,,2026,1,2,-0.56,Estable,9,2
Azucar Blanca (Saco aprox. 50 Kg),PICHINCHA,2026-02-Q1,35.67,37.29,37.5,-0.56,37.395,,2026,2,1,-4.34,Caída,9,2
Azucar Blanca (Saco aprox. 50 Kg),PICHINCHA,2026-02-Q2,35.67,35.67,37.29,-4.34,36.48,36.82,2026,2,2,0.0,Estable,9,2
Azucar Blanca (Saco aprox. 50 Kg),PICHINCHA,2026-03-Q1,35.5,35.67,35.67,0.0,35.67,36.21,2026,3,1,-0.48,Estable,9,2
Azucar Blanca (Saco aprox. 50 Kg),PICHINCHA,2026-03-Q2,35.5,35.5,35.67,-0.48,35.585,35.6133,2026,3,2,0.0,Estable,9,2
Azucar Blanca (Saco aprox. 50 Kg),PICHINCHA,2026-04-Q1,35.5,35.5,35.5,0.0,35.5,35.5567,2026,4,1,0.0,Estable,9,2
Azucar Blanca (Saco aprox. 50 Kg),PICHINCHA,2026-04-Q2,35.5,35.5,35.5,0.0,35.5,35.5,2026,4,2,0.0,Estable,9,2
Banano (Guineo) (Carton aprox. 40 lb),AZUAY,2026-01-Q2,9.0,9.0,,,,,2026,1,2,0.0,Estable,10,0
Banano (Guineo) (Carton aprox. 40 lb),AZUAY,2026-02-Q1,9.0,9.0,9.0,0.0,9.0,,2026,2,1,0.0,Estable,10,0
Banano (Guineo) (Carton aprox. 40 lb),AZUAY,2026-02-Q2,9.0,9.0,9.0,0.0,9.0,9.0,2026,2,2,0.0,Estable,10,0
Banano (Guineo) (Carton aprox. 40 lb),AZUAY,2026-03-Q1,9.0,9.0,9.0,0.0,9.0,9.0,2026,3,1,0.0,Estable,10,0
Banano (Guineo) (Carton aprox. 40 lb),AZUAY,2026-03-Q2,8.5,9.0,9.0,0.0,9.0,9.0,2026,3,2,-5.56,Caída,10,0
Banano (Guineo) (Carton aprox. 40 lb),AZUAY,2026-04-Q1,8.0,8.5,9.0,-5.56,8.75,8.8333,2026,4,1,-5.88,Caída,10,0
Banano (Guineo) (Carton aprox. 40 lb),AZUAY,2026-04-Q2,8.0,8.0,8.5,-5.88,8.25,8.5,2026,4,2,0.0,Estable,10,0
Banano (Guineo) (Carton aprox. 65 lb),GUAYAS,2026-01-Q2,7.41,7.92,,,,,2026,1,2,-6.44,Caída,11,1
Banano (Guineo) (Carton aprox. 65 lb),GUAYAS,2026-02-Q1,6.96,7.41,7.92,-6.44,7.665,,2026,2,1,-6.07,Caída,11,1
Banano (Guineo) (Carton aprox. 65 lb),GUAYAS,2026-02-Q2,6.69,6.96,7.41,-6.07,7.185,7.43,2026,2,2,-3.88,Caída,11,1
Banano (Guineo) (Carton aprox. 65 lb),GUAYAS,2026-03-Q1,6.42,6.69,6.96,-3.88,6.825,7.02,2026,3,1,-4.04,Caída,11,1
Banano (Guineo) (Carton aprox. 65 lb),GUAYAS,2026-03-Q2,6.6,6.42,6.69,-4.04,6.555,6.69,2026,3,2,2.8,Estable,11,1
Banano (Guineo) (Carton aprox. 65 lb),GUAYAS,2026-04-Q1,7.46,6.6,6.42,2.8,6.51,6.57,2026,4,1,13.03,Alza,11,1
Banano (Guineo) (Carton aprox. 65 lb),GUAYAS,2026-04-Q2,7.21,7.46,6.6,13.03,7.03,6.8267,2026,4,2,-3.35,Caída,11,1
Banano (Guineo) (Carton aprox. 65 lb),PICHINCHA,2026-01-Q2,15.29,15.22,,,,,2026,1,2,0.46,Estable,11,2
Banano (Guineo) (Carton aprox. 65 lb),PICHINCHA,2026-02-Q1,15.67,15.29,15.22,0.46,15.255,,2026,2,1,2.49,Estable,11,2
Banano (Guineo) (Carton aprox. 65 lb),PICHINCHA,2026-02-Q2,15.48,15.67,15.29,2.49,15.48,15.3933,2026,2,2,-1.21,Estable,11,2
Banano (Guineo) (Carton aprox. 65 lb),PICHINCHA,2026-03-Q1,15.67,15.48,15.67,-1.21,15.575,15.48,2026,3,1,1.23,Estable,11,2
Banano (Guineo) (Carton aprox. 65 lb),PICHINCHA,2026-03-Q2,15.67,15.67,15.48,1.23,15.575,15.6067,2026,3,2,0.0,Estable,11,2
Banano (Guineo) (Carton aprox. 65 lb),PICHINCHA,2026-04-Q1,15.67,15.67,15.67,0.0,15.67,15.6067,2026,4,1,0.0,Estable,11,2
Banano (Guineo) (Carton aprox. 65 lb),PICHINCHA,2026-04-Q2,15.67,15.67,15.67,0.0,15.67,15.67,2026,4,2,0.0,Estable,11,2
Bovino a la Canal (lb),AZUAY,2026-01-Q2,2.18,2.18,,,,,2026,1,2,0.0,Estable,12,0
Bovino a la Canal (lb),AZUAY,2026-02-Q1,2.2,2.18,2.18,0.0,2.18,,2026,2,1,0.92,Estable,12,0
Bovino a la Canal (lb),AZUAY,2026-02-Q2,2.2,2.2,2.18,0.92,2.19,2.1867,2026,2,2,0.0,Estable,12,0
Bovino a la Canal (lb),AZUAY,2026-03-Q1,2.15,2.2,2.2,0.0,2.2,2.1933,2026,3,1,-2.27,Estable,12,0
Bovino a la Canal (lb),AZUAY,2026-03-Q2,2.15,2.15,2.2,-2.27,2.175,2.1833,2026,3,2,0.0,Estable,12,0
Bovino a la Canal (lb),AZUAY,2026-04-Q1,2.15,2.15,2.15,0.0,2.15,2.1667,2026,4,1,0.0,Estable,12,0
Bovino a la Canal (lb),AZUAY,2026-04-Q2,2.15,2.15,2.15,0.0,2.15,2.15,2026,4,2,0.0,Estable,12,0
Bovino a la Canal (lb),GUAYAS,2026-01-Q2,2.05,2.04,,,,,2026,1,2,0.49,Estable,12,1
Bovino a la Canal (lb),GUAYAS,2026-02-Q1,2.08,2.05,2.04,0.49,2.045,,2026,2,1,1.46,Estable,12,1
Bovino a la Canal (lb),GUAYAS,2026-02-Q2,2.08,2.08,2.05,1.46,2.065,2.0567,2026,2,2,0.0,Estable,12,1
Bovino a la Canal (lb),GUAYAS,2026-03-Q1,2.17,2.08,2.08,0.0,2.08,2.07,2026,3,1,4.33,Alza,12,1
Bovino a la Canal (lb),GUAYAS,2026-03-Q2,2.17,2.17,2.08,4.33,2.125,2.11,2026,3,2,0.0,Estable,12,1
Bovino a la Canal (lb),GUAYAS,2026-04-Q1,2.18,2.17,2.17,0.0,2.17,2.14,2026,4,1,0.46,Estable,12,1
Bovino a la Canal (lb),GUAYAS,2026-04-Q2,2.18,2.18,2.17,0.46,2.175,2.1733,2026,4,2,0.0,Estable,12,1
Brocoli (Unidad aprox. 2 lb),AZUAY,2026-01-Q2,0.82,0.92,,,,,2026,1,2,-10.87,Caída,13,0
Brocoli (Unidad aprox. 2 lb),AZUAY,2026-02-Q1,0.8,0.82,0.92,-10.87,0.87,,2026,2,1,-2.44,Estable,13,0
Brocoli (Unidad aprox. 2 lb),AZUAY,2026-02-Q2,0.76,0.8,0.82,-2.44,0.81,0.8467,2026,2,2,-5.0,Caída,13,0
Brocoli (Unidad aprox. 2 lb),AZUAY,2026-03-Q1,0.63,0.76,0.8,-5.0,0.78,0.7933,2026,3,1,-17.11,Caída,13,0
Brocoli (Unidad aprox. 2 lb),AZUAY,2026-03-Q2,0.71,0.63,0.76,-17.11,0.695,0.73,2026,3,2,12.7,Alza,13,0
Brocoli (Unidad aprox. 2 lb),AZUAY,2026-04-Q1,0.8,0.71,0.63,12.7,0.67,0.7,2026,4,1,12.68,Alza,13,0
Brocoli (Unidad aprox. 2 lb),AZUAY,2026-04-Q2,0.78,0.8,0.71,12.68,0.755,0.7133,2026,4,2,-2.5,Estable,13,0
Brocoli (Unidad aprox. 2 lb),GUAYAS,2026-01-Q2,0.53,0.54,,,,,2026,1,2,-1.85,Estable,13,1
Brocoli (Unidad aprox. 2 lb),GUAYAS,2026-02-Q1,0.88,0.53,0.54,-1.85,0.535,,2026,2,1,66.04,Alza,13,1
Brocoli (Unidad aprox. 2 lb),GUAYAS,2026-02-Q2,0.8,0.88,0.53,66.04,0.705,0.65,2026,2,2,-9.09,Caída,13,1
Brocoli (Unidad aprox. 2 lb),GUAYAS,2026-03-Q1,0.51,0.8,0.88,-9.09,0.84,0.7367,2026,3,1,-36.25,Caída,13,1
Brocoli (Unidad aprox. 2 lb),GUAYAS,2026-03-Q2,0.59,0.51,0.8,-36.25,0.655,0.73,2026,3,2,15.69,Alza,13,1
Brocoli (Unidad aprox. 2 lb),GUAYAS,2026-04-Q1,0.65,0.59,0.51,15.69,0.55,0.6333,2026,4,1,10.17,Alza,13,1
Brocoli (Unidad aprox. 2 lb),GUAYAS,2026-04-Q2,0.67,0.65,0.59,10.17,0.62,0.5833,2026,4,2,3.08,Alza,13,1
Brocoli (Unidad aprox. 2 lb),PICHINCHA,2026-01-Q2,0.5,0.42,,,,,2026,1,2,19.05,Alza,13,2
Brocoli (Unidad aprox. 2 lb),PICHINCHA,2026-02-Q1,0.51,0.5,0.42,19.05,0.46,,2026,2,1,2.0,Estable,13,2
Brocoli (Unidad aprox. 2 lb),PICHINCHA,2026-02-Q2,0.45,0.51,0.5,2.0,0.505,0.4767,2026,2,2,-11.76,Caída,13,2
Brocoli (Unidad aprox. 2 lb),PICHINCHA,2026-03-Q1,0.38,0.45,0.51,-11.76,0.48,0.4867,2026,3,1,-15.56,Caída,13,2
Brocoli (Unidad aprox. 2 lb),PICHINCHA,2026-03-Q2,0.47,0.38,0.45,-15.56,0.415,0.4467,2026,3,2,23.68,Alza,13,2
Brocoli (Unidad aprox. 2 lb),PICHINCHA,2026-04-Q1,0.41,0.47,0.38,23.68,0.425,0.4333,2026,4,1,-12.77,Caída,13,2
Brocoli (Unidad aprox. 2 lb),PICHINCHA,2026-04-Q2,0.48,0.41,0.47,-12.77,0.44,0.42,2026,4,2,17.07,Alza,13,2
Cebolla Blanca en Rama (Atado aprox. 2.2 lb),PICHINCHA,2026-01-Q2,0.8,0.82,,,,,2026,1,2,-2.44,Estable,14,2
Cebolla Blanca en Rama (Atado aprox. 2.2 lb),PICHINCHA,2026-02-Q1,0.85,0.8,0.82,-2.44,0.81,,2026,2,1,6.25,Alza,14,2
Cebolla Blanca en Rama (Atado aprox. 2.2 lb),PICHINCHA,2026-02-Q2,0.82,0.85,0.8,6.25,0.825,0.8233,2026,2,2,-3.53,Caída,14,2
Cebolla Blanca en Rama (Atado aprox. 2.2 lb),PICHINCHA,2026-03-Q1,0.79,0.82,0.85,-3.53,0.835,0.8233,2026,3,1,-3.66,Caída,14,2
Cebolla Blanca en Rama (Atado aprox. 2.2 lb),PICHINCHA,2026-03-Q2,0.79,0.79,0.82,-3.66,0.805,0.82,2026,3,2,0.0,Estable,14,2
Cebolla Blanca en Rama (Atado aprox. 2.2 lb),PICHINCHA,2026-04-Q1,0.76,0.79,0.79,0.0,0.79,0.8,2026,4,1,-3.8,Caída,14,2
Cebolla Blanca en Rama (Atado aprox. 2.2 lb),PICHINCHA,2026-04-Q2,0.73,0.76,0.79,-3.8,0.775,0.78,2026,4,2,-3.95,Caída,14,2
Cebolla Blanca en Rama (Atado aprox. 5 lb),AZUAY,2026-01-Q2,2.0,2.0,,,,,2026,1,2,0.0,Estable,15,0
Cebolla Blanca en Rama (Atado aprox. 5 lb),AZUAY,2026-02-Q1,2.0,2.0,2.0,0.0,2.0,,2026,2,1,0.0,Estable,15,0
Cebolla Blanca en Rama (Atado aprox. 5 lb),AZUAY,2026-02-Q2,2.0,2.0,2.0,0.0,2.0,2.0,2026,2,2,0.0,Estable,15,0
Cebolla Blanca en Rama (Atado aprox. 5 lb),AZUAY,2026-03-Q1,2.0,2.0,2.0,0.0,2.0,2.0,2026,3,1,0.0,Estable,15,0
Cebolla Blanca en Rama (Atado aprox. 5 lb),AZUAY,2026-03-Q2,2.0,2.0,2.0,0.0,2.0,2.0,2026,3,2,0.0,Estable,15,0
Cebolla Blanca en Rama (Atado aprox. 5 lb),AZUAY,2026-04-Q1,2.0,2.0,2.0,0.0,2.0,2.0,2026,4,1,0.0,Estable,15,0
Cebolla Blanca en Rama (Atado aprox. 5 lb),AZUAY,2026-04-Q2,2.0,2.0,2.0,0.0,2.0,2.0,2026,4,2,0.0,Estable,15,0
Cebolla Blanca en Rama (Atado aprox. 5 lb),GUAYAS,2026-01-Q2,1.58,1.84,,,,,2026,1,2,-14.13,Caída,15,1
Cebolla Blanca en Rama (Atado aprox. 5 lb),GUAYAS,2026-02-Q1,1.42,1.58,1.84,-14.13,1.71,,2026,2,1,-10.13,Caída,15,1
Cebolla Blanca en Rama (Atado aprox. 5 lb),GUAYAS,2026-02-Q2,1.43,1.42,1.58,-10.13,1.5,1.6133,2026,2,2,0.7,Estable,15,1
Cebolla Blanca en Rama (Atado aprox. 5 lb),GUAYAS,2026-03-Q1,1.2,1.43,1.42,0.7,1.425,1.4767,2026,3,1,-16.08,Caída,15,1
Cebolla Blanca en Rama (Atado aprox. 5 lb),GUAYAS,2026-03-Q2,1.18,1.2,1.43,-16.08,1.315,1.35,2026,3,2,-1.67,Estable,15,1
Cebolla Blanca en Rama (Atado aprox. 5 lb),GUAYAS,2026-04-Q1,1.16,1.18,1.2,-1.67,1.19,1.27,2026,4,1,-1.69,Estable,15,1
Cebolla Blanca en Rama (Atado aprox. 5 lb),GUAYAS,2026-04-Q2,1.13,1.16,1.18,-1.69,1.17,1.18,2026,4,2,-2.59,Estable,15,1
Cebolla Colorada Nacional Seca (Malla aprox. 100 lb),AZUAY,2026-01-Q2,29.88,30.67,,,,,2026,1,2,-2.58,Estable,16,0
Cebolla Colorada Nacional Seca (Malla aprox. 100 lb),AZUAY,2026-02-Q1,25.25,29.88,30.67,-2.58,30.275,,2026,2,1,-15.5,Caída,16,0
Cebolla Colorada Nacional Seca (Malla aprox. 100 lb),AZUAY,2026-02-Q2,28.5,25.25,29.88,-15.5,27.565,28.6,2026,2,2,12.87,Alza,16,0
Cebolla Colorada Nacional Seca (Malla aprox. 100 lb),AZUAY,2026-03-Q1,34.75,28.5,25.25,12.87,26.875,27.8767,2026,3,1,21.93,Alza,16,0
Cebolla Colorada Nacional Seca (Malla aprox. 100 lb),AZUAY,2026-03-Q2,37.0,34.75,28.5,21.93,31.625,29.5,2026,3,2,6.47,Alza,16,0
Cebolla Colorada Nacional Seca (Malla aprox. 100 lb),AZUAY,2026-04-Q1,41.33,37.0,34.75,6.47,35.875,33.4167,2026,4,1,11.7,Alza,16,0
Cebolla Colorada Nacional Seca (Malla aprox. 100 lb),AZUAY,2026-04-Q2,41.17,41.33,37.0,11.7,39.165,37.6933,2026,4,2,-0.39,Estable,16,0
Cebolla Colorada Nacional Seca (Malla aprox. 100 lb),GUAYAS,2026-01-Q2,12.46,12.63,,,,,2026,1,2,-1.35,Estable,16,1
Cebolla Colorada Nacional Seca (Malla aprox. 100 lb),GUAYAS,2026-02-Q1,12.42,12.46,12.63,-1.35,12.545,,2026,2,1,-0.32,Estable,16,1
Cebolla Colorada Nacional Seca (Malla aprox. 100 lb),GUAYAS,2026-02-Q2,14.9,12.42,12.46,-0.32,12.44,12.5033,2026,2,2,19.97,Alza,16,1
Cebolla Colorada Nacional Seca (Malla aprox. 100 lb),GUAYAS,2026-03-Q1,23.83,14.9,12.42,19.97,13.66,13.26,2026,3,1,59.93,Alza,16,1
Cebolla Colorada Nacional Seca (Malla aprox. 100 lb),GUAYAS,2026-03-Q2,29.37,23.83,14.9,59.93,19.365,17.05,2026,3,2,23.25,Alza,16,1
Cebolla Colorada Nacional Seca (Malla aprox. 100 lb),GUAYAS,2026-04-Q1,41.33,29.37,23.83,23.25,26.6,22.7,2026,4,1,40.72,Alza,16,1
Cebolla Colorada Nacional Seca (Malla aprox. 100 lb),GUAYAS,2026-04-Q2,40.29,41.33,29.37,40.72,35.35,31.51,2026,4,2,-2.52,Estable,16,1
Cebolla Colorada Nacional Seca (Malla aprox. 100 lb),PICHINCHA,2026-01-Q2,29.09,32.22,,,,,2026,1,2,-9.71,Caída,16,2
Cebolla Colorada Nacional Seca (Malla aprox. 100 lb),PICHINCHA,2026-02-Q1,26.33,29.09,32.22,-9.71,30.655,,2026,2,1,-9.49,Caída,16,2
Cebolla Colorada Nacional Seca (Malla aprox. 100 lb),PICHINCHA,2026-02-Q2,26.81,26.33,29.09,-9.49,27.71,29.2133,2026,2,2,1.82,Estable,16,2
Cebolla Colorada Nacional Seca (Malla aprox. 100 lb),PICHINCHA,2026-03-Q1,28.25,26.81,26.33,1.82,26.57,27.41,2026,3,1,5.37,Alza,16,2
Cebolla Colorada Nacional Seca (Malla aprox. 100 lb),PICHINCHA,2026-03-Q2,31.0,28.25,26.81,5.37,27.53,27.13,2026,3,2,9.73,Alza,16,2
Cebolla Colorada Nacional Seca (Malla aprox. 100 lb),PICHINCHA,2026-04-Q1,35.56,31.0,28.25,9.73,29.625,28.6867,2026,4,1,14.71,Alza,16,2
Cebolla Colorada Nacional Seca (Malla aprox. 100 lb),PICHINCHA,2026-04-Q2,32.52,35.56,31.0,14.71,33.28,31.6033,2026,4,2,-8.55,Caída,16,2
Cebolla Perla Nacional Seca (Malla aprox. 100 lb),AZUAY,2026-01-Q2,24.75,26.0,,,,,2026,1,2,-4.81,Caída,17,0
Cebolla Perla Nacional Seca (Malla aprox. 100 lb),AZUAY,2026-02-Q1,20.0,24.75,26.0,-4.81,25.375,,2026,2,1,-19.19,Caída,17,0
Cebolla Perla Nacional Seca (Malla aprox. 100 lb),AZUAY,2026-02-Q2,21.33,20.0,24.75,-19.19,22.375,23.5833,2026,2,2,6.65,Alza,17,0
Cebolla Perla Nacional Seca (Malla aprox. 100 lb),AZUAY,2026-03-Q1,21.33,21.33,20.0,6.65,20.665,22.0267,2026,3,1,0.0,Estable,17,0
Cebolla Perla Nacional Seca (Malla aprox. 100 lb),AZUAY,2026-03-Q2,28.13,21.33,21.33,0.0,21.33,20.8867,2026,3,2,31.88,Alza,17,0
Cebolla Perla Nacional Seca (Malla aprox. 100 lb),AZUAY,2026-04-Q1,35.0,28.13,21.33,31.88,24.73,23.5967,2026,4,1,24.42,Alza,17,0
Cebolla Perla Nacional Seca (Malla aprox. 100 lb),AZUAY,2026-04-Q2,35.83,35.0,28.13,24.42,31.565,28.1533,2026,4,2,2.37,Estable,17,0
Cebolla Perla Nacional Seca (Malla aprox. 100 lb),GUAYAS,2026-01-Q2,18.17,17.33,,,,,2026,1,2,4.85,Alza,17,1
Cebolla Perla Nacional Seca (Malla aprox. 100 lb),GUAYAS,2026-02-Q1,18.33,18.17,17.33,4.85,17.75,,2026,2,1,0.88,Estable,17,1
Cebolla Perla Nacional Seca (Malla aprox. 100 lb),GUAYAS,2026-02-Q2,20.47,18.33,18.17,0.88,18.25,17.9433,2026,2,2,11.67,Alza,17,1
Cebolla Perla Nacional Seca (Malla aprox. 100 lb),GUAYAS,2026-03-Q1,21.75,20.47,18.33,11.67,19.4,18.99,2026,3,1,6.25,Alza,17,1
Cebolla Perla Nacional Seca (Malla aprox. 100 lb),GUAYAS,2026-03-Q2,24.25,21.75,20.47,6.25,21.11,20.1833,2026,3,2,11.49,Alza,17,1
Cebolla Perla Nacional Seca (Malla aprox. 100 lb),GUAYAS,2026-04-Q1,31.33,24.25,21.75,11.49,23.0,22.1567,2026,4,1,29.2,Alza,17,1
Cebolla Perla Nacional Seca (Malla aprox. 100 lb),GUAYAS,2026-04-Q2,30.62,31.33,24.25,29.2,27.79,25.7767,2026,4,2,-2.27,Estable,17,1
Cebolla Perla Nacional Seca (Quintal aprox. 100 lb),PICHINCHA,2026-01-Q2,16.71,20.0,,,,,2026,1,2,-16.45,Caída,18,2
Cebolla Perla Nacional Seca (Quintal aprox. 100 lb),PICHINCHA,2026-02-Q1,15.5,16.71,20.0,-16.45,18.355,,2026,2,1,-7.24,Caída,18,2
Cebolla Perla Nacional Seca (Quintal aprox. 100 lb),PICHINCHA,2026-02-Q2,15.28,15.5,16.71,-7.24,16.105,17.4033,2026,2,2,-1.42,Estable,18,2
Cebolla Perla Nacional Seca (Quintal aprox. 100 lb),PICHINCHA,2026-03-Q1,17.5,15.28,15.5,-1.42,15.39,15.83,2026,3,1,14.53,Alza,18,2
Cebolla Perla Nacional Seca (Quintal aprox. 100 lb),PICHINCHA,2026-03-Q2,19.78,17.5,15.28,14.53,16.39,16.0933,2026,3,2,13.03,Alza,18,2
Cebolla Perla Nacional Seca (Quintal aprox. 100 lb),PICHINCHA,2026-04-Q1,23.33,19.78,17.5,13.03,18.64,17.52,2026,4,1,17.95,Alza,18,2
Cebolla Perla Nacional Seca (Quintal aprox. 100 lb),PICHINCHA,2026-04-Q2,24.67,23.33,19.78,17.95,21.555,20.2033,2026,4,2,5.74,Alza,18,2
Col (Bulto aprox. 120 lb),PICHINCHA,2026-01-Q2,13.88,14.11,,,,,2026,1,2,-1.63,Estable,19,2
Col (Bulto aprox. 120 lb),PICHINCHA,2026-02-Q1,12.17,13.88,14.11,-1.63,13.995,,2026,2,1,-12.32,Caída,19,2
Col (Bulto aprox. 120 lb),PICHINCHA,2026-02-Q2,12.67,12.17,13.88,-12.32,13.025,13.3867,2026,2,2,4.11,Alza,19,2
Col (Bulto aprox. 120 lb),PICHINCHA,2026-03-Q1,14.84,12.67,12.17,4.11,12.42,12.9067,2026,3,1,17.13,Alza,19,2
Col (Bulto aprox. 120 lb),PICHINCHA,2026-03-Q2,14.74,14.84,12.67,17.13,13.755,13.2267,2026,3,2,-0.67,Estable,19,2
Col (Bulto aprox. 120 lb),PICHINCHA,2026-04-Q1,16.44,14.74,14.84,-0.67,14.79,14.0833,2026,4,1,11.53,Alza,19,2
Col (Bulto aprox. 120 lb),PICHINCHA,2026-04-Q2,15.19,16.44,14.74,11.53,15.59,15.34,2026,4,2,-7.6,Caída,19,2
Col (Malla aprox. 105 lb),GUAYAS,2026-01-Q2,14.65,19.67,,,,,2026,1,2,-25.52,Caída,20,1
Col (Malla aprox. 105 lb),GUAYAS,2026-02-Q1,14.33,14.65,19.67,-25.52,17.16,,2026,2,1,-2.18,Estable,20,1
Col (Malla aprox. 105 lb),GUAYAS,2026-02-Q2,12.95,14.33,14.65,-2.18,14.49,16.2167,2026,2,2,-9.63,Caída,20,1
Col (Malla aprox. 105 lb),GUAYAS,2026-03-Q1,12.95,12.95,14.33,-9.63,13.64,13.9767,2026,3,1,0.0,Estable,20,1
Col (Malla aprox. 105 lb),GUAYAS,2026-03-Q2,11.08,12.95,12.95,0.0,12.95,13.41,2026,3,2,-14.44,Caída,20,1
Col (Malla aprox. 105 lb),GUAYAS,2026-04-Q1,13.59,11.08,12.95,-14.44,12.015,12.3267,2026,4,1,22.65,Alza,20,1
Col (Malla aprox. 105 lb),GUAYAS,2026-04-Q2,13.59,13.59,11.08,22.65,12.335,12.54,2026,4,2,0.0,Estable,20,1
Col (Unidad aprox. 13 lb),AZUAY,2026-01-Q2,1.06,1.0,,,,,2026,1,2,6.0,Alza,21,0
Col (Unidad aprox. 13 lb),AZUAY,2026-02-Q1,1.19,1.06,1.0,6.0,1.03,,2026,2,1,12.26,Alza,21,0
Col (Unidad aprox. 13 lb),AZUAY,2026-02-Q2,1.21,1.19,1.06,12.26,1.125,1.0833,2026,2,2,1.68,Estable,21,0
Col (Unidad aprox. 13 lb),AZUAY,2026-03-Q1,1.06,1.21,1.19,1.68,1.2,1.1533,2026,3,1,-12.4,Caída,21,0
Col (Unidad aprox. 13 lb),AZUAY,2026-03-Q2,1.22,1.06,1.21,-12.4,1.135,1.1533,2026,3,2,15.09,Alza,21,0
Col (Unidad aprox. 13 lb),AZUAY,2026-04-Q1,1.25,1.22,1.06,15.09,1.14,1.1633,2026,4,1,2.46,Estable,21,0
Col (Unidad aprox. 13 lb),AZUAY,2026-04-Q2,1.38,1.25,1.22,2.46,1.235,1.1767,2026,4,2,10.4,Alza,21,0
Fideo Lazo Chico (Paca aprox. 10 Kg),GUAYAS,2026-01-Q2,11.21,11.21,,,,,2026,1,2,0.0,Estable,22,1
Fideo Lazo Chico (Paca aprox. 10 Kg),GUAYAS,2026-02-Q1,11.33,11.21,11.21,0.0,11.21,,2026,2,1,1.07,Estable,22,1
Fideo Lazo Chico (Paca aprox. 10 Kg),GUAYAS,2026-02-Q2,11.33,11.33,11.21,1.07,11.27,11.25,2026,2,2,0.0,Estable,22,1
Fideo Lazo Chico (Paca aprox. 10 Kg),GUAYAS,2026-03-Q1,10.88,11.33,11.33,0.0,11.33,11.29,2026,3,1,-3.97,Caída,22,1
Fideo Lazo Chico (Paca aprox. 10 Kg),GUAYAS,2026-03-Q2,10.88,10.88,11.33,-3.97,11.105,11.18,2026,3,2,0.0,Estable,22,1
Fideo Lazo Chico (Paca aprox. 10 Kg),GUAYAS,2026-04-Q1,10.88,10.88,10.88,0.0,10.88,11.03,2026,4,1,0.0,Estable,22,1
Fideo Lazo Chico (Paca aprox. 10 Kg),GUAYAS,2026-04-Q2,11.52,10.88,10.88,0.0,10.88,10.88,2026,4,2,5.88,Alza,22,1
Fideo Lazo Chico (Paca aprox. 20 Kg),AZUAY,2026-01-Q2,21.5,21.34,,,,,2026,1,2,0.75,Estable,23,0
Fideo Lazo Chico (Paca aprox. 20 Kg),AZUAY,2026-02-Q1,22.0,21.5,21.34,0.75,21.42,,2026,2,1,2.33,Estable,23,0
Fideo Lazo Chico (Paca aprox. 20 Kg),AZUAY,2026-02-Q2,22.0,22.0,21.5,2.33,21.75,21.6133,2026,2,2,0.0,Estable,23,0
Fideo Lazo Chico (Paca aprox. 20 Kg),AZUAY,2026-03-Q1,22.0,22.0,22.0,0.0,22.0,21.8333,2026,3,1,0.0,Estable,23,0
Fideo Lazo Chico (Paca aprox. 20 Kg),AZUAY,2026-03-Q2,22.0,22.0,22.0,0.0,22.0,22.0,2026,3,2,0.0,Estable,23,0
Fideo Lazo Chico (Paca aprox. 20 Kg),AZUAY,2026-04-Q1,22.0,22.0,22.0,0.0,22.0,22.0,2026,4,1,0.0,Estable,23,0
Fideo Lazo Chico (Paca aprox. 20 Kg),AZUAY,2026-04-Q2,22.0,22.0,22.0,0.0,22.0,22.0,2026,4,2,0.0,Estable,23,0
Fideo Lazo Chico (Paca aprox. 20 Kg),PICHINCHA,2026-01-Q2,21.67,21.67,,,,,2026,1,2,0.0,Estable,23,2
Fideo Lazo Chico (Paca aprox. 20 Kg),PICHINCHA,2026-02-Q1,21.67,21.67,21.67,0.0,21.67,,2026,2,1,0.0,Estable,23,2
Fideo Lazo Chico (Paca aprox. 20 Kg),PICHINCHA,2026-02-Q2,21.67,21.67,21.67,0.0,21.67,21.67,2026,2,2,0.0,Estable,23,2
Fideo Lazo Chico (Paca aprox. 20 Kg),PICHINCHA,2026-03-Q1,21.67,21.67,21.67,0.0,21.67,21.67,2026,3,1,0.0,Estable,23,2
Fideo Lazo Chico (Paca aprox. 20 Kg),PICHINCHA,2026-03-Q2,21.67,21.67,21.67,0.0,21.67,21.67,2026,3,2,0.0,Estable,23,2
Fideo Lazo Chico (Paca aprox. 20 Kg),PICHINCHA,2026-04-Q1,21.67,21.67,21.67,0.0,21.67,21.67,2026,4,1,0.0,Estable,23,2
Fideo Lazo Chico (Paca aprox. 20 Kg),PICHINCHA,2026-04-Q2,21.67,21.67,21.67,0.0,21.67,21.67,2026,4,2,0.0,Estable,23,2
Frejol Seco Canario (qq),AZUAY,2026-01-Q2,114.17,115.0,,,,,2026,1,2,-0.72,Estable,24,0
Frejol Seco Canario (qq),AZUAY,2026-02-Q1,114.17,114.17,115.0,-0.72,114.585,,2026,2,1,0.0,Estable,24,0
Frejol Seco Canario (qq),AZUAY,2026-02-Q2,114.17,114.17,114.17,0.0,114.17,114.4467,2026,2,2,0.0,Estable,24,0
Frejol Seco Canario (qq),AZUAY,2026-03-Q1,119.17,114.17,114.17,0.0,114.17,114.17,2026,3,1,4.38,Alza,24,0
Frejol Seco Canario (qq),AZUAY,2026-03-Q2,119.17,119.17,114.17,4.38,116.67,115.8367,2026,3,2,0.0,Estable,24,0
Frejol Seco Canario (qq),AZUAY,2026-04-Q1,119.17,119.17,119.17,0.0,119.17,117.5033,2026,4,1,0.0,Estable,24,0
Frejol Seco Canario (qq),AZUAY,2026-04-Q2,122.5,119.17,119.17,0.0,119.17,119.17,2026,4,2,2.79,Estable,24,0
Frejol Seco Canario (qq),GUAYAS,2026-01-Q2,118.83,119.88,,,,,2026,1,2,-0.88,Estable,24,1
Frejol Seco Canario (qq),GUAYAS,2026-02-Q1,115.33,118.83,119.88,-0.88,119.355,,2026,2,1,-2.95,Estable,24,1
Frejol Seco Canario (qq),GUAYAS,2026-02-Q2,115.33,115.33,118.83,-2.95,117.08,118.0133,2026,2,2,0.0,Estable,24,1
Frejol Seco Canario (qq),GUAYAS,2026-03-Q1,113.92,115.33,115.33,0.0,115.33,116.4967,2026,3,1,-1.22,Estable,24,1
Frejol Seco Canario (qq),GUAYAS,2026-03-Q2,113.92,113.92,115.33,-1.22,114.625,114.86,2026,3,2,0.0,Estable,24,1
Frejol Seco Canario (qq),GUAYAS,2026-04-Q1,113.92,113.92,113.92,0.0,113.92,114.39,2026,4,1,0.0,Estable,24,1
Frejol Seco Canario (qq),GUAYAS,2026-04-Q2,118.6,113.92,113.92,0.0,113.92,113.92,2026,4,2,4.11,Alza,24,1
Frejol Seco Canario (qq),PICHINCHA,2026-01-Q2,108.33,108.33,,,,,2026,1,2,0.0,Estable,24,2
Frejol Seco Canario (qq),PICHINCHA,2026-02-Q1,110.0,108.33,108.33,0.0,108.33,,2026,2,1,1.54,Estable,24,2
Frejol Seco Canario (qq),PICHINCHA,2026-02-Q2,110.0,110.0,108.33,1.54,109.165,108.8867,2026,2,2,0.0,Estable,24,2
Frejol Seco Canario (qq),PICHINCHA,2026-03-Q1,111.67,110.0,110.0,0.0,110.0,109.4433,2026,3,1,1.52,Estable,24,2
Frejol Seco Canario (qq),PICHINCHA,2026-03-Q2,111.67,111.67,110.0,1.52,110.835,110.5567,2026,3,2,0.0,Estable,24,2
Frejol Seco Canario (qq),PICHINCHA,2026-04-Q1,111.67,111.67,111.67,0.0,111.67,111.1133,2026,4,1,0.0,Estable,24,2
Frejol Seco Canario (qq),PICHINCHA,2026-04-Q2,120.24,111.67,111.67,0.0,111.67,111.67,2026,4,2,7.67,Alza,24,2
Frejol en Vaina - Gema (Bulto aprox. 110 lb),GUAYAS,2026-01-Q2,47.58,45.42,,,,,2026,1,2,4.76,Alza,25,1
Frejol en Vaina - Gema (Bulto aprox. 110 lb),GUAYAS,2026-02-Q1,52.5,47.58,45.42,4.76,46.5,,2026,2,1,10.34,Alza,25,1
Frejol en Vaina - Gema (Bulto aprox. 110 lb),GUAYAS,2026-02-Q2,53.02,52.5,47.58,10.34,50.04,48.5,2026,2,2,0.99,Estable,25,1
Frejol en Vaina - Gema (Bulto aprox. 110 lb),GUAYAS,2026-03-Q1,57.5,53.02,52.5,0.99,52.76,51.0333,2026,3,1,8.45,Alza,25,1
Frejol en Vaina - Gema (Bulto aprox. 110 lb),GUAYAS,2026-03-Q2,54.77,57.5,53.02,8.45,55.26,54.34,2026,3,2,-4.75,Caída,25,1
Frejol en Vaina - Gema (Bulto aprox. 110 lb),GUAYAS,2026-04-Q1,46.83,54.77,57.5,-4.75,56.135,55.0967,2026,4,1,-14.5,Caída,25,1
Frejol en Vaina - Gema (Bulto aprox. 110 lb),GUAYAS,2026-04-Q2,44.83,46.83,54.77,-14.5,50.8,53.0333,2026,4,2,-4.27,Caída,25,1
Frejol en Vaina - Gema (Bulto aprox. 110 lb),PICHINCHA,2026-01-Q2,33.5,31.0,,,,,2026,1,2,8.06,Alza,25,2
Frejol en Vaina - Gema (Bulto aprox. 110 lb),PICHINCHA,2026-02-Q1,39.33,33.5,31.0,8.06,32.25,,2026,2,1,17.4,Alza,25,2
Frejol en Vaina - Gema (Bulto aprox. 110 lb),PICHINCHA,2026-02-Q2,38.76,39.33,33.5,17.4,36.415,34.61,2026,2,2,-1.45,Estable,25,2
Frejol en Vaina - Gema (Bulto aprox. 110 lb),PICHINCHA,2026-03-Q1,42.5,38.76,39.33,-1.45,39.045,37.1967,2026,3,1,9.65,Alza,25,2
Frejol en Vaina - Gema (Bulto aprox. 110 lb),PICHINCHA,2026-03-Q2,40.22,42.5,38.76,9.65,40.63,40.1967,2026,3,2,-5.36,Caída,25,2
Frejol en Vaina - Gema (Bulto aprox. 110 lb),PICHINCHA,2026-04-Q1,31.89,40.22,42.5,-5.36,41.36,40.4933,2026,4,1,-20.71,Caída,25,2
Frejol en Vaina - Gema (Bulto aprox. 110 lb),PICHINCHA,2026-04-Q2,31.57,31.89,40.22,-20.71,36.055,38.2033,2026,4,2,-1.0,Estable,25,2
Frutilla (Balde aprox. 25 lb),PICHINCHA,2026-01-Q2,23.33,22.67,,,,,2026,1,2,2.91,Estable,26,2
Frutilla (Balde aprox. 25 lb),PICHINCHA,2026-02-Q1,23.0,23.33,22.67,2.91,23.0,,2026,2,1,-1.41,Estable,26,2
Frutilla (Balde aprox. 25 lb),PICHINCHA,2026-02-Q2,23.24,23.0,23.33,-1.41,23.165,23.0,2026,2,2,1.04,Estable,26,2
Frutilla (Balde aprox. 25 lb),PICHINCHA,2026-03-Q1,22.17,23.24,23.0,1.04,23.12,23.19,2026,3,1,-4.6,Caída,26,2
Frutilla (Balde aprox. 25 lb),PICHINCHA,2026-03-Q2,22.26,22.17,23.24,-4.6,22.705,22.8033,2026,3,2,0.41,Estable,26,2
Frutilla (Balde aprox. 25 lb),PICHINCHA,2026-04-Q1,21.44,22.26,22.17,0.41,22.215,22.5567,2026,4,1,-3.68,Caída,26,2
Frutilla (Balde aprox. 25 lb),PICHINCHA,2026-04-Q2,22.0,21.44,22.26,-3.68,21.85,21.9567,2026,4,2,2.61,Estable,26,2
Frutilla (Balde aprox. 30 lb),AZUAY,2026-01-Q2,28.38,28.33,,,,,2026,1,2,0.18,Estable,27,0
Frutilla (Balde aprox. 30 lb),AZUAY,2026-02-Q1,28.25,28.38,28.33,0.18,28.355,,2026,2,1,-0.46,Estable,27,0
Frutilla (Balde aprox. 30 lb),AZUAY,2026-02-Q2,27.17,28.25,28.38,-0.46,28.315,28.32,2026,2,2,-3.82,Caída,27,0
Frutilla (Balde aprox. 30 lb),AZUAY,2026-03-Q1,28.0,27.17,28.25,-3.82,27.71,27.9333,2026,3,1,3.05,Alza,27,0
Frutilla (Balde aprox. 30 lb),AZUAY,2026-03-Q2,27.38,28.0,27.17,3.05,27.585,27.8067,2026,3,2,-2.21,Estable,27,0
Frutilla (Balde aprox. 30 lb),AZUAY,2026-04-Q1,25.0,27.38,28.0,-2.21,27.69,27.5167,2026,4,1,-8.69,Caída,27,0
Frutilla (Balde aprox. 30 lb),AZUAY,2026-04-Q2,26.5,25.0,27.38,-8.69,26.19,26.7933,2026,4,2,6.0,Alza,27,0
Frutilla (Balde aprox. 30 lb),GUAYAS,2026-01-Q2,36.19,43.83,,,,,2026,1,2,-17.43,Caída,27,1
Frutilla (Balde aprox. 30 lb),GUAYAS,2026-02-Q1,29.09,36.19,43.83,-17.43,40.01,,2026,2,1,-19.62,Caída,27,1
Frutilla (Balde aprox. 30 lb),GUAYAS,2026-02-Q2,28.71,29.09,36.19,-19.62,32.64,36.37,2026,2,2,-1.31,Estable,27,1
Frutilla (Balde aprox. 30 lb),GUAYAS,2026-03-Q1,27.5,28.71,29.09,-1.31,28.9,31.33,2026,3,1,-4.21,Caída,27,1
Frutilla (Balde aprox. 30 lb),GUAYAS,2026-03-Q2,28.08,27.5,28.71,-4.21,28.105,28.4333,2026,3,2,2.11,Estable,27,1
Frutilla (Balde aprox. 30 lb),GUAYAS,2026-04-Q1,24.54,28.08,27.5,2.11,27.79,28.0967,2026,4,1,-12.61,Caída,27,1
Frutilla (Balde aprox. 30 lb),GUAYAS,2026-04-Q2,26.48,24.54,28.08,-12.61,26.31,26.7067,2026,4,2,7.91,Alza,27,1
Haba Seca (qq),AZUAY,2026-01-Q2,78.34,78.34,,,,,2026,1,2,0.0,Estable,28,0
Haba Seca (qq),AZUAY,2026-02-Q1,80.0,78.34,78.34,0.0,78.34,,2026,2,1,2.12,Estable,28,0
Haba Seca (qq),AZUAY,2026-02-Q2,80.0,80.0,78.34,2.12,79.17,78.8933,2026,2,2,0.0,Estable,28,0
Haba Seca (qq),AZUAY,2026-03-Q1,76.67,80.0,80.0,0.0,80.0,79.4467,2026,3,1,-4.16,Caída,28,0
Haba Seca (qq),AZUAY,2026-03-Q2,76.67,76.67,80.0,-4.16,78.335,78.89,2026,3,2,0.0,Estable,28,0
Haba Seca (qq),AZUAY,2026-04-Q1,76.67,76.67,76.67,0.0,76.67,77.78,2026,4,1,0.0,Estable,28,0
Haba Seca (qq),AZUAY,2026-04-Q2,73.33,76.67,76.67,0.0,76.67,76.67,2026,4,2,-4.36,Caída,28,0
Haba Seca (qq),PICHINCHA,2026-01-Q2,136.67,136.67,,,,,2026,1,2,0.0,Estable,28,2
Haba Seca (qq),PICHINCHA,2026-02-Q1,138.34,136.67,136.67,0.0,136.67,,2026,2,1,1.22,Estable,28,2
Haba Seca (qq),PICHINCHA,2026-02-Q2,138.34,138.34,136.67,1.22,137.505,137.2267,2026,2,2,0.0,Estable,28,2
Haba Seca (qq),PICHINCHA,2026-03-Q1,140.0,138.34,138.34,0.0,138.34,137.7833,2026,3,1,1.2,Estable,28,2
Haba Seca (qq),PICHINCHA,2026-03-Q2,140.0,140.0,138.34,1.2,139.17,138.8933,2026,3,2,0.0,Estable,28,2
Haba Seca (qq),PICHINCHA,2026-04-Q1,140.0,140.0,140.0,0.0,140.0,139.4467,2026,4,1,0.0,Estable,28,2
Haba Seca (qq),PICHINCHA,2026-04-Q2,145.0,140.0,140.0,0.0,140.0,140.0,2026,4,2,3.57,Alza,28,2
Haba Tierna en Vaina (Saco aprox. 70 lb),AZUAY,2026-01-Q2,15.5,15.67,,,,,2026,1,2,-1.08,Estable,29,0
Haba Tierna en Vaina (Saco aprox. 70 lb),AZUAY,2026-02-Q1,16.5,15.5,15.67,-1.08,15.585,,2026,2,1,6.45,Alza,29,0
Haba Tierna en Vaina (Saco aprox. 70 lb),AZUAY,2026-02-Q2,16.0,16.5,15.5,6.45,16.0,15.89,2026,2,2,-3.03,Caída,29,0
Haba Tierna en Vaina (Saco aprox. 70 lb),AZUAY,2026-03-Q1,14.25,16.0,16.5,-3.03,16.25,16.0,2026,3,1,-10.94,Caída,29,0
Haba Tierna en Vaina (Saco aprox. 70 lb),AZUAY,2026-03-Q2,14.38,14.25,16.0,-10.94,15.125,15.5833,2026,3,2,0.91,Estable,29,0
Haba Tierna en Vaina (Saco aprox. 70 lb),AZUAY,2026-04-Q1,13.33,14.38,14.25,0.91,14.315,14.8767,2026,4,1,-7.3,Caída,29,0
Haba Tierna en Vaina (Saco aprox. 70 lb),AZUAY,2026-04-Q2,13.83,13.33,14.38,-7.3,13.855,13.9867,2026,4,2,3.75,Alza,29,0
Haba Tierna en Vaina (Saco aprox. 70 lb),GUAYAS,2026-01-Q2,12.97,15.56,,,,,2026,1,2,-16.65,Caída,29,1
Haba Tierna en Vaina (Saco aprox. 70 lb),GUAYAS,2026-02-Q1,11.5,12.97,15.56,-16.65,14.265,,2026,2,1,-11.33,Caída,29,1
Haba Tierna en Vaina (Saco aprox. 70 lb),GUAYAS,2026-02-Q2,13.57,11.5,12.97,-11.33,12.235,13.3433,2026,2,2,18.0,Alza,29,1
Haba Tierna en Vaina (Saco aprox. 70 lb),GUAYAS,2026-03-Q1,11.5,13.57,11.5,18.0,12.535,12.68,2026,3,1,-15.25,Caída,29,1
Haba Tierna en Vaina (Saco aprox. 70 lb),GUAYAS,2026-03-Q2,9.94,11.5,13.57,-15.25,12.535,12.19,2026,3,2,-13.57,Caída,29,1
Haba Tierna en Vaina (Saco aprox. 70 lb),GUAYAS,2026-04-Q1,10.33,9.94,11.5,-13.57,10.72,11.67,2026,4,1,3.92,Alza,29,1
Haba Tierna en Vaina (Saco aprox. 70 lb),GUAYAS,2026-04-Q2,11.17,10.33,9.94,3.92,10.135,10.59,2026,4,2,8.13,Alza,29,1
Haba Tierna en Vaina (Saco aprox. 85 lb),PICHINCHA,2026-01-Q2,15.21,15.44,,,,,2026,1,2,-1.49,Estable,30,2
Haba Tierna en Vaina (Saco aprox. 85 lb),PICHINCHA,2026-02-Q1,15.67,15.21,15.44,-1.49,15.325,,2026,2,1,3.02,Alza,30,2
Haba Tierna en Vaina (Saco aprox. 85 lb),PICHINCHA,2026-02-Q2,15.71,15.67,15.21,3.02,15.44,15.44,2026,2,2,0.26,Estable,30,2
Haba Tierna en Vaina (Saco aprox. 85 lb),PICHINCHA,2026-03-Q1,13.59,15.71,15.67,0.26,15.69,15.53,2026,3,1,-13.49,Caída,30,2
Haba Tierna en Vaina (Saco aprox. 85 lb),PICHINCHA,2026-03-Q2,12.15,13.59,15.71,-13.49,14.65,14.99,2026,3,2,-10.6,Caída,30,2
Haba Tierna en Vaina (Saco aprox. 85 lb),PICHINCHA,2026-04-Q1,14.44,12.15,13.59,-10.6,12.87,13.8167,2026,4,1,18.85,Alza,30,2
Haba Tierna en Vaina (Saco aprox. 85 lb),PICHINCHA,2026-04-Q2,13.24,14.44,12.15,18.85,13.295,13.3933,2026,4,2,-8.31,Caída,30,2
Huevo mediano (Cubeta 30 huevos),AZUAY,2026-01-Q2,2.53,2.5,,,,,2026,1,2,1.2,Estable,31,0
Huevo mediano (Cubeta 30 huevos),AZUAY,2026-02-Q1,2.6,2.53,2.5,1.2,2.515,,2026,2,1,2.77,Estable,31,0
Huevo mediano (Cubeta 30 huevos),AZUAY,2026-02-Q2,2.6,2.6,2.53,2.77,2.565,2.5433,2026,2,2,0.0,Estable,31,0
Huevo mediano (Cubeta 30 huevos),AZUAY,2026-03-Q1,2.65,2.6,2.6,0.0,2.6,2.5767,2026,3,1,1.92,Estable,31,0
Huevo mediano (Cubeta 30 huevos),AZUAY,2026-03-Q2,2.65,2.65,2.6,1.92,2.625,2.6167,2026,3,2,0.0,Estable,31,0
Huevo mediano (Cubeta 30 huevos),AZUAY,2026-04-Q1,2.65,2.65,2.65,0.0,2.65,2.6333,2026,4,1,0.0,Estable,31,0
Huevo mediano (Cubeta 30 huevos),AZUAY,2026-04-Q2,2.8,2.65,2.65,0.0,2.65,2.65,2026,4,2,5.66,Alza,31,0
Huevo mediano (Cubeta 30 huevos),GUAYAS,2026-01-Q2,2.64,2.63,,,,,2026,1,2,0.38,Estable,31,1
Huevo mediano (Cubeta 30 huevos),GUAYAS,2026-02-Q1,2.73,2.64,2.63,0.38,2.635,,2026,2,1,3.41,Alza,31,1
Huevo mediano (Cubeta 30 huevos),GUAYAS,2026-02-Q2,2.73,2.73,2.64,3.41,2.685,2.6667,2026,2,2,0.0,Estable,31,1
Huevo mediano (Cubeta 30 huevos),GUAYAS,2026-03-Q1,3.0,2.73,2.73,0.0,2.73,2.7,2026,3,1,9.89,Alza,31,1
Huevo mediano (Cubeta 30 huevos),GUAYAS,2026-03-Q2,3.0,3.0,2.73,9.89,2.865,2.82,2026,3,2,0.0,Estable,31,1
Huevo mediano (Cubeta 30 huevos),GUAYAS,2026-04-Q1,3.0,3.0,3.0,0.0,3.0,2.91,2026,4,1,0.0,Estable,31,1
Huevo mediano (Cubeta 30 huevos),GUAYAS,2026-04-Q2,3.45,3.0,3.0,0.0,3.0,3.0,2026,4,2,15.0,Alza,31,1
Huevo mediano (Cubeta 30 huevos),PICHINCHA,2026-01-Q2,2.53,2.5,,,,,2026,1,2,1.2,Estable,31,2
Huevo mediano (Cubeta 30 huevos),PICHINCHA,2026-02-Q1,2.75,2.53,2.5,1.2,2.515,,2026,2,1,8.7,Alza,31,2
Huevo mediano (Cubeta 30 huevos),PICHINCHA,2026-02-Q2,2.75,2.75,2.53,8.7,2.64,2.5933,2026,2,2,0.0,Estable,31,2
Huevo mediano (Cubeta 30 huevos),PICHINCHA,2026-03-Q1,2.94,2.75,2.75,0.0,2.75,2.6767,2026,3,1,6.91,Alza,31,2
Huevo mediano (Cubeta 30 huevos),PICHINCHA,2026-03-Q2,2.94,2.94,2.75,6.91,2.845,2.8133,2026,3,2,0.0,Estable,31,2
Huevo mediano (Cubeta 30 huevos),PICHINCHA,2026-04-Q1,2.94,2.94,2.94,0.0,2.94,2.8767,2026,4,1,0.0,Estable,31,2
Huevo mediano (Cubeta 30 huevos),PICHINCHA,2026-04-Q2,3.39,2.94,2.94,0.0,2.94,2.94,2026,4,2,15.31,Alza,31,2
Leche UHT - Entera (Funda de 1 l),AZUAY,2026-01-Q2,1.03,1.03,,,,,2026,1,2,0.0,Estable,32,0
Leche UHT - Entera (Funda de 1 l),AZUAY,2026-02-Q1,1.05,1.03,1.03,0.0,1.03,,2026,2,1,1.94,Estable,32,0
Leche UHT - Entera (Funda de 1 l),AZUAY,2026-02-Q2,1.05,1.05,1.03,1.94,1.04,1.0367,2026,2,2,0.0,Estable,32,0
Leche UHT - Entera (Funda de 1 l),AZUAY,2026-03-Q1,1.0,1.05,1.05,0.0,1.05,1.0433,2026,3,1,-4.76,Caída,32,0
Leche UHT - Entera (Funda de 1 l),AZUAY,2026-03-Q2,1.03,1.0,1.05,-4.76,1.025,1.0333,2026,3,2,3.0,Alza,32,0
Leche UHT - Entera (Funda de 1 l),AZUAY,2026-04-Q1,1.03,1.03,1.0,3.0,1.015,1.0267,2026,4,1,0.0,Estable,32,0
Leche UHT - Entera (Funda de 1 l),AZUAY,2026-04-Q2,1.0,1.03,1.03,0.0,1.03,1.02,2026,4,2,-2.91,Estable,32,0
Leche UHT - Entera (Funda de 1 l),GUAYAS,2026-01-Q2,0.88,0.88,,,,,2026,1,2,0.0,Estable,32,1
Leche UHT - Entera (Funda de 1 l),GUAYAS,2026-02-Q1,0.88,0.88,0.88,0.0,0.88,,2026,2,1,0.0,Estable,32,1
Leche UHT - Entera (Funda de 1 l),GUAYAS,2026-02-Q2,0.88,0.88,0.88,0.0,0.88,0.88,2026,2,2,0.0,Estable,32,1
Leche UHT - Entera (Funda de 1 l),GUAYAS,2026-03-Q1,0.88,0.88,0.88,0.0,0.88,0.88,2026,3,1,0.0,Estable,32,1
Leche UHT - Entera (Funda de 1 l),GUAYAS,2026-03-Q2,0.88,0.88,0.88,0.0,0.88,0.88,2026,3,2,0.0,Estable,32,1
Leche UHT - Entera (Funda de 1 l),GUAYAS,2026-04-Q1,0.88,0.88,0.88,0.0,0.88,0.88,2026,4,1,0.0,Estable,32,1
Leche UHT - Entera (Funda de 1 l),GUAYAS,2026-04-Q2,0.88,0.88,0.88,0.0,0.88,0.88,2026,4,2,0.0,Estable,32,1
Lechuga (Bulto aprox. 85 lb),AZUAY,2026-01-Q2,15.75,14.67,,,,,2026,1,2,7.36,Alza,33,0
Lechuga (Bulto aprox. 85 lb),AZUAY,2026-02-Q1,12.0,15.75,14.67,7.36,15.21,,2026,2,1,-23.81,Caída,33,0
Lechuga (Bulto aprox. 85 lb),AZUAY,2026-02-Q2,11.67,12.0,15.75,-23.81,13.875,14.14,2026,2,2,-2.75,Estable,33,0
Lechuga (Bulto aprox. 85 lb),AZUAY,2026-03-Q1,11.5,11.67,12.0,-2.75,11.835,13.14,2026,3,1,-1.46,Estable,33,0
Lechuga (Bulto aprox. 85 lb),AZUAY,2026-03-Q2,11.75,11.5,11.67,-1.46,11.585,11.7233,2026,3,2,2.17,Estable,33,0
Lechuga (Bulto aprox. 85 lb),AZUAY,2026-04-Q1,10.67,11.75,11.5,2.17,11.625,11.64,2026,4,1,-9.19,Caída,33,0
Lechuga (Bulto aprox. 85 lb),AZUAY,2026-04-Q2,11.33,10.67,11.75,-9.19,11.21,11.3067,2026,4,2,6.19,Alza,33,0
Lechuga (Bulto aprox. 85 lb),GUAYAS,2026-01-Q2,14.71,15.5,,,,,2026,1,2,-5.1,Caída,33,1
Lechuga (Bulto aprox. 85 lb),GUAYAS,2026-02-Q1,6.12,14.71,15.5,-5.1,15.105,,2026,2,1,-58.4,Caída,33,1
Lechuga (Bulto aprox. 85 lb),GUAYAS,2026-02-Q2,5.88,6.12,14.71,-58.4,10.415,12.11,2026,2,2,-3.92,Caída,33,1
Lechuga (Bulto aprox. 85 lb),GUAYAS,2026-03-Q1,8.67,5.88,6.12,-3.92,6.0,8.9033,2026,3,1,47.45,Alza,33,1
Lechuga (Bulto aprox. 85 lb),GUAYAS,2026-03-Q2,8.92,8.67,5.88,47.45,7.275,6.89,2026,3,2,2.88,Estable,33,1
Lechuga (Bulto aprox. 85 lb),GUAYAS,2026-04-Q1,6.5,8.92,8.67,2.88,8.795,7.8233,2026,4,1,-27.13,Caída,33,1
Lechuga (Bulto aprox. 85 lb),GUAYAS,2026-04-Q2,7.5,6.5,8.92,-27.13,7.71,8.03,2026,4,2,15.38,Alza,33,1
Lechuga (Carton aprox. 30 lb),PICHINCHA,2026-01-Q2,4.71,4.67,,,,,2026,1,2,0.86,Estable,34,2
Lechuga (Carton aprox. 30 lb),PICHINCHA,2026-02-Q1,3.75,4.71,4.67,0.86,4.69,,2026,2,1,-20.38,Caída,34,2
Lechuga (Carton aprox. 30 lb),PICHINCHA,2026-02-Q2,3.71,3.75,4.71,-20.38,4.23,4.3767,2026,2,2,-1.07,Estable,34,2
Lechuga (Carton aprox. 30 lb),PICHINCHA,2026-03-Q1,4.67,3.71,3.75,-1.07,3.73,4.0567,2026,3,1,25.88,Alza,34,2
Lechuga (Carton aprox. 30 lb),PICHINCHA,2026-03-Q2,5.04,4.67,3.71,25.88,4.19,4.0433,2026,3,2,7.92,Alza,34,2
Lechuga (Carton aprox. 30 lb),PICHINCHA,2026-04-Q1,4.78,5.04,4.67,7.92,4.855,4.4733,2026,4,1,-5.16,Caída,34,2
Lechuga (Carton aprox. 30 lb),PICHINCHA,2026-04-Q2,4.86,4.78,5.04,-5.16,4.91,4.83,2026,4,2,1.67,Estable,34,2
Lenteja (qq),AZUAY,2026-01-Q2,60.75,63.33,,,,,2026,1,2,-4.07,Caída,35,0
Lenteja (qq),AZUAY,2026-02-Q1,60.67,60.75,63.33,-4.07,62.04,,2026,2,1,-0.13,Estable,35,0
Lenteja (qq),AZUAY,2026-02-Q2,60.67,60.67,60.75,-0.13,60.71,61.5833,2026,2,2,0.0,Estable,35,0
Lenteja (qq),AZUAY,2026-03-Q1,55.0,60.67,60.67,0.0,60.67,60.6967,2026,3,1,-9.35,Caída,35,0
Lenteja (qq),AZUAY,2026-03-Q2,55.0,55.0,60.67,-9.35,57.835,58.78,2026,3,2,0.0,Estable,35,0
Lenteja (qq),AZUAY,2026-04-Q1,55.0,55.0,55.0,0.0,55.0,56.89,2026,4,1,0.0,Estable,35,0
Lenteja (qq),AZUAY,2026-04-Q2,56.25,55.0,55.0,0.0,55.0,55.0,2026,4,2,2.27,Estable,35,0
Lenteja (qq),GUAYAS,2026-01-Q2,62.02,62.0,,,,,2026,1,2,0.03,Estable,35,1
Lenteja (qq),GUAYAS,2026-02-Q1,65.33,62.02,62.0,0.03,62.01,,2026,2,1,5.34,Alza,35,1
Lenteja (qq),GUAYAS,2026-02-Q2,65.33,65.33,62.02,5.34,63.675,63.1167,2026,2,2,0.0,Estable,35,1
Lenteja (qq),GUAYAS,2026-03-Q1,57.25,65.33,65.33,0.0,65.33,64.2267,2026,3,1,-12.37,Caída,35,1
Lenteja (qq),GUAYAS,2026-03-Q2,57.25,57.25,65.33,-12.37,61.29,62.6367,2026,3,2,0.0,Estable,35,1
Lenteja (qq),GUAYAS,2026-04-Q1,57.25,57.25,57.25,0.0,57.25,59.9433,2026,4,1,0.0,Estable,35,1
Lenteja (qq),GUAYAS,2026-04-Q2,52.63,57.25,57.25,0.0,57.25,57.25,2026,4,2,-8.07,Caída,35,1
Lenteja (qq),PICHINCHA,2026-01-Q2,68.38,68.67,,,,,2026,1,2,-0.42,Estable,35,2
Lenteja (qq),PICHINCHA,2026-02-Q1,65.17,68.38,68.67,-0.42,68.525,,2026,2,1,-4.69,Caída,35,2
Lenteja (qq),PICHINCHA,2026-02-Q2,65.17,65.17,68.38,-4.69,66.775,67.4067,2026,2,2,0.0,Estable,35,2
Lenteja (qq),PICHINCHA,2026-03-Q1,64.0,65.17,65.17,0.0,65.17,66.24,2026,3,1,-1.8,Estable,35,2
Lenteja (qq),PICHINCHA,2026-03-Q2,64.0,64.0,65.17,-1.8,64.585,64.78,2026,3,2,0.0,Estable,35,2
Lenteja (qq),PICHINCHA,2026-04-Q1,64.0,64.0,64.0,0.0,64.0,64.39,2026,4,1,0.0,Estable,35,2
Lenteja (qq),PICHINCHA,2026-04-Q2,59.67,64.0,64.0,0.0,64.0,64.0,2026,4,2,-6.77,Caída,35,2
Limon Sutil (Malla aprox. 80 lb),PICHINCHA,2026-01-Q2,14.54,15.89,,,,,2026,1,2,-8.5,Caída,36,2
Limon Sutil (Malla aprox. 80 lb),PICHINCHA,2026-02-Q1,16.25,14.54,15.89,-8.5,15.215,,2026,2,1,11.76,Alza,36,2
Limon Sutil (Malla aprox. 80 lb),PICHINCHA,2026-02-Q2,16.33,16.25,14.54,11.76,15.395,15.56,2026,2,2,0.49,Estable,36,2
Limon Sutil (Malla aprox. 80 lb),PICHINCHA,2026-03-Q1,17.75,16.33,16.25,0.49,16.29,15.7067,2026,3,1,8.7,Alza,36,2
Limon Sutil (Malla aprox. 80 lb),PICHINCHA,2026-03-Q2,17.85,17.75,16.33,8.7,17.04,16.7767,2026,3,2,0.56,Estable,36,2
Limon Sutil (Malla aprox. 80 lb),PICHINCHA,2026-04-Q1,25.22,17.85,17.75,0.56,17.8,17.31,2026,4,1,41.29,Alza,36,2
Limon Sutil (Malla aprox. 80 lb),PICHINCHA,2026-04-Q2,24.86,25.22,17.85,41.29,21.535,20.2733,2026,4,2,-1.43,Estable,36,2
Limon Sutil (Malla aprox. 95 lb),AZUAY,2026-01-Q2,22.38,23.67,,,,,2026,1,2,-5.45,Caída,37,0
Limon Sutil (Malla aprox. 95 lb),AZUAY,2026-02-Q1,25.75,22.38,23.67,-5.45,23.025,,2026,2,1,15.06,Alza,37,0
Limon Sutil (Malla aprox. 95 lb),AZUAY,2026-02-Q2,26.83,25.75,22.38,15.06,24.065,23.9333,2026,2,2,4.19,Alza,37,0
Limon Sutil (Malla aprox. 95 lb),AZUAY,2026-03-Q1,28.5,26.83,25.75,4.19,26.29,24.9867,2026,3,1,6.22,Alza,37,0
Limon Sutil (Malla aprox. 95 lb),AZUAY,2026-03-Q2,27.38,28.5,26.83,6.22,27.665,27.0267,2026,3,2,-3.93,Caída,37,0
Limon Sutil (Malla aprox. 95 lb),AZUAY,2026-04-Q1,26.33,27.38,28.5,-3.93,27.94,27.57,2026,4,1,-3.83,Caída,37,0
Limon Sutil (Malla aprox. 95 lb),AZUAY,2026-04-Q2,28.5,26.33,27.38,-3.83,26.855,27.4033,2026,4,2,8.24,Alza,37,0
Maiz Suave Choclo (Saco aprox. 100 lb),AZUAY,2026-01-Q2,30.25,30.67,,,,,2026,1,2,-1.37,Estable,38,0
Maiz Suave Choclo (Saco aprox. 100 lb),AZUAY,2026-02-Q1,30.0,30.25,30.67,-1.37,30.46,,2026,2,1,-0.83,Estable,38,0
Maiz Suave Choclo (Saco aprox. 100 lb),AZUAY,2026-02-Q2,30.0,30.0,30.25,-0.83,30.125,30.3067,2026,2,2,0.0,Estable,38,0
Maiz Suave Choclo (Saco aprox. 100 lb),AZUAY,2026-03-Q1,25.25,30.0,30.0,0.0,30.0,30.0833,2026,3,1,-15.83,Caída,38,0
Maiz Suave Choclo (Saco aprox. 100 lb),AZUAY,2026-03-Q2,24.75,25.25,30.0,-15.83,27.625,28.4167,2026,3,2,-1.98,Estable,38,0
Maiz Suave Choclo (Saco aprox. 100 lb),AZUAY,2026-04-Q1,26.0,24.75,25.25,-1.98,25.0,26.6667,2026,4,1,5.05,Alza,38,0
Maiz Suave Choclo (Saco aprox. 100 lb),AZUAY,2026-04-Q2,25.83,26.0,24.75,5.05,25.375,25.3333,2026,4,2,-0.65,Estable,38,0
Maiz Suave Choclo (Saco aprox. 110 lb),GUAYAS,2026-01-Q2,33.33,30.25,,,,,2026,1,2,10.18,Alza,39,1
Maiz Suave Choclo (Saco aprox. 110 lb),GUAYAS,2026-02-Q1,35.33,33.33,30.25,10.18,31.79,,2026,2,1,6.0,Alza,39,1
Maiz Suave Choclo (Saco aprox. 110 lb),GUAYAS,2026-02-Q2,36.47,35.33,33.33,6.0,34.33,32.97,2026,2,2,3.23,Alza,39,1
Maiz Suave Choclo (Saco aprox. 110 lb),GUAYAS,2026-03-Q1,32.08,36.47,35.33,3.23,35.9,35.0433,2026,3,1,-12.04,Caída,39,1
Maiz Suave Choclo (Saco aprox. 110 lb),GUAYAS,2026-03-Q2,31.56,32.08,36.47,-12.04,34.275,34.6267,2026,3,2,-1.62,Estable,39,1
Maiz Suave Choclo (Saco aprox. 110 lb),GUAYAS,2026-04-Q1,25.0,31.56,32.08,-1.62,31.82,33.37,2026,4,1,-20.79,Caída,39,1
Maiz Suave Choclo (Saco aprox. 110 lb),GUAYAS,2026-04-Q2,24.67,25.0,31.56,-20.79,28.28,29.5467,2026,4,2,-1.32,Estable,39,1
Maiz Suave Seco Blanco - mote (qq),AZUAY,2026-01-Q2,78.75,78.33,,,,,2026,1,2,0.54,Estable,40,0
Maiz Suave Seco Blanco - mote (qq),AZUAY,2026-02-Q1,73.34,78.75,78.33,0.54,78.54,,2026,2,1,-6.87,Caída,40,0
Maiz Suave Seco Blanco - mote (qq),AZUAY,2026-02-Q2,73.34,73.34,78.75,-6.87,76.045,76.8067,2026,2,2,0.0,Estable,40,0
Maiz Suave Seco Blanco - mote (qq),AZUAY,2026-03-Q1,77.5,73.34,73.34,0.0,73.34,75.1433,2026,3,1,5.67,Alza,40,0
Maiz Suave Seco Blanco - mote (qq),AZUAY,2026-03-Q2,77.5,77.5,73.34,5.67,75.42,74.7267,2026,3,2,0.0,Estable,40,0
Maiz Suave Seco Blanco - mote (qq),AZUAY,2026-04-Q1,77.5,77.5,77.5,0.0,77.5,76.1133,2026,4,1,0.0,Estable,40,0
Maiz Suave Seco Blanco - mote (qq),AZUAY,2026-04-Q2,75.0,77.5,77.5,0.0,77.5,77.5,2026,4,2,-3.23,Caída,40,0
Maiz Suave Seco Blanco - mote (qq),GUAYAS,2026-01-Q2,61.79,60.17,,,,,2026,1,2,2.69,Estable,40,1
Maiz Suave Seco Blanco - mote (qq),GUAYAS,2026-02-Q1,62.33,61.79,60.17,2.69,60.98,,2026,2,1,0.87,Estable,40,1
Maiz Suave Seco Blanco - mote (qq),GUAYAS,2026-02-Q2,62.33,62.33,61.79,0.87,62.06,61.43,2026,2,2,0.0,Estable,40,1
Maiz Suave Seco Blanco - mote (qq),GUAYAS,2026-03-Q1,64.75,62.33,62.33,0.0,62.33,62.15,2026,3,1,3.88,Alza,40,1
Maiz Suave Seco Blanco - mote (qq),GUAYAS,2026-03-Q2,64.75,64.75,62.33,3.88,63.54,63.1367,2026,3,2,0.0,Estable,40,1
Maiz Suave Seco Blanco - mote (qq),GUAYAS,2026-04-Q1,64.75,64.75,64.75,0.0,64.75,63.9433,2026,4,1,0.0,Estable,40,1
Maiz Suave Seco Blanco - mote (qq),GUAYAS,2026-04-Q2,67.87,64.75,64.75,0.0,64.75,64.75,2026,4,2,4.82,Alza,40,1
Maiz Suave Seco Blanco - mote (qq),PICHINCHA,2026-01-Q2,56.67,56.67,,,,,2026,1,2,0.0,Estable,40,2
Maiz Suave Seco Blanco - mote (qq),PICHINCHA,2026-02-Q1,56.67,56.67,56.67,0.0,56.67,,2026,2,1,0.0,Estable,40,2
Maiz Suave Seco Blanco - mote (qq),PICHINCHA,2026-02-Q2,56.67,56.67,56.67,0.0,56.67,56.67,2026,2,2,0.0,Estable,40,2
Maiz Suave Seco Blanco - mote (qq),PICHINCHA,2026-03-Q1,56.67,56.67,56.67,0.0,56.67,56.67,2026,3,1,0.0,Estable,40,2
Maiz Suave Seco Blanco - mote (qq),PICHINCHA,2026-03-Q2,56.67,56.67,56.67,0.0,56.67,56.67,2026,3,2,0.0,Estable,40,2
Maiz Suave Seco Blanco - mote (qq),PICHINCHA,2026-04-Q1,56.67,56.67,56.67,0.0,56.67,56.67,2026,4,1,0.0,Estable,40,2
Maiz Suave Seco Blanco - mote (qq),PICHINCHA,2026-04-Q2,56.67,56.67,56.67,0.0,56.67,56.67,2026,4,2,0.0,Estable,40,2
Mani en Grano (qq),AZUAY,2026-01-Q2,104.59,105.0,,,,,2026,1,2,-0.39,Estable,41,0
Mani en Grano (qq),AZUAY,2026-02-Q1,98.34,104.59,105.0,-0.39,104.795,,2026,2,1,-5.98,Caída,41,0
Mani en Grano (qq),AZUAY,2026-02-Q2,98.34,98.34,104.59,-5.98,101.465,102.6433,2026,2,2,0.0,Estable,41,0
Mani en Grano (qq),AZUAY,2026-03-Q1,93.34,98.34,98.34,0.0,98.34,100.4233,2026,3,1,-5.08,Caída,41,0
Mani en Grano (qq),AZUAY,2026-03-Q2,93.34,93.34,98.34,-5.08,95.84,96.6733,2026,3,2,0.0,Estable,41,0
Mani en Grano (qq),AZUAY,2026-04-Q1,93.34,93.34,93.34,0.0,93.34,95.0067,2026,4,1,0.0,Estable,41,0
Mani en Grano (qq),AZUAY,2026-04-Q2,93.34,93.34,93.34,0.0,93.34,93.34,2026,4,2,0.0,Estable,41,0
Mani en Grano (qq),GUAYAS,2026-01-Q2,90.17,90.13,,,,,2026,1,2,0.04,Estable,41,1
Mani en Grano (qq),GUAYAS,2026-02-Q1,90.33,90.17,90.13,0.04,90.15,,2026,2,1,0.18,Estable,41,1
Mani en Grano (qq),GUAYAS,2026-02-Q2,90.33,90.33,90.17,0.18,90.25,90.21,2026,2,2,0.0,Estable,41,1
Mani en Grano (qq),GUAYAS,2026-03-Q1,87.33,90.33,90.33,0.0,90.33,90.2767,2026,3,1,-3.32,Caída,41,1
Mani en Grano (qq),GUAYAS,2026-03-Q2,87.33,87.33,90.33,-3.32,88.83,89.33,2026,3,2,0.0,Estable,41,1
Mani en Grano (qq),GUAYAS,2026-04-Q1,87.33,87.33,87.33,0.0,87.33,88.33,2026,4,1,0.0,Estable,41,1
Mani en Grano (qq),GUAYAS,2026-04-Q2,79.09,87.33,87.33,0.0,87.33,87.33,2026,4,2,-9.44,Caída,41,1
Mani en Grano (qq),PICHINCHA,2026-01-Q2,101.67,101.67,,,,,2026,1,2,0.0,Estable,41,2
Mani en Grano (qq),PICHINCHA,2026-02-Q1,101.67,101.67,101.67,0.0,101.67,,2026,2,1,0.0,Estable,41,2
Mani en Grano (qq),PICHINCHA,2026-02-Q2,101.67,101.67,101.67,0.0,101.67,101.67,2026,2,2,0.0,Estable,41,2
Mani en Grano (qq),PICHINCHA,2026-03-Q1,101.67,101.67,101.67,0.0,101.67,101.67,2026,3,1,0.0,Estable,41,2
Mani en Grano (qq),PICHINCHA,2026-03-Q2,101.67,101.67,101.67,0.0,101.67,101.67,2026,3,2,0.0,Estable,41,2
Mani en Grano (qq),PICHINCHA,2026-04-Q1,101.67,101.67,101.67,0.0,101.67,101.67,2026,4,1,0.0,Estable,41,2
Mani en Grano (qq),PICHINCHA,2026-04-Q2,83.33,101.67,101.67,0.0,101.67,101.67,2026,4,2,-18.04,Caída,41,2
Manzana Importada (Carton aprox. 44 lb),AZUAY,2026-01-Q2,35.13,35.0,,,,,2026,1,2,0.37,Estable,42,0
Manzana Importada (Carton aprox. 44 lb),AZUAY,2026-02-Q1,38.0,35.13,35.0,0.37,35.065,,2026,2,1,8.17,Alza,42,0
Manzana Importada (Carton aprox. 44 lb),AZUAY,2026-02-Q2,38.0,38.0,35.13,8.17,36.565,36.0433,2026,2,2,0.0,Estable,42,0
Manzana Importada (Carton aprox. 44 lb),AZUAY,2026-03-Q1,33.25,38.0,38.0,0.0,38.0,37.0433,2026,3,1,-12.5,Caída,42,0
Manzana Importada (Carton aprox. 44 lb),AZUAY,2026-03-Q2,32.13,33.25,38.0,-12.5,35.625,36.4167,2026,3,2,-3.37,Caída,42,0
Manzana Importada (Carton aprox. 44 lb),AZUAY,2026-04-Q1,30.0,32.13,33.25,-3.37,32.69,34.46,2026,4,1,-6.63,Caída,42,0
Manzana Importada (Carton aprox. 44 lb),AZUAY,2026-04-Q2,29.0,30.0,32.13,-6.63,31.065,31.7933,2026,4,2,-3.33,Caída,42,0
Manzana Importada (Carton aprox. 44 lb),GUAYAS,2026-01-Q2,34.44,34.58,,,,,2026,1,2,-0.4,Estable,42,1
Manzana Importada (Carton aprox. 44 lb),GUAYAS,2026-02-Q1,34.33,34.44,34.58,-0.4,34.51,,2026,2,1,-0.32,Estable,42,1
Manzana Importada (Carton aprox. 44 lb),GUAYAS,2026-02-Q2,34.71,34.33,34.44,-0.32,34.385,34.45,2026,2,2,1.11,Estable,42,1
Manzana Importada (Carton aprox. 44 lb),GUAYAS,2026-03-Q1,36.17,34.71,34.33,1.11,34.52,34.4933,2026,3,1,4.21,Alza,42,1
Manzana Importada (Carton aprox. 44 lb),GUAYAS,2026-03-Q2,36.25,36.17,34.71,4.21,35.44,35.07,2026,3,2,0.22,Estable,42,1
Manzana Importada (Carton aprox. 44 lb),GUAYAS,2026-04-Q1,36.33,36.25,36.17,0.22,36.21,35.71,2026,4,1,0.22,Estable,42,1
Manzana Importada (Carton aprox. 44 lb),GUAYAS,2026-04-Q2,34.5,36.33,36.25,0.22,36.29,36.25,2026,4,2,-5.04,Caída,42,1
Maracuya (Ciento aprox. 40 lb),GUAYAS,2026-01-Q2,12.79,10.46,,,,,2026,1,2,22.28,Alza,43,1
Maracuya (Ciento aprox. 40 lb),GUAYAS,2026-02-Q1,14.92,12.79,10.46,22.28,11.625,,2026,2,1,16.65,Alza,43,1
Maracuya (Ciento aprox. 40 lb),GUAYAS,2026-02-Q2,15.05,14.92,12.79,16.65,13.855,12.7233,2026,2,2,0.87,Estable,43,1
Maracuya (Ciento aprox. 40 lb),GUAYAS,2026-03-Q1,17.25,15.05,14.92,0.87,14.985,14.2533,2026,3,1,14.62,Alza,43,1
Maracuya (Ciento aprox. 40 lb),GUAYAS,2026-03-Q2,19.29,17.25,15.05,14.62,16.15,15.74,2026,3,2,11.83,Alza,43,1
Maracuya (Ciento aprox. 40 lb),GUAYAS,2026-04-Q1,21.33,19.29,17.25,11.83,18.27,17.1967,2026,4,1,10.58,Alza,43,1
Maracuya (Ciento aprox. 40 lb),GUAYAS,2026-04-Q2,18.71,21.33,19.29,10.58,20.31,19.29,2026,4,2,-12.28,Caída,43,1
Maracuya (Funda aprox. 40 lb),PICHINCHA,2026-01-Q2,12.83,13.33,,,,,2026,1,2,-3.75,Caída,44,2
Maracuya (Funda aprox. 40 lb),PICHINCHA,2026-02-Q1,12.08,12.83,13.33,-3.75,13.08,,2026,2,1,-5.85,Caída,44,2
Maracuya (Funda aprox. 40 lb),PICHINCHA,2026-02-Q2,13.57,12.08,12.83,-5.85,12.455,12.7467,2026,2,2,12.33,Alza,44,2
Maracuya (Funda aprox. 40 lb),PICHINCHA,2026-03-Q1,16.0,13.57,12.08,12.33,12.825,12.8267,2026,3,1,17.91,Alza,44,2
Maracuya (Funda aprox. 40 lb),PICHINCHA,2026-03-Q2,13.37,16.0,13.57,17.91,14.785,13.8833,2026,3,2,-16.44,Caída,44,2
Maracuya (Funda aprox. 40 lb),PICHINCHA,2026-04-Q1,10.33,13.37,16.0,-16.44,14.685,14.3133,2026,4,1,-22.74,Caída,44,2
Maracuya (Funda aprox. 40 lb),PICHINCHA,2026-04-Q2,12.19,10.33,13.37,-22.74,11.85,13.2333,2026,4,2,18.01,Alza,44,2
Maracuya (Saco aprox. 40 lb),AZUAY,2026-01-Q2,13.5,13.0,,,,,2026,1,2,3.85,Alza,45,0
Maracuya (Saco aprox. 40 lb),AZUAY,2026-02-Q1,13.0,13.5,13.0,3.85,13.25,,2026,2,1,-3.7,Caída,45,0
Maracuya (Saco aprox. 40 lb),AZUAY,2026-02-Q2,13.67,13.0,13.5,-3.7,13.25,13.1667,2026,2,2,5.15,Alza,45,0
Maracuya (Saco aprox. 40 lb),AZUAY,2026-03-Q1,17.25,13.67,13.0,5.15,13.335,13.39,2026,3,1,26.19,Alza,45,0
Maracuya (Saco aprox. 40 lb),AZUAY,2026-03-Q2,16.0,17.25,13.67,26.19,15.46,14.64,2026,3,2,-7.25,Caída,45,0
Maracuya (Saco aprox. 40 lb),AZUAY,2026-04-Q1,14.0,16.0,17.25,-7.25,16.625,15.64,2026,4,1,-12.5,Caída,45,0
Maracuya (Saco aprox. 40 lb),AZUAY,2026-04-Q2,14.33,14.0,16.0,-12.5,15.0,15.75,2026,4,2,2.36,Estable,45,0
Melon (Docena aprox. 65 lb),GUAYAS,2026-01-Q2,19.48,19.5,,,,,2026,1,2,-0.1,Estable,46,1
Melon (Docena aprox. 65 lb),GUAYAS,2026-02-Q1,19.42,19.48,19.5,-0.1,19.49,,2026,2,1,-0.31,Estable,46,1
Melon (Docena aprox. 65 lb),GUAYAS,2026-02-Q2,19.71,19.42,19.48,-0.31,19.45,19.4667,2026,2,2,1.49,Estable,46,1
Melon (Docena aprox. 65 lb),GUAYAS,2026-03-Q1,20.33,19.71,19.42,1.49,19.565,19.5367,2026,3,1,3.15,Alza,46,1
Melon (Docena aprox. 65 lb),GUAYAS,2026-03-Q2,20.33,20.33,19.71,3.15,20.02,19.82,2026,3,2,0.0,Estable,46,1
Melon (Docena aprox. 65 lb),GUAYAS,2026-04-Q1,20.33,20.33,20.33,0.0,20.33,20.1233,2026,4,1,0.0,Estable,46,1
Melon (Docena aprox. 65 lb),GUAYAS,2026-04-Q2,23.59,20.33,20.33,0.0,20.33,20.33,2026,4,2,16.04,Alza,46,1
Melon (Unidad aprox. 5 lb),AZUAY,2026-01-Q2,2.0,2.0,,,,,2026,1,2,0.0,Estable,47,0
Melon (Unidad aprox. 5 lb),AZUAY,2026-02-Q1,2.0,2.0,2.0,0.0,2.0,,2026,2,1,0.0,Estable,47,0
Melon (Unidad aprox. 5 lb),AZUAY,2026-02-Q2,2.08,2.0,2.0,0.0,2.0,2.0,2026,2,2,4.0,Alza,47,0
Melon (Unidad aprox. 5 lb),AZUAY,2026-03-Q1,2.88,2.08,2.0,4.0,2.04,2.0267,2026,3,1,38.46,Alza,47,0
Melon (Unidad aprox. 5 lb),AZUAY,2026-03-Q2,2.81,2.88,2.08,38.46,2.48,2.32,2026,3,2,-2.43,Estable,47,0
Melon (Unidad aprox. 5 lb),AZUAY,2026-04-Q1,2.83,2.81,2.88,-2.43,2.845,2.59,2026,4,1,0.71,Estable,47,0
Melon (Unidad aprox. 5 lb),AZUAY,2026-04-Q2,2.83,2.83,2.81,0.71,2.82,2.84,2026,4,2,0.0,Estable,47,0
Melon (Unidad aprox. 5 lb),PICHINCHA,2026-01-Q2,1.51,1.6,,,,,2026,1,2,-5.63,Caída,47,2
Melon (Unidad aprox. 5 lb),PICHINCHA,2026-02-Q1,1.88,1.51,1.6,-5.63,1.555,,2026,2,1,24.5,Alza,47,2
Melon (Unidad aprox. 5 lb),PICHINCHA,2026-02-Q2,1.88,1.88,1.51,24.5,1.695,1.6633,2026,2,2,0.0,Estable,47,2
Melon (Unidad aprox. 5 lb),PICHINCHA,2026-03-Q1,1.99,1.88,1.88,0.0,1.88,1.7567,2026,3,1,5.85,Alza,47,2
Melon (Unidad aprox. 5 lb),PICHINCHA,2026-03-Q2,1.99,1.99,1.88,5.85,1.935,1.9167,2026,3,2,0.0,Estable,47,2
Melon (Unidad aprox. 5 lb),PICHINCHA,2026-04-Q1,1.99,1.99,1.99,0.0,1.99,1.9533,2026,4,1,0.0,Estable,47,2
Melon (Unidad aprox. 5 lb),PICHINCHA,2026-04-Q2,2.0,1.99,1.99,0.0,1.99,1.99,2026,4,2,0.5,Estable,47,2
Mora de Castilla (Balde aprox. 15 lb),GUAYAS,2026-01-Q2,12.13,12.0,,,,,2026,1,2,1.08,Estable,48,1
Mora de Castilla (Balde aprox. 15 lb),GUAYAS,2026-02-Q1,13.92,12.13,12.0,1.08,12.065,,2026,2,1,14.76,Alza,48,1
Mora de Castilla (Balde aprox. 15 lb),GUAYAS,2026-02-Q2,13.71,13.92,12.13,14.76,13.025,12.6833,2026,2,2,-1.51,Estable,48,1
Mora de Castilla (Balde aprox. 15 lb),GUAYAS,2026-03-Q1,13.0,13.71,13.92,-1.51,13.815,13.2533,2026,3,1,-5.18,Caída,48,1
Mora de Castilla (Balde aprox. 15 lb),GUAYAS,2026-03-Q2,15.21,13.0,13.71,-5.18,13.355,13.5433,2026,3,2,17.0,Alza,48,1
Mora de Castilla (Balde aprox. 15 lb),GUAYAS,2026-04-Q1,15.5,15.21,13.0,17.0,14.105,13.9733,2026,4,1,1.91,Estable,48,1
Mora de Castilla (Balde aprox. 15 lb),GUAYAS,2026-04-Q2,16.96,15.5,15.21,1.91,15.355,14.57,2026,4,2,9.42,Alza,48,1
Mora de Castilla (Caja aprox. 5 lb),AZUAY,2026-01-Q2,3.88,3.33,,,,,2026,1,2,16.52,Alza,49,0
Mora de Castilla (Caja aprox. 5 lb),AZUAY,2026-02-Q1,5.38,3.88,3.33,16.52,3.605,,2026,2,1,38.66,Alza,49,0
Mora de Castilla (Caja aprox. 5 lb),AZUAY,2026-02-Q2,5.17,5.38,3.88,38.66,4.63,4.1967,2026,2,2,-3.9,Caída,49,0
Mora de Castilla (Caja aprox. 5 lb),AZUAY,2026-03-Q1,5.38,5.17,5.38,-3.9,5.275,4.81,2026,3,1,4.06,Alza,49,0
Mora de Castilla (Caja aprox. 5 lb),AZUAY,2026-03-Q2,5.44,5.38,5.17,4.06,5.275,5.31,2026,3,2,1.12,Estable,49,0
Mora de Castilla (Caja aprox. 5 lb),AZUAY,2026-04-Q1,6.17,5.44,5.38,1.12,5.41,5.33,2026,4,1,13.42,Alza,49,0
Mora de Castilla (Caja aprox. 5 lb),AZUAY,2026-04-Q2,6.5,6.17,5.44,13.42,5.805,5.6633,2026,4,2,5.35,Alza,49,0
Mora de Castilla (lb),PICHINCHA,2026-01-Q2,0.73,0.7,,,,,2026,1,2,4.29,Alza,50,2
Mora de Castilla (lb),PICHINCHA,2026-02-Q1,0.8,0.73,0.7,4.29,0.715,,2026,2,1,9.59,Alza,50,2
Mora de Castilla (lb),PICHINCHA,2026-02-Q2,0.76,0.8,0.73,9.59,0.765,0.7433,2026,2,2,-5.0,Caída,50,2
Mora de Castilla (lb),PICHINCHA,2026-03-Q1,0.76,0.76,0.8,-5.0,0.78,0.7633,2026,3,1,0.0,Estable,50,2
Mora de Castilla (lb),PICHINCHA,2026-03-Q2,0.82,0.76,0.76,0.0,0.76,0.7733,2026,3,2,7.89,Alza,50,2
Mora de Castilla (lb),PICHINCHA,2026-04-Q1,0.93,0.82,0.76,7.89,0.79,0.78,2026,4,1,13.41,Alza,50,2
Mora de Castilla (lb),PICHINCHA,2026-04-Q2,0.93,0.93,0.82,13.41,0.875,0.8367,2026,4,2,0.0,Estable,50,2
Naranja (Ciento aprox. 50 lb),GUAYAS,2026-01-Q2,11.71,12.0,,,,,2026,1,2,-2.42,Estable,51,1
Naranja (Ciento aprox. 50 lb),GUAYAS,2026-02-Q1,11.5,11.71,12.0,-2.42,11.855,,2026,2,1,-1.79,Estable,51,1
Naranja (Ciento aprox. 50 lb),GUAYAS,2026-02-Q2,11.76,11.5,11.71,-1.79,11.605,11.7367,2026,2,2,2.26,Estable,51,1
Naranja (Ciento aprox. 50 lb),GUAYAS,2026-03-Q1,10.75,11.76,11.5,2.26,11.63,11.6567,2026,3,1,-8.59,Caída,51,1
Naranja (Ciento aprox. 50 lb),GUAYAS,2026-03-Q2,9.65,10.75,11.76,-8.59,11.255,11.3367,2026,3,2,-10.23,Caída,51,1
Naranja (Ciento aprox. 50 lb),GUAYAS,2026-04-Q1,7.0,9.65,10.75,-10.23,10.2,10.72,2026,4,1,-27.46,Caída,51,1
Naranja (Ciento aprox. 50 lb),GUAYAS,2026-04-Q2,6.25,7.0,9.65,-27.46,8.325,9.1333,2026,4,2,-10.71,Caída,51,1
Naranja (Malla aprox. 100 lb),AZUAY,2026-01-Q2,24.25,24.67,,,,,2026,1,2,-1.7,Estable,52,0
Naranja (Malla aprox. 100 lb),AZUAY,2026-02-Q1,24.5,24.25,24.67,-1.7,24.46,,2026,2,1,1.03,Estable,52,0
Naranja (Malla aprox. 100 lb),AZUAY,2026-02-Q2,23.33,24.5,24.25,1.03,24.375,24.4733,2026,2,2,-4.78,Caída,52,0
Naranja (Malla aprox. 100 lb),AZUAY,2026-03-Q1,17.5,23.33,24.5,-4.78,23.915,24.0267,2026,3,1,-24.99,Caída,52,0
Naranja (Malla aprox. 100 lb),AZUAY,2026-03-Q2,16.63,17.5,23.33,-24.99,20.415,21.7767,2026,3,2,-4.97,Caída,52,0
Naranja (Malla aprox. 100 lb),AZUAY,2026-04-Q1,14.33,16.63,17.5,-4.97,17.065,19.1533,2026,4,1,-13.83,Caída,52,0
Naranja (Malla aprox. 100 lb),AZUAY,2026-04-Q2,13.17,14.33,16.63,-13.83,15.48,16.1533,2026,4,2,-8.09,Caída,52,0
Naranjilla Hibrida (Caja aprox. 30 lb),AZUAY,2026-01-Q2,17.5,17.67,,,,,2026,1,2,-0.96,Estable,53,0
Naranjilla Hibrida (Caja aprox. 30 lb),AZUAY,2026-02-Q1,17.25,17.5,17.67,-0.96,17.585,,2026,2,1,-1.43,Estable,53,0
Naranjilla Hibrida (Caja aprox. 30 lb),AZUAY,2026-02-Q2,17.416666666666668,17.25,17.5,-1.43,17.375,17.4733,2026,2,2,0.97,Estable,53,0
Naranjilla Hibrida (Caja aprox. 30 lb),AZUAY,2026-03-Q1,18.75,17.416666666666668,17.25,0.97,17.3333,17.3889,2026,3,1,7.66,Alza,53,0
Naranjilla Hibrida (Caja aprox. 30 lb),AZUAY,2026-03-Q2,18.416666666666668,18.75,17.416666666666668,7.66,18.0833,17.8056,2026,3,2,-1.78,Estable,53,0
Naranjilla Hibrida (Caja aprox. 30 lb),AZUAY,2026-04-Q1,19.0,18.416666666666668,18.75,-1.78,18.5833,18.1944,2026,4,1,3.17,Alza,53,0
Naranjilla Hibrida (Caja aprox. 30 lb),AZUAY,2026-04-Q2,19.33,19.0,18.416666666666668,3.17,18.7083,18.7222,2026,4,2,1.74,Estable,53,0
Naranjilla Hibrida (Caja aprox. 30 lb),GUAYAS,2026-01-Q2,15.13,15.42,,,,,2026,1,2,-1.88,Estable,53,1
Naranjilla Hibrida (Caja aprox. 30 lb),GUAYAS,2026-02-Q1,15.67,15.13,15.42,-1.88,15.275,,2026,2,1,3.57,Alza,53,1
Naranjilla Hibrida (Caja aprox. 30 lb),GUAYAS,2026-02-Q2,15.66,15.67,15.13,3.57,15.4,15.4067,2026,2,2,-0.06,Estable,53,1
Naranjilla Hibrida (Caja aprox. 30 lb),GUAYAS,2026-03-Q1,15.75,15.66,15.67,-0.06,15.665,15.4867,2026,3,1,0.57,Estable,53,1
Naranjilla Hibrida (Caja aprox. 30 lb),GUAYAS,2026-03-Q2,16.30333333333333,15.75,15.66,0.57,15.705,15.6933,2026,3,2,3.51,Alza,53,1
Naranjilla Hibrida (Caja aprox. 30 lb),GUAYAS,2026-04-Q1,17.42,16.30333333333333,15.75,3.51,16.0267,15.9044,2026,4,1,6.85,Alza,53,1
Naranjilla Hibrida (Caja aprox. 30 lb),GUAYAS,2026-04-Q2,17.29,17.42,16.30333333333333,6.85,16.8617,16.4911,2026,4,2,-0.75,Estable,53,1
Naranjilla Hibrida (Saco aprox. 110 lb),PICHINCHA,2026-01-Q2,42.08,43.33,,,,,2026,1,2,-2.88,Estable,54,2
Naranjilla Hibrida (Saco aprox. 110 lb),PICHINCHA,2026-02-Q1,44.5,42.08,43.33,-2.88,42.705,,2026,2,1,5.75,Alza,54,2
Naranjilla Hibrida (Saco aprox. 110 lb),PICHINCHA,2026-02-Q2,45.14,44.5,42.08,5.75,43.29,43.3033,2026,2,2,1.44,Estable,54,2
Naranjilla Hibrida (Saco aprox. 110 lb),PICHINCHA,2026-03-Q1,46.0,45.14,44.5,1.44,44.82,43.9067,2026,3,1,1.91,Estable,54,2
Naranjilla Hibrida (Saco aprox. 110 lb),PICHINCHA,2026-03-Q2,45.63,46.0,45.14,1.91,45.57,45.2133,2026,3,2,-0.8,Estable,54,2
Naranjilla Hibrida (Saco aprox. 110 lb),PICHINCHA,2026-04-Q1,50.0,45.63,46.0,-0.8,45.815,45.59,2026,4,1,9.58,Alza,54,2
Naranjilla Hibrida (Saco aprox. 110 lb),PICHINCHA,2026-04-Q2,50.86,50.0,45.63,9.58,47.815,47.21,2026,4,2,1.72,Estable,54,2
Papa Super Chola (Quintal aprox. 100 lb),AZUAY,2026-01-Q2,25.38,25.67,,,,,2026,1,2,-1.13,Estable,55,0
Papa Super Chola (Quintal aprox. 100 lb),AZUAY,2026-02-Q1,26.5,25.38,25.67,-1.13,25.525,,2026,2,1,4.41,Alza,55,0
Papa Super Chola (Quintal aprox. 100 lb),AZUAY,2026-02-Q2,25.33,26.5,25.38,4.41,25.94,25.85,2026,2,2,-4.42,Caída,55,0
Papa Super Chola (Quintal aprox. 100 lb),AZUAY,2026-03-Q1,22.5,25.33,26.5,-4.42,25.915,25.7367,2026,3,1,-11.17,Caída,55,0
Papa Super Chola (Quintal aprox. 100 lb),AZUAY,2026-03-Q2,21.25,22.5,25.33,-11.17,23.915,24.7767,2026,3,2,-5.56,Caída,55,0
Papa Super Chola (Quintal aprox. 100 lb),AZUAY,2026-04-Q1,21.67,21.25,22.5,-5.56,21.875,23.0267,2026,4,1,1.98,Estable,55,0
Papa Super Chola (Quintal aprox. 100 lb),AZUAY,2026-04-Q2,23.33,21.67,21.25,1.98,21.46,21.8067,2026,4,2,7.66,Alza,55,0
Papa Super Chola (Quintal aprox. 100 lb),GUAYAS,2026-01-Q2,28.4,28.55,,,,,2026,1,2,-0.53,Estable,55,1
Papa Super Chola (Quintal aprox. 100 lb),GUAYAS,2026-02-Q1,26.92,28.4,28.55,-0.53,28.475,,2026,2,1,-5.21,Caída,55,1
Papa Super Chola (Quintal aprox. 100 lb),GUAYAS,2026-02-Q2,25.67,26.92,28.4,-5.21,27.66,27.9567,2026,2,2,-4.64,Caída,55,1
Papa Super Chola (Quintal aprox. 100 lb),GUAYAS,2026-03-Q1,23.08,25.67,26.92,-4.64,26.295,26.9967,2026,3,1,-10.09,Caída,55,1
Papa Super Chola (Quintal aprox. 100 lb),GUAYAS,2026-03-Q2,23.54,23.08,25.67,-10.09,24.375,25.2233,2026,3,2,1.99,Estable,55,1
Papa Super Chola (Quintal aprox. 100 lb),GUAYAS,2026-04-Q1,26.34,23.54,23.08,1.99,23.31,24.0967,2026,4,1,11.89,Alza,55,1
Papa Super Chola (Quintal aprox. 100 lb),GUAYAS,2026-04-Q2,25.67,26.34,23.54,11.89,24.94,24.32,2026,4,2,-2.54,Estable,55,1
Papa Super chola (qq),PICHINCHA,2026-01-Q2,23.17,22.33,,,,,2026,1,2,3.76,Alza,56,2
Papa Super chola (qq),PICHINCHA,2026-02-Q1,20.33,23.17,22.33,3.76,22.75,,2026,2,1,-12.26,Caída,56,2
Papa Super chola (qq),PICHINCHA,2026-02-Q2,20.19,20.33,23.17,-12.26,21.75,21.9433,2026,2,2,-0.69,Estable,56,2
Papa Super chola (qq),PICHINCHA,2026-03-Q1,19.5,20.19,20.33,-0.69,20.26,21.23,2026,3,1,-3.42,Caída,56,2
Papa Super chola (qq),PICHINCHA,2026-03-Q2,19.37,19.5,20.19,-3.42,19.845,20.0067,2026,3,2,-0.67,Estable,56,2
Papa Super chola (qq),PICHINCHA,2026-04-Q1,19.56,19.37,19.5,-0.67,19.435,19.6867,2026,4,1,0.98,Estable,56,2
Papa Super chola (qq),PICHINCHA,2026-04-Q2,19.81,19.56,19.37,0.98,19.465,19.4767,2026,4,2,1.28,Estable,56,2
Pepinillo Pepino (Docena aprox. 12 lb),GUAYAS,2026-01-Q2,4.01,3.29,,,,,2026,1,2,21.88,Alza,57,1
Pepinillo Pepino (Docena aprox. 12 lb),GUAYAS,2026-02-Q1,4.42,4.01,3.29,21.88,3.65,,2026,2,1,10.22,Alza,57,1
Pepinillo Pepino (Docena aprox. 12 lb),GUAYAS,2026-02-Q2,4.24,4.42,4.01,10.22,4.215,3.9067,2026,2,2,-4.07,Caída,57,1
Pepinillo Pepino (Docena aprox. 12 lb),GUAYAS,2026-03-Q1,3.48,4.24,4.42,-4.07,4.33,4.2233,2026,3,1,-17.92,Caída,57,1
Pepinillo Pepino (Docena aprox. 12 lb),GUAYAS,2026-03-Q2,3.03,3.48,4.24,-17.92,3.86,4.0467,2026,3,2,-12.93,Caída,57,1
Pepinillo Pepino (Docena aprox. 12 lb),GUAYAS,2026-04-Q1,2.29,3.03,3.48,-12.93,3.255,3.5833,2026,4,1,-24.42,Caída,57,1
Pepinillo Pepino (Docena aprox. 12 lb),GUAYAS,2026-04-Q2,2.49,2.29,3.03,-24.42,2.66,2.9333,2026,4,2,8.73,Alza,57,1
Pimiento (Saco aprox. 32.21 lb),PICHINCHA,2026-01-Q2,6.46,7.0,,,,,2026,1,2,-7.71,Caída,58,2
Pimiento (Saco aprox. 32.21 lb),PICHINCHA,2026-02-Q1,7.92,6.46,7.0,-7.71,6.73,,2026,2,1,22.6,Alza,58,2
Pimiento (Saco aprox. 32.21 lb),PICHINCHA,2026-02-Q2,9.33,7.92,6.46,22.6,7.19,7.1267,2026,2,2,17.8,Alza,58,2
Pimiento (Saco aprox. 32.21 lb),PICHINCHA,2026-03-Q1,13.5,9.33,7.92,17.8,8.625,7.9033,2026,3,1,44.69,Alza,58,2
Pimiento (Saco aprox. 32.21 lb),PICHINCHA,2026-03-Q2,12.45,13.5,9.33,44.69,11.415,10.25,2026,3,2,-7.78,Caída,58,2
Pimiento (Saco aprox. 32.21 lb),PICHINCHA,2026-04-Q1,8.89,12.45,13.5,-7.78,12.975,11.76,2026,4,1,-28.59,Caída,58,2
Pimiento (Saco aprox. 32.21 lb),PICHINCHA,2026-04-Q2,7.24,8.89,12.45,-28.59,10.67,11.6133,2026,4,2,-18.56,Caída,58,2
Pimiento (Saco aprox. 45 lb),AZUAY,2026-01-Q2,11.0,12.0,,,,,2026,1,2,-8.33,Caída,59,0
Pimiento (Saco aprox. 45 lb),AZUAY,2026-02-Q1,10.0,11.0,12.0,-8.33,11.5,,2026,2,1,-9.09,Caída,59,0
Pimiento (Saco aprox. 45 lb),AZUAY,2026-02-Q2,10.33,10.0,11.0,-9.09,10.5,11.0,2026,2,2,3.3,Alza,59,0
Pimiento (Saco aprox. 45 lb),AZUAY,2026-03-Q1,13.5,10.33,10.0,3.3,10.165,10.4433,2026,3,1,30.69,Alza,59,0
Pimiento (Saco aprox. 45 lb),AZUAY,2026-03-Q2,14.0,13.5,10.33,30.69,11.915,11.2767,2026,3,2,3.7,Alza,59,0
Pimiento (Saco aprox. 45 lb),AZUAY,2026-04-Q1,15.0,14.0,13.5,3.7,13.75,12.61,2026,4,1,7.14,Alza,59,0
Pimiento (Saco aprox. 45 lb),AZUAY,2026-04-Q2,14.33,15.0,14.0,7.14,14.5,14.1667,2026,4,2,-4.47,Caída,59,0
Pimiento (Saco aprox. 80 lb),GUAYAS,2026-01-Q2,20.52,24.58,,,,,2026,1,2,-16.52,Caída,60,1
Pimiento (Saco aprox. 80 lb),GUAYAS,2026-02-Q1,20.75,20.52,24.58,-16.52,22.55,,2026,2,1,1.12,Estable,60,1
Pimiento (Saco aprox. 80 lb),GUAYAS,2026-02-Q2,23.57,20.75,20.52,1.12,20.635,21.95,2026,2,2,13.59,Alza,60,1
Pimiento (Saco aprox. 80 lb),GUAYAS,2026-03-Q1,36.42,23.57,20.75,13.59,22.16,21.6133,2026,3,1,54.52,Alza,60,1
Pimiento (Saco aprox. 80 lb),GUAYAS,2026-03-Q2,34.54,36.42,23.57,54.52,29.995,26.9133,2026,3,2,-5.16,Caída,60,1
Pimiento (Saco aprox. 80 lb),GUAYAS,2026-04-Q1,25.83,34.54,36.42,-5.16,35.48,31.51,2026,4,1,-25.22,Caída,60,1
Pimiento (Saco aprox. 80 lb),GUAYAS,2026-04-Q2,21.33,25.83,34.54,-25.22,30.185,32.2633,2026,4,2,-17.42,Caída,60,1
Pina (Docena aprox. 65 lb),AZUAY,2026-01-Q2,20.0,20.0,,,,,2026,1,2,0.0,Estable,61,0
Pina (Docena aprox. 65 lb),AZUAY,2026-02-Q1,20.0,20.0,20.0,0.0,20.0,,2026,2,1,0.0,Estable,61,0
Pina (Docena aprox. 65 lb),AZUAY,2026-02-Q2,20.67,20.0,20.0,0.0,20.0,20.0,2026,2,2,3.35,Alza,61,0
Pina (Docena aprox. 65 lb),AZUAY,2026-03-Q1,21.0,20.67,20.0,3.35,20.335,20.2233,2026,3,1,1.6,Estable,61,0
Pina (Docena aprox. 65 lb),AZUAY,2026-03-Q2,20.5,21.0,20.67,1.6,20.835,20.5567,2026,3,2,-2.38,Estable,61,0
Pina (Docena aprox. 65 lb),AZUAY,2026-04-Q1,20.0,20.5,21.0,-2.38,20.75,20.7233,2026,4,1,-2.44,Estable,61,0
Pina (Docena aprox. 65 lb),AZUAY,2026-04-Q2,18.83,20.0,20.5,-2.44,20.25,20.5,2026,4,2,-5.85,Caída,61,0
Pina (Docena aprox. 65 lb),GUAYAS,2026-01-Q2,17.98,18.04,,,,,2026,1,2,-0.33,Estable,61,1
Pina (Docena aprox. 65 lb),GUAYAS,2026-02-Q1,17.42,17.98,18.04,-0.33,18.01,,2026,2,1,-3.11,Caída,61,1
Pina (Docena aprox. 65 lb),GUAYAS,2026-02-Q2,17.43,17.42,17.98,-3.11,17.7,17.8133,2026,2,2,0.06,Estable,61,1
Pina (Docena aprox. 65 lb),GUAYAS,2026-03-Q1,14.33,17.43,17.42,0.06,17.425,17.61,2026,3,1,-17.79,Caída,61,1
Pina (Docena aprox. 65 lb),GUAYAS,2026-03-Q2,13.35,14.33,17.43,-17.79,15.88,16.3933,2026,3,2,-6.84,Caída,61,1
Pina (Docena aprox. 65 lb),GUAYAS,2026-04-Q1,12.42,13.35,14.33,-6.84,13.84,15.0367,2026,4,1,-6.97,Caída,61,1
Pina (Docena aprox. 65 lb),GUAYAS,2026-04-Q2,12.79,12.42,13.35,-6.97,12.885,13.3667,2026,4,2,2.98,Estable,61,1
Pina (Unidad aprox. 5 lb),PICHINCHA,2026-01-Q2,1.16,1.2,,,,,2026,1,2,-3.33,Caída,62,2
Pina (Unidad aprox. 5 lb),PICHINCHA,2026-02-Q1,1.2,1.16,1.2,-3.33,1.18,,2026,2,1,3.45,Alza,62,2
Pina (Unidad aprox. 5 lb),PICHINCHA,2026-02-Q2,1.22,1.2,1.16,3.45,1.18,1.1867,2026,2,2,1.67,Estable,62,2
Pina (Unidad aprox. 5 lb),PICHINCHA,2026-03-Q1,1.19,1.22,1.2,1.67,1.21,1.1933,2026,3,1,-2.46,Estable,62,2
Pina (Unidad aprox. 5 lb),PICHINCHA,2026-03-Q2,1.2,1.19,1.22,-2.46,1.205,1.2033,2026,3,2,0.84,Estable,62,2
Pina (Unidad aprox. 5 lb),PICHINCHA,2026-04-Q1,1.04,1.2,1.19,0.84,1.195,1.2033,2026,4,1,-13.33,Caída,62,2
Pina (Unidad aprox. 5 lb),PICHINCHA,2026-04-Q2,1.02,1.04,1.2,-13.33,1.12,1.1433,2026,4,2,-1.92,Estable,62,2
Platano Barraganete Maduro (Caja aprox. 105 lb),AZUAY,2026-01-Q2,47.0,49.33,,,,,2026,1,2,-4.72,Caída,63,0
Platano Barraganete Maduro (Caja aprox. 105 lb),AZUAY,2026-02-Q1,45.0,47.0,49.33,-4.72,48.165,,2026,2,1,-4.26,Caída,63,0
Platano Barraganete Maduro (Caja aprox. 105 lb),AZUAY,2026-02-Q2,44.17,45.0,47.0,-4.26,46.0,47.11,2026,2,2,-1.84,Estable,63,0
Platano Barraganete Maduro (Caja aprox. 105 lb),AZUAY,2026-03-Q1,30.0,44.17,45.0,-1.84,44.585,45.39,2026,3,1,-32.08,Caída,63,0
Platano Barraganete Maduro (Caja aprox. 105 lb),AZUAY,2026-03-Q2,31.88,30.0,44.17,-32.08,37.085,39.7233,2026,3,2,6.27,Alza,63,0
Platano Barraganete Maduro (Caja aprox. 105 lb),AZUAY,2026-04-Q1,35.0,31.88,30.0,6.27,30.94,35.35,2026,4,1,9.79,Alza,63,0
Platano Barraganete Maduro (Caja aprox. 105 lb),AZUAY,2026-04-Q2,32.5,35.0,31.88,9.79,33.44,32.2933,2026,4,2,-7.14,Caída,63,0
Platano Barraganete Maduro (Carton aprox. 70 lb),GUAYAS,2026-01-Q2,15.31,15.75,,,,,2026,1,2,-2.79,Estable,64,1
Platano Barraganete Maduro (Carton aprox. 70 lb),GUAYAS,2026-02-Q1,15.33,15.31,15.75,-2.79,15.53,,2026,2,1,0.13,Estable,64,1
Platano Barraganete Maduro (Carton aprox. 70 lb),GUAYAS,2026-02-Q2,14.33,15.33,15.31,0.13,15.32,15.4633,2026,2,2,-6.52,Caída,64,1
Platano Barraganete Maduro (Carton aprox. 70 lb),GUAYAS,2026-03-Q1,9.62,14.33,15.33,-6.52,14.83,14.99,2026,3,1,-32.87,Caída,64,1
Platano Barraganete Maduro (Carton aprox. 70 lb),GUAYAS,2026-03-Q2,8.98,9.62,14.33,-32.87,11.975,13.0933,2026,3,2,-6.65,Caída,64,1
Platano Barraganete Maduro (Carton aprox. 70 lb),GUAYAS,2026-04-Q1,8.33,8.98,9.62,-6.65,9.3,10.9767,2026,4,1,-7.24,Caída,64,1
Platano Barraganete Maduro (Carton aprox. 70 lb),GUAYAS,2026-04-Q2,8.0,8.33,8.98,-7.24,8.655,8.9767,2026,4,2,-3.96,Caída,64,1
Platano Barraganete Maduro (Racimo aprox. 160 lb),PICHINCHA,2026-01-Q2,36.29,38.0,,,,,2026,1,2,-4.5,Caída,65,2
Platano Barraganete Maduro (Racimo aprox. 160 lb),PICHINCHA,2026-02-Q1,33.83,36.29,38.0,-4.5,37.145,,2026,2,1,-6.78,Caída,65,2
Platano Barraganete Maduro (Racimo aprox. 160 lb),PICHINCHA,2026-02-Q2,32.71,33.83,36.29,-6.78,35.06,36.04,2026,2,2,-3.31,Caída,65,2
Platano Barraganete Maduro (Racimo aprox. 160 lb),PICHINCHA,2026-03-Q1,27.34,32.71,33.83,-3.31,33.27,34.2767,2026,3,1,-16.42,Caída,65,2
Platano Barraganete Maduro (Racimo aprox. 160 lb),PICHINCHA,2026-03-Q2,26.37,27.34,32.71,-16.42,30.025,31.2933,2026,3,2,-3.55,Caída,65,2
Platano Barraganete Maduro (Racimo aprox. 160 lb),PICHINCHA,2026-04-Q1,24.67,26.37,27.34,-3.55,26.855,28.8067,2026,4,1,-6.45,Caída,65,2
Platano Barraganete Maduro (Racimo aprox. 160 lb),PICHINCHA,2026-04-Q2,24.43,24.67,26.37,-6.45,25.52,26.1267,2026,4,2,-0.97,Estable,65,2
Platano Barraganete Verde (Caja aprox. 105 lb),AZUAY,2026-01-Q2,47.0,49.33,,,,,2026,1,2,-4.72,Caída,66,0
Platano Barraganete Verde (Caja aprox. 105 lb),AZUAY,2026-02-Q1,45.0,47.0,49.33,-4.72,48.165,,2026,2,1,-4.26,Caída,66,0
Platano Barraganete Verde (Caja aprox. 105 lb),AZUAY,2026-02-Q2,44.17,45.0,47.0,-4.26,46.0,47.11,2026,2,2,-1.84,Estable,66,0
Platano Barraganete Verde (Caja aprox. 105 lb),AZUAY,2026-03-Q1,30.0,44.17,45.0,-1.84,44.585,45.39,2026,3,1,-32.08,Caída,66,0
Platano Barraganete Verde (Caja aprox. 105 lb),AZUAY,2026-03-Q2,31.88,30.0,44.17,-32.08,37.085,39.7233,2026,3,2,6.27,Alza,66,0
Platano Barraganete Verde (Caja aprox. 105 lb),AZUAY,2026-04-Q1,35.0,31.88,30.0,6.27,30.94,35.35,2026,4,1,9.79,Alza,66,0
Platano Barraganete Verde (Caja aprox. 105 lb),AZUAY,2026-04-Q2,32.5,35.0,31.88,9.79,33.44,32.2933,2026,4,2,-7.14,Caída,66,0
Platano Barraganete Verde (Carton aprox. 70 lb),GUAYAS,2026-01-Q2,15.35,15.75,,,,,2026,1,2,-2.54,Estable,67,1
Platano Barraganete Verde (Carton aprox. 70 lb),GUAYAS,2026-02-Q1,15.33,15.35,15.75,-2.54,15.55,,2026,2,1,-0.13,Estable,67,1
Platano Barraganete Verde (Carton aprox. 70 lb),GUAYAS,2026-02-Q2,14.33,15.33,15.35,-0.13,15.34,15.4767,2026,2,2,-6.52,Caída,67,1
Platano Barraganete Verde (Carton aprox. 70 lb),GUAYAS,2026-03-Q1,9.62,14.33,15.33,-6.52,14.83,15.0033,2026,3,1,-32.87,Caída,67,1
Platano Barraganete Verde (Carton aprox. 70 lb),GUAYAS,2026-03-Q2,8.98,9.62,14.33,-32.87,11.975,13.0933,2026,3,2,-6.65,Caída,67,1
Platano Barraganete Verde (Carton aprox. 70 lb),GUAYAS,2026-04-Q1,8.33,8.98,9.62,-6.65,9.3,10.9767,2026,4,1,-7.24,Caída,67,1
Platano Barraganete Verde (Carton aprox. 70 lb),GUAYAS,2026-04-Q2,8.0,8.33,8.98,-7.24,8.655,8.9767,2026,4,2,-3.96,Caída,67,1
Platano Barraganete Verde (Racimo aprox. 160 lb),PICHINCHA,2026-01-Q2,36.29,38.0,,,,,2026,1,2,-4.5,Caída,68,2
Platano Barraganete Verde (Racimo aprox. 160 lb),PICHINCHA,2026-02-Q1,33.83,36.29,38.0,-4.5,37.145,,2026,2,1,-6.78,Caída,68,2
Platano Barraganete Verde (Racimo aprox. 160 lb),PICHINCHA,2026-02-Q2,32.71,33.83,36.29,-6.78,35.06,36.04,2026,2,2,-3.31,Caída,68,2
Platano Barraganete Verde (Racimo aprox. 160 lb),PICHINCHA,2026-03-Q1,27.34,32.71,33.83,-3.31,33.27,34.2767,2026,3,1,-16.42,Caída,68,2
Platano Barraganete Verde (Racimo aprox. 160 lb),PICHINCHA,2026-03-Q2,26.37,27.34,32.71,-16.42,30.025,31.2933,2026,3,2,-3.55,Caída,68,2
Platano Barraganete Verde (Racimo aprox. 160 lb),PICHINCHA,2026-04-Q1,24.67,26.37,27.34,-3.55,26.855,28.8067,2026,4,1,-6.45,Caída,68,2
Platano Barraganete Verde (Racimo aprox. 160 lb),PICHINCHA,2026-04-Q2,24.43,24.67,26.37,-6.45,25.52,26.1267,2026,4,2,-0.97,Estable,68,2
Porcino a la Canal (lb),AZUAY,2026-01-Q2,1.69,1.73,,,,,2026,1,2,-2.31,Estable,69,0
Porcino a la Canal (lb),AZUAY,2026-02-Q1,1.65,1.69,1.73,-2.31,1.71,,2026,2,1,-2.37,Estable,69,0
Porcino a la Canal (lb),AZUAY,2026-02-Q2,1.65,1.65,1.69,-2.37,1.67,1.69,2026,2,2,0.0,Estable,69,0
Porcino a la Canal (lb),AZUAY,2026-03-Q1,1.65,1.65,1.65,0.0,1.65,1.6633,2026,3,1,0.0,Estable,69,0
Porcino a la Canal (lb),AZUAY,2026-03-Q2,1.65,1.65,1.65,0.0,1.65,1.65,2026,3,2,0.0,Estable,69,0
Porcino a la Canal (lb),AZUAY,2026-04-Q1,1.65,1.65,1.65,0.0,1.65,1.65,2026,4,1,0.0,Estable,69,0
Porcino a la Canal (lb),AZUAY,2026-04-Q2,1.65,1.65,1.65,0.0,1.65,1.65,2026,4,2,0.0,Estable,69,0
Porcino a la Canal (lb),GUAYAS,2026-01-Q2,1.89,1.9,,,,,2026,1,2,-0.53,Estable,69,1
Porcino a la Canal (lb),GUAYAS,2026-02-Q1,1.89,1.89,1.9,-0.53,1.895,,2026,2,1,0.0,Estable,69,1
Porcino a la Canal (lb),GUAYAS,2026-02-Q2,1.89,1.89,1.89,0.0,1.89,1.8933,2026,2,2,0.0,Estable,69,1
Porcino a la Canal (lb),GUAYAS,2026-03-Q1,1.91,1.89,1.89,0.0,1.89,1.89,2026,3,1,1.06,Estable,69,1
Porcino a la Canal (lb),GUAYAS,2026-03-Q2,1.91,1.91,1.89,1.06,1.9,1.8967,2026,3,2,0.0,Estable,69,1
Porcino a la Canal (lb),GUAYAS,2026-04-Q1,1.92,1.91,1.91,0.0,1.91,1.9033,2026,4,1,0.52,Estable,69,1
Porcino a la Canal (lb),GUAYAS,2026-04-Q2,1.92,1.92,1.91,0.52,1.915,1.9133,2026,4,2,0.0,Estable,69,1
Quinua (qq),AZUAY,2026-01-Q2,116.5,115.0,,,,,2026,1,2,1.3,Estable,70,0
Quinua (qq),AZUAY,2026-02-Q1,118.34,116.5,115.0,1.3,115.75,,2026,2,1,1.58,Estable,70,0
Quinua (qq),AZUAY,2026-02-Q2,118.34,118.34,116.5,1.58,117.42,116.6133,2026,2,2,0.0,Estable,70,0
Quinua (qq),AZUAY,2026-03-Q1,118.34,118.34,118.34,0.0,118.34,117.7267,2026,3,1,0.0,Estable,70,0
Quinua (qq),AZUAY,2026-03-Q2,118.34,118.34,118.34,0.0,118.34,118.34,2026,3,2,0.0,Estable,70,0
Quinua (qq),AZUAY,2026-04-Q1,118.34,118.34,118.34,0.0,118.34,118.34,2026,4,1,0.0,Estable,70,0
Quinua (qq),AZUAY,2026-04-Q2,126.67,118.34,118.34,0.0,118.34,118.34,2026,4,2,7.04,Alza,70,0
Quinua (qq),PICHINCHA,2026-01-Q2,120.33,120.0,,,,,2026,1,2,0.27,Estable,70,2
Quinua (qq),PICHINCHA,2026-02-Q1,123.0,120.33,120.0,0.27,120.165,,2026,2,1,2.22,Estable,70,2
Quinua (qq),PICHINCHA,2026-02-Q2,123.0,123.0,120.33,2.22,121.665,121.11,2026,2,2,0.0,Estable,70,2
Quinua (qq),PICHINCHA,2026-03-Q1,123.33,123.0,123.0,0.0,123.0,122.11,2026,3,1,0.27,Estable,70,2
Quinua (qq),PICHINCHA,2026-03-Q2,123.33,123.33,123.0,0.27,123.165,123.11,2026,3,2,0.0,Estable,70,2
Quinua (qq),PICHINCHA,2026-04-Q1,123.33,123.33,123.33,0.0,123.33,123.22,2026,4,1,0.0,Estable,70,2
Quinua (qq),PICHINCHA,2026-04-Q2,124.33,123.33,123.33,0.0,123.33,123.33,2026,4,2,0.81,Estable,70,2
Remolacha (Saco aprox. 70 lb),AZUAY,2026-01-Q2,7.13,7.33,,,,,2026,1,2,-2.73,Estable,71,0
Remolacha (Saco aprox. 70 lb),AZUAY,2026-02-Q1,8.25,7.13,7.33,-2.73,7.23,,2026,2,1,15.71,Alza,71,0
Remolacha (Saco aprox. 70 lb),AZUAY,2026-02-Q2,8.5,8.25,7.13,15.71,7.69,7.57,2026,2,2,3.03,Alza,71,0
Remolacha (Saco aprox. 70 lb),AZUAY,2026-03-Q1,8.5,8.5,8.25,3.03,8.375,7.96,2026,3,1,0.0,Estable,71,0
Remolacha (Saco aprox. 70 lb),AZUAY,2026-03-Q2,8.38,8.5,8.5,0.0,8.5,8.4167,2026,3,2,-1.41,Estable,71,0
Remolacha (Saco aprox. 70 lb),AZUAY,2026-04-Q1,8.0,8.38,8.5,-1.41,8.44,8.46,2026,4,1,-4.53,Caída,71,0
Remolacha (Saco aprox. 70 lb),AZUAY,2026-04-Q2,8.0,8.0,8.38,-4.53,8.19,8.2933,2026,4,2,0.0,Estable,71,0
Remolacha (Saco aprox. 80 lb),GUAYAS,2026-01-Q2,7.88,6.13,,,,,2026,1,2,28.55,Alza,72,1
Remolacha (Saco aprox. 80 lb),GUAYAS,2026-02-Q1,11.67,7.88,6.13,28.55,7.005,,2026,2,1,48.1,Alza,72,1
Remolacha (Saco aprox. 80 lb),GUAYAS,2026-02-Q2,11.67,11.67,7.88,48.1,9.775,8.56,2026,2,2,0.0,Estable,72,1
Remolacha (Saco aprox. 80 lb),GUAYAS,2026-03-Q1,10.33,11.67,11.67,0.0,11.67,10.4067,2026,3,1,-11.48,Caída,72,1
Remolacha (Saco aprox. 80 lb),GUAYAS,2026-03-Q2,11.17,10.33,11.67,-11.48,11.0,11.2233,2026,3,2,8.13,Alza,72,1
Remolacha (Saco aprox. 80 lb),GUAYAS,2026-04-Q1,12.42,11.17,10.33,8.13,10.75,11.0567,2026,4,1,11.19,Alza,72,1
Remolacha (Saco aprox. 80 lb),GUAYAS,2026-04-Q2,10.96,12.42,11.17,11.19,11.795,11.3067,2026,4,2,-11.76,Caída,72,1
Remolacha (Saco aprox. 90 lb),PICHINCHA,2026-01-Q2,7.75,6.0,,,,,2026,1,2,29.17,Alza,73,2
Remolacha (Saco aprox. 90 lb),PICHINCHA,2026-02-Q1,9.67,7.75,6.0,29.17,6.875,,2026,2,1,24.77,Alza,73,2
Remolacha (Saco aprox. 90 lb),PICHINCHA,2026-02-Q2,9.57,9.67,7.75,24.77,8.71,7.8067,2026,2,2,-1.03,Estable,73,2
Remolacha (Saco aprox. 90 lb),PICHINCHA,2026-03-Q1,8.59,9.57,9.67,-1.03,9.62,8.9967,2026,3,1,-10.24,Caída,73,2
Remolacha (Saco aprox. 90 lb),PICHINCHA,2026-03-Q2,8.15,8.59,9.57,-10.24,9.08,9.2767,2026,3,2,-5.12,Caída,73,2
Remolacha (Saco aprox. 90 lb),PICHINCHA,2026-04-Q1,8.45,8.15,8.59,-5.12,8.37,8.77,2026,4,1,3.68,Alza,73,2
Remolacha (Saco aprox. 90 lb),PICHINCHA,2026-04-Q2,8.95,8.45,8.15,3.68,8.3,8.3967,2026,4,2,5.92,Alza,73,2
Sandia Nacional (Unidad aprox. 17 lb),PICHINCHA,2026-01-Q2,2.84,2.83,,,,,2026,1,2,0.35,Estable,74,2
Sandia Nacional (Unidad aprox. 17 lb),PICHINCHA,2026-02-Q1,2.8,2.84,2.83,0.35,2.835,,2026,2,1,-1.41,Estable,74,2
Sandia Nacional (Unidad aprox. 17 lb),PICHINCHA,2026-02-Q2,2.8,2.8,2.84,-1.41,2.82,2.8233,2026,2,2,0.0,Estable,74,2
Sandia Nacional (Unidad aprox. 17 lb),PICHINCHA,2026-03-Q1,2.8,2.8,2.8,0.0,2.8,2.8133,2026,3,1,0.0,Estable,74,2
Sandia Nacional (Unidad aprox. 17 lb),PICHINCHA,2026-03-Q2,2.58,2.8,2.8,0.0,2.8,2.8,2026,3,2,-7.86,Caída,74,2
Sandia Nacional (Unidad aprox. 17 lb),PICHINCHA,2026-04-Q1,2.44,2.58,2.8,-7.86,2.69,2.7267,2026,4,1,-5.43,Caída,74,2
Sandia Nacional (Unidad aprox. 17 lb),PICHINCHA,2026-04-Q2,2.35,2.44,2.58,-5.43,2.51,2.6067,2026,4,2,-3.69,Caída,74,2
Sandia Nacional (Unidad aprox. 6 lb),AZUAY,2026-01-Q2,2.0,2.0,,,,,2026,1,2,0.0,Estable,75,0
Sandia Nacional (Unidad aprox. 6 lb),AZUAY,2026-02-Q1,2.0,2.0,2.0,0.0,2.0,,2026,2,1,0.0,Estable,75,0
Sandia Nacional (Unidad aprox. 6 lb),AZUAY,2026-02-Q2,2.0,2.0,2.0,0.0,2.0,2.0,2026,2,2,0.0,Estable,75,0
Sandia Nacional (Unidad aprox. 6 lb),AZUAY,2026-03-Q1,2.5,2.0,2.0,0.0,2.0,2.0,2026,3,1,25.0,Alza,75,0
Sandia Nacional (Unidad aprox. 6 lb),AZUAY,2026-03-Q2,2.25,2.5,2.0,25.0,2.25,2.1667,2026,3,2,-10.0,Caída,75,0
Sandia Nacional (Unidad aprox. 6 lb),AZUAY,2026-04-Q1,2.0,2.25,2.5,-10.0,2.375,2.25,2026,4,1,-11.11,Caída,75,0
Sandia Nacional (Unidad aprox. 6 lb),AZUAY,2026-04-Q2,2.0,2.0,2.25,-11.11,2.125,2.25,2026,4,2,0.0,Estable,75,0
Tomate Rinon de Invernadero (Carton aprox. 40 lb),PICHINCHA,2026-01-Q2,10.08,7.89,,,,,2026,1,2,27.76,Alza,76,2
Tomate Rinon de Invernadero (Carton aprox. 40 lb),PICHINCHA,2026-02-Q1,9.38,10.08,7.89,27.76,8.985,,2026,2,1,-6.94,Caída,76,2
Tomate Rinon de Invernadero (Carton aprox. 40 lb),PICHINCHA,2026-02-Q2,11.55,9.38,10.08,-6.94,9.73,9.1167,2026,2,2,23.13,Alza,76,2
Tomate Rinon de Invernadero (Carton aprox. 40 lb),PICHINCHA,2026-03-Q1,15.33,11.55,9.38,23.13,10.465,10.3367,2026,3,1,32.73,Alza,76,2
Tomate Rinon de Invernadero (Carton aprox. 40 lb),PICHINCHA,2026-03-Q2,14.27,15.33,11.55,32.73,13.44,12.0867,2026,3,2,-6.91,Caída,76,2
Tomate Rinon de Invernadero (Carton aprox. 40 lb),PICHINCHA,2026-04-Q1,12.22,14.27,15.33,-6.91,14.8,13.7167,2026,4,1,-14.37,Caída,76,2
Tomate Rinon de Invernadero (Carton aprox. 40 lb),PICHINCHA,2026-04-Q2,11.83,12.22,14.27,-14.37,13.245,13.94,2026,4,2,-3.19,Caída,76,2
Tomate Rinon de Invernadero (Carton aprox. 55 lb),GUAYAS,2026-01-Q2,13.02,11.17,,,,,2026,1,2,16.56,Alza,77,1
Tomate Rinon de Invernadero (Carton aprox. 55 lb),GUAYAS,2026-02-Q1,11.5,13.02,11.17,16.56,12.095,,2026,2,1,-11.67,Caída,77,1
Tomate Rinon de Invernadero (Carton aprox. 55 lb),GUAYAS,2026-02-Q2,14.62,11.5,13.02,-11.67,12.26,11.8967,2026,2,2,27.13,Alza,77,1
Tomate Rinon de Invernadero (Carton aprox. 55 lb),GUAYAS,2026-03-Q1,21.5,14.62,11.5,27.13,13.06,13.0467,2026,3,1,47.06,Alza,77,1
Tomate Rinon de Invernadero (Carton aprox. 55 lb),GUAYAS,2026-03-Q2,18.17,21.5,14.62,47.06,18.06,15.8733,2026,3,2,-15.49,Caída,77,1
Tomate Rinon de Invernadero (Carton aprox. 55 lb),GUAYAS,2026-04-Q1,15.17,18.17,21.5,-15.49,19.835,18.0967,2026,4,1,-16.51,Caída,77,1
Tomate Rinon de Invernadero (Carton aprox. 55 lb),GUAYAS,2026-04-Q2,15.5,15.17,18.17,-16.51,16.67,18.28,2026,4,2,2.18,Estable,77,1
Tomate de Arbol (Carton aprox. 22 lb),AZUAY,2026-01-Q2,13.19,13.33,,,,,2026,1,2,-1.05,Estable,78,0
Tomate de Arbol (Carton aprox. 22 lb),AZUAY,2026-02-Q1,13.0,13.19,13.33,-1.05,13.26,,2026,2,1,-1.44,Estable,78,0
Tomate de Arbol (Carton aprox. 22 lb),AZUAY,2026-02-Q2,13.0,13.0,13.19,-1.44,13.095,13.1733,2026,2,2,0.0,Estable,78,0
Tomate de Arbol (Carton aprox. 22 lb),AZUAY,2026-03-Q1,13.0,13.0,13.0,0.0,13.0,13.0633,2026,3,1,0.0,Estable,78,0
Tomate de Arbol (Carton aprox. 22 lb),AZUAY,2026-03-Q2,12.88,13.0,13.0,0.0,13.0,13.0,2026,3,2,-0.92,Estable,78,0
Tomate de Arbol (Carton aprox. 22 lb),AZUAY,2026-04-Q1,12.0,12.88,13.0,-0.92,12.94,12.96,2026,4,1,-6.83,Caída,78,0
Tomate de Arbol (Carton aprox. 22 lb),AZUAY,2026-04-Q2,12.0,12.0,12.88,-6.83,12.44,12.6267,2026,4,2,0.0,Estable,78,0
Tomate de Arbol (Carton aprox. 22 lb),GUAYAS,2026-01-Q2,11.79,11.96,,,,,2026,1,2,-1.42,Estable,78,1
Tomate de Arbol (Carton aprox. 22 lb),GUAYAS,2026-02-Q1,12.42,11.79,11.96,-1.42,11.875,,2026,2,1,5.34,Alza,78,1
Tomate de Arbol (Carton aprox. 22 lb),GUAYAS,2026-02-Q2,11.95,12.42,11.79,5.34,12.105,12.0567,2026,2,2,-3.78,Caída,78,1
Tomate de Arbol (Carton aprox. 22 lb),GUAYAS,2026-03-Q1,11.63,11.95,12.42,-3.78,12.185,12.0533,2026,3,1,-2.68,Estable,78,1
Tomate de Arbol (Carton aprox. 22 lb),GUAYAS,2026-03-Q2,11.52,11.63,11.95,-2.68,11.79,12.0,2026,3,2,-0.95,Estable,78,1
Tomate de Arbol (Carton aprox. 22 lb),GUAYAS,2026-04-Q1,11.92,11.52,11.63,-0.95,11.575,11.7,2026,4,1,3.47,Alza,78,1
Tomate de Arbol (Carton aprox. 22 lb),GUAYAS,2026-04-Q2,11.12,11.92,11.52,3.47,11.72,11.69,2026,4,2,-6.71,Caída,78,1
Tomate de Arbol (Carton aprox. 22 lb),PICHINCHA,2026-01-Q2,12.25,11.67,,,,,2026,1,2,4.97,Alza,78,2
Tomate de Arbol (Carton aprox. 22 lb),PICHINCHA,2026-02-Q1,13.0,12.25,11.67,4.97,11.96,,2026,2,1,6.12,Alza,78,2
Tomate de Arbol (Carton aprox. 22 lb),PICHINCHA,2026-02-Q2,13.0,13.0,12.25,6.12,12.625,12.3067,2026,2,2,0.0,Estable,78,2
Tomate de Arbol (Carton aprox. 22 lb),PICHINCHA,2026-03-Q1,12.5,13.0,13.0,0.0,13.0,12.75,2026,3,1,-3.85,Caída,78,2
Tomate de Arbol (Carton aprox. 22 lb),PICHINCHA,2026-03-Q2,12.57,12.5,13.0,-3.85,12.75,12.8333,2026,3,2,0.56,Estable,78,2
Tomate de Arbol (Carton aprox. 22 lb),PICHINCHA,2026-04-Q1,12.11,12.57,12.5,0.56,12.535,12.69,2026,4,1,-3.66,Caída,78,2
Tomate de Arbol (Carton aprox. 22 lb),PICHINCHA,2026-04-Q2,12.07,12.11,12.57,-3.66,12.34,12.3933,2026,4,2,-0.33,Estable,78,2
Uva Negra (Caja aprox. 22 lb),PICHINCHA,2026-01-Q2,15.58,15.78,,,,,2026,1,2,-1.27,Estable,79,2
Uva Negra (Caja aprox. 22 lb),PICHINCHA,2026-02-Q1,15.67,15.58,15.78,-1.27,15.68,,2026,2,1,0.58,Estable,79,2
Uva Negra (Caja aprox. 22 lb),PICHINCHA,2026-02-Q2,16.38,15.67,15.58,0.58,15.625,15.6767,2026,2,2,4.53,Alza,79,2
Uva Negra (Caja aprox. 22 lb),PICHINCHA,2026-03-Q1,17.44,16.38,15.67,4.53,16.025,15.8767,2026,3,1,6.47,Alza,79,2
Uva Negra (Caja aprox. 22 lb),PICHINCHA,2026-03-Q2,17.29,17.44,16.38,6.47,16.91,16.4967,2026,3,2,-0.86,Estable,79,2
Uva Negra (Caja aprox. 22 lb),PICHINCHA,2026-04-Q1,17.5,17.29,17.44,-0.86,17.365,17.0367,2026,4,1,1.21,Estable,79,2
Uva Negra (Caja aprox. 22 lb),PICHINCHA,2026-04-Q2,17.17,17.5,17.29,1.21,17.395,17.41,2026,4,2,-1.89,Estable,79,2
Yogurt (Envase de 1 l),GUAYAS,2026-01-Q2,1.71,1.71,,,,,2026,1,2,0.0,Estable,80,1
Yogurt (Envase de 1 l),GUAYAS,2026-02-Q1,1.71,1.71,1.71,0.0,1.71,,2026,2,1,0.0,Estable,80,1
Yogurt (Envase de 1 l),GUAYAS,2026-02-Q2,1.71,1.71,1.71,0.0,1.71,1.71,2026,2,2,0.0,Estable,80,1
Yogurt (Envase de 1 l),GUAYAS,2026-03-Q1,1.71,1.71,1.71,0.0,1.71,1.71,2026,3,1,0.0,Estable,80,1
Yogurt (Envase de 1 l),GUAYAS,2026-03-Q2,1.71,1.71,1.71,0.0,1.71,1.71,2026,3,2,0.0,Estable,80,1
Yogurt (Envase de 1 l),GUAYAS,2026-04-Q1,1.71,1.71,1.71,0.0,1.71,1.71,2026,4,1,0.0,Estable,80,1
Yogurt (Envase de 1 l),GUAYAS,2026-04-Q2,1.74,1.71,1.71,0.0,1.71,1.71,2026,4,2,1.75,Estable,80,1
Yogurt (Envase de 1 l),PICHINCHA,2026-01-Q2,2.08,2.2,,,,,2026,1,2,-5.45,Caída,80,2
Yogurt (Envase de 1 l),PICHINCHA,2026-02-Q1,2.2,2.08,2.2,-5.45,2.14,,2026,2,1,5.77,Alza,80,2
Yogurt (Envase de 1 l),PICHINCHA,2026-02-Q2,2.12,2.2,2.08,5.77,2.14,2.16,2026,2,2,-3.64,Caída,80,2
Yogurt (Envase de 1 l),PICHINCHA,2026-03-Q1,2.2,2.12,2.2,-3.64,2.16,2.1333,2026,3,1,3.77,Alza,80,2
Yogurt (Envase de 1 l),PICHINCHA,2026-03-Q2,2.08,2.2,2.12,3.77,2.16,2.1733,2026,3,2,-5.45,Caída,80,2
Yogurt (Envase de 1 l),PICHINCHA,2026-04-Q1,2.2,2.08,2.2,-5.45,2.14,2.1333,2026,4,1,5.77,Alza,80,2
Yogurt (Envase de 1 l),PICHINCHA,2026-04-Q2,2.2,2.2,2.08,5.77,2.14,2.16,2026,4,2,0.0,Estable,80,2
Yuca (Funda aprox. 130 lb),PICHINCHA,2026-01-Q2,45.71,46.33,,,,,2026,1,2,-1.34,Estable,81,2
Yuca (Funda aprox. 130 lb),PICHINCHA,2026-02-Q1,39.75,45.71,46.33,-1.34,46.02,,2026,2,1,-13.04,Caída,81,2
Yuca (Funda aprox. 130 lb),PICHINCHA,2026-02-Q2,39.0,39.75,45.71,-13.04,42.73,43.93,2026,2,2,-1.89,Estable,81,2
Yuca (Funda aprox. 130 lb),PICHINCHA,2026-03-Q1,36.67,39.0,39.75,-1.89,39.375,41.4867,2026,3,1,-5.97,Caída,81,2
Yuca (Funda aprox. 130 lb),PICHINCHA,2026-03-Q2,35.52,36.67,39.0,-5.97,37.835,38.4733,2026,3,2,-3.14,Caída,81,2
Yuca (Funda aprox. 130 lb),PICHINCHA,2026-04-Q1,31.33,35.52,36.67,-3.14,36.095,37.0633,2026,4,1,-11.8,Caída,81,2
Yuca (Funda aprox. 130 lb),PICHINCHA,2026-04-Q2,24.71,31.33,35.52,-11.8,33.425,34.5067,2026,4,2,-21.13,Caída,81,2
Yuca (Funda aprox. 90 lb),AZUAY,2026-01-Q2,30.0,30.0,,,,,2026,1,2,0.0,Estable,82,0
Yuca (Funda aprox. 90 lb),AZUAY,2026-02-Q1,28.0,30.0,30.0,0.0,30.0,,2026,2,1,-6.67,Caída,82,0
Yuca (Funda aprox. 90 lb),AZUAY,2026-02-Q2,28.0,28.0,30.0,-6.67,29.0,29.3333,2026,2,2,0.0,Estable,82,0
Yuca (Funda aprox. 90 lb),AZUAY,2026-03-Q1,28.0,28.0,28.0,0.0,28.0,28.6667,2026,3,1,0.0,Estable,82,0
Yuca (Funda aprox. 90 lb),AZUAY,2026-03-Q2,28.0,28.0,28.0,0.0,28.0,28.0,2026,3,2,0.0,Estable,82,0
Yuca (Funda aprox. 90 lb),AZUAY,2026-04-Q1,28.0,28.0,28.0,0.0,28.0,28.0,2026,4,1,0.0,Estable,82,0
Yuca (Funda aprox. 90 lb),AZUAY,2026-04-Q2,26.5,28.0,28.0,0.0,28.0,28.0,2026,4,2,-5.36,Caída,82,0
Yuca (Saco aprox. 190 lb),GUAYAS,2026-01-Q2,52.08,55.25,,,,,2026,1,2,-5.74,Caída,83,1
Yuca (Saco aprox. 190 lb),GUAYAS,2026-02-Q1,45.42,52.08,55.25,-5.74,53.665,,2026,2,1,-12.79,Caída,83,1
Yuca (Saco aprox. 190 lb),GUAYAS,2026-02-Q2,46.05,45.42,52.08,-12.79,48.75,50.9167,2026,2,2,1.39,Estable,83,1
Yuca (Saco aprox. 190 lb),GUAYAS,2026-03-Q1,53.13,46.05,45.42,1.39,45.735,47.85,2026,3,1,15.37,Alza,83,1
Yuca (Saco aprox. 190 lb),GUAYAS,2026-03-Q2,54.73,53.13,46.05,15.37,49.59,48.2,2026,3,2,3.01,Alza,83,1
Yuca (Saco aprox. 190 lb),GUAYAS,2026-04-Q1,55.33,54.73,53.13,3.01,53.93,51.3033,2026,4,1,1.1,Estable,83,1
Yuca (Saco aprox. 190 lb),GUAYAS,2026-04-Q2,51.29,55.33,54.73,1.1,55.03,54.3967,2026,4,2,-7.3,Caída,83,1
Zanahoria Amarilla (Saco aprox. 70 lb),AZUAY,2026-01-Q2,13.25,15.0,,,,,2026,1,2,-11.67,Caída,84,0
Zanahoria Amarilla (Saco aprox. 70 lb),AZUAY,2026-02-Q1,12.75,13.25,15.0,-11.67,14.125,,2026,2,1,-3.77,Caída,84,0
Zanahoria Amarilla (Saco aprox. 70 lb),AZUAY,2026-02-Q2,13.0,12.75,13.25,-3.77,13.0,13.6667,2026,2,2,1.96,Estable,84,0
Zanahoria Amarilla (Saco aprox. 70 lb),AZUAY,2026-03-Q1,12.5,13.0,12.75,1.96,12.875,13.0,2026,3,1,-3.85,Caída,84,0
Zanahoria Amarilla (Saco aprox. 70 lb),AZUAY,2026-03-Q2,12.13,12.5,13.0,-3.85,12.75,12.75,2026,3,2,-2.96,Estable,84,0
Zanahoria Amarilla (Saco aprox. 70 lb),AZUAY,2026-04-Q1,9.33,12.13,12.5,-2.96,12.315,12.5433,2026,4,1,-23.08,Caída,84,0
Zanahoria Amarilla (Saco aprox. 70 lb),AZUAY,2026-04-Q2,10.0,9.33,12.13,-23.08,10.73,11.32,2026,4,2,7.18,Alza,84,0
Zanahoria Amarilla (Saco aprox. 70 lb),GUAYAS,2026-01-Q2,9.9,10.42,,,,,2026,1,2,-4.99,Caída,84,1
Zanahoria Amarilla (Saco aprox. 70 lb),GUAYAS,2026-02-Q1,7.5,9.9,10.42,-4.99,10.16,,2026,2,1,-24.24,Caída,84,1
Zanahoria Amarilla (Saco aprox. 70 lb),GUAYAS,2026-02-Q2,8.67,7.5,9.9,-24.24,8.7,9.2733,2026,2,2,15.6,Alza,84,1
Zanahoria Amarilla (Saco aprox. 70 lb),GUAYAS,2026-03-Q1,8.83,8.67,7.5,15.6,8.085,8.69,2026,3,1,1.85,Estable,84,1
Zanahoria Amarilla (Saco aprox. 70 lb),GUAYAS,2026-03-Q2,8.31,8.83,8.67,1.85,8.75,8.3333,2026,3,2,-5.89,Caída,84,1
Zanahoria Amarilla (Saco aprox. 70 lb),GUAYAS,2026-04-Q1,10.5,8.31,8.83,-5.89,8.57,8.6033,2026,4,1,26.35,Alza,84,1
Zanahoria Amarilla (Saco aprox. 70 lb),GUAYAS,2026-04-Q2,10.12,10.5,8.31,26.35,9.405,9.2133,2026,4,2,-3.62,Caída,84,1
Zanahoria Amarilla (Saco aprox. 90 lb),PICHINCHA,2026-01-Q2,12.21,15.22,,,,,2026,1,2,-19.78,Caída,85,2
Zanahoria Amarilla (Saco aprox. 90 lb),PICHINCHA,2026-02-Q1,8.83,12.21,15.22,-19.78,13.715,,2026,2,1,-27.68,Caída,85,2
Zanahoria Amarilla (Saco aprox. 90 lb),PICHINCHA,2026-02-Q2,8.33,8.83,12.21,-27.68,10.52,12.0867,2026,2,2,-5.66,Caída,85,2
Zanahoria Amarilla (Saco aprox. 90 lb),PICHINCHA,2026-03-Q1,7.17,8.33,8.83,-5.66,8.58,9.79,2026,3,1,-13.93,Caída,85,2
Zanahoria Amarilla (Saco aprox. 90 lb),PICHINCHA,2026-03-Q2,7.41,7.17,8.33,-13.93,7.75,8.11,2026,3,2,3.35,Alza,85,2
Zanahoria Amarilla (Saco aprox. 90 lb),PICHINCHA,2026-04-Q1,8.44,7.41,7.17,3.35,7.29,7.6367,2026,4,1,13.9,Alza,85,2
Zanahoria Amarilla (Saco aprox. 90 lb),PICHINCHA,2026-04-Q2,8.28,8.44,7.41,13.9,7.925,7.6733,2026,4,2,-1.9,Estable,85,2
