año,mes,temp,precip,provincia
2012,1,4.780645161290322,554.7,CARCHI
2012,2,4.413793103448276,432.2,CARCHI
2012,3,4.941935483870967,242.9,CARCHI
2012,4,4.836666666666667,438.4,CARCHI
2012,5,4.683870967741935,180.4,CARCHI
2012,6,4.406666666666666,96.1,CARCHI
2012,7,4.235483870967742,84.9,CARCHI
2012,8,4.245161290322581,176.9,CARCHI
2012,9,4.706666666666666,86.0,CARCHI
2012,10,5.019354838709678,382.1,CARCHI
2012,11,5.386666666666667,562.7,CARCHI
2012,12,5.080645161290323,408.1,CARCHI
2013,1,5.780645161290322,140.2,CARCHI
2013,2,5.089285714285714,393.6,CARCHI
2013,3,5.651612903225806,350.2,CARCHI
2013,4,5.6866666666666665,291.6,CARCHI
2013,5,5.151612903225806,447.4,CARCHI
2013,6,4.793333333333334,79.3,CARCHI
2013,7,4.035483870967742,100.5,CARCHI
2013,8,4.396774193548388,118.8,CARCHI
2013,9,5.1,188.3,CARCHI
2013,10,5.251612903225807,407.2,CARCHI
2013,11,4.996666666666667,299.2,CARCHI
2013,12,5.216129032258064,363.2,CARCHI
2014,1,5.270967741935484,419.4,CARCHI
2014,2,5.45,274.3,CARCHI
2014,3,5.135483870967741,413.5,CARCHI
2014,4,5.406666666666666,187.3,CARCHI
2014,5,5.129032258064516,358.6,CARCHI
2014,6,4.803333333333333,125.0,CARCHI
2014,7,4.429032258064517,45.1,CARCHI
2014,8,4.235483870967743,156.4,CARCHI
2014,9,4.760000000000001,204.2,CARCHI
2014,10,5.061290322580645,368.6,CARCHI
2014,11,5.346666666666667,334.90000000000003,CARCHI
2014,12,5.258064516129032,489.7,CARCHI
2015,1,5.048387096774194,251.7,CARCHI
2015,2,5.546428571428572,188.8,CARCHI
2015,3,5.458064516129032,293.8,CARCHI
2015,4,5.416666666666667,278.8,CARCHI
2015,5,5.435483870967742,189.2,CARCHI
2015,6,4.673333333333333,85.3,CARCHI
2015,7,4.635483870967741,125.0,CARCHI
2015,8,4.880645161290323,139.0,CARCHI
2015,9,5.62,177.5,CARCHI
2015,10,5.638709677419355,312.4,CARCHI
2015,11,5.763333333333334,335.1,CARCHI
2015,12,5.932258064516129,155.9,CARCHI
2016,1,6.567741935483871,350.6,CARCHI
2016,2,6.820689655172414,188.6,CARCHI
2016,3,6.561290322580645,286.9,CARCHI
2016,4,6.266666666666667,321.1,CARCHI
2016,5,5.983870967741935,210.4,CARCHI
2016,6,4.613333333333333,138.6,CARCHI
2016,7,4.238709677419355,128.9,CARCHI
2016,8,4.95483870967742,83.0,CARCHI
2016,9,5.0633333333333335,319.8,CARCHI
2016,10,5.683870967741935,381.5,CARCHI
2016,11,5.913333333333333,320.7,CARCHI
2016,12,5.432258064516129,532.3,CARCHI
2017,1,4.438709677419355,294.7,CARCHI
2017,2,4.617857142857143,223.4,CARCHI
2017,3,4.854838709677419,387.6,CARCHI
2017,4,4.986666666666666,239.5,CARCHI
2017,5,4.964516129032258,280.7,CARCHI
2017,6,4.476666666666668,168.9,CARCHI
2017,7,3.0161290322580645,240.5,CARCHI
2017,8,3.916129032258065,73.2,CARCHI
2017,9,4.423333333333333,69.8,CARCHI
2017,10,4.809677419354839,208.2,CARCHI
2017,11,5.29,310.9,CARCHI
2017,12,5.070967741935483,238.2,CARCHI
2018,1,4.109677419354839,291.7,CARCHI
2018,2,5.167857142857143,326.9,CARCHI
2018,3,4.958064516129032,195.7,CARCHI
2018,4,4.3966666666666665,289.6,CARCHI
2018,5,4.72258064516129,201.6,CARCHI
2018,6,3.773333333333333,177.6,CARCHI
2018,7,3.3548387096774195,139.6,CARCHI
2018,8,3.1516129032258067,117.3,CARCHI
2018,9,4.013333333333334,104.5,CARCHI
2018,10,5.132258064516129,230.7,CARCHI
2018,11,5.403333333333333,500.9,CARCHI
2018,12,4.422580645161291,197.9,CARCHI
2019,1,4.754838709677419,259.1,CARCHI
2019,2,5.553571428571429,258.5,CARCHI
2019,3,5.483870967741935,294.2,CARCHI
2019,4,5.47,302.7,CARCHI
2019,5,4.903225806451613,209.7,CARCHI
2019,6,4.336666666666667,259.5,CARCHI
2019,7,3.5387096774193547,177.4,CARCHI
2019,8,2.838709677419355,127.7,CARCHI
2019,9,4.093333333333333,117.1,CARCHI
2019,10,4.435483870967742,176.5,CARCHI
2019,11,5.16,375.4,CARCHI
2019,12,5.119354838709677,321.7,CARCHI
2020,1,5.158064516129032,211.5,CARCHI
2020,2,5.572413793103448,294.2,CARCHI
2020,3,5.774193548387097,328.8,CARCHI
2020,4,5.346666666666667,238.6,CARCHI
2020,5,5.212903225806452,210.6,CARCHI
2020,6,4.41,130.5,CARCHI
2020,7,3.674193548387097,123.2,CARCHI
2020,8,3.94516129032258,103.3,CARCHI
2020,9,4.06,107.0,CARCHI
2020,10,4.158064516129032,150.6,CARCHI
2020,11,5.0633333333333335,280.1,CARCHI
2020,12,4.670967741935484,280.8,CARCHI
2021,1,4.329032258064516,238.6,CARCHI
2021,2,5.014285714285714,363.4,CARCHI
2021,3,4.441935483870967,416.6,CARCHI
2021,4,4.723333333333333,261.5,CARCHI
2021,5,4.77741935483871,229.4,CARCHI
2021,6,4.073333333333333,146.8,CARCHI
2021,7,3.341935483870968,138.0,CARCHI
2021,8,3.732258064516129,84.5,CARCHI
2021,9,3.953333333333333,85.0,CARCHI
2021,10,5.193548387096774,234.6,CARCHI
2021,11,5.036666666666666,357.3,CARCHI
2021,12,5.419354838709677,240.6,CARCHI
2022,1,4.854838709677419,288.5,CARCHI
2022,2,4.667857142857143,344.6,CARCHI
2022,3,4.690322580645161,239.5,CARCHI
2022,4,4.84,211.4,CARCHI
2022,5,4.670967741935484,174.9,CARCHI
2022,6,4.013333333333334,183.8,CARCHI
2022,7,3.829032258064516,122.7,CARCHI
2022,8,3.487096774193548,114.9,CARCHI
2022,9,4.466666666666667,118.6,CARCHI
2022,10,4.625806451612903,253.1,CARCHI
2022,11,4.6466666666666665,268.8,CARCHI
2022,12,4.567741935483871,248.0,CARCHI
2023,1,4.164516129032258,293.7,CARCHI
2023,2,4.764285714285714,190.7,CARCHI
2023,3,4.451612903225806,419.3,CARCHI
2023,4,4.916666666666667,261.4,CARCHI
2023,5,5.406451612903226,183.8,CARCHI
2023,6,4.266666666666667,102.6,CARCHI
2023,7,4.312903225806451,141.5,CARCHI
2023,8,4.561290322580645,103.9,CARCHI
2023,9,5.073333333333333,97.2,CARCHI
2023,10,5.72258064516129,227.2,CARCHI
2023,11,5.44,218.8,CARCHI
2023,12,5.774193548387097,278.1,CARCHI
2024,1,6.041935483870968,133.2,CARCHI
2024,2,6.051724137931035,251.3,CARCHI
2024,3,6.174193548387097,233.5,CARCHI
2024,4,6.133333333333334,255.5,CARCHI
2024,5,6.164516129032258,205.1,CARCHI
2024,6,5.1466666666666665,198.6,CARCHI
2024,7,3.97741935483871,83.1,CARCHI
2024,8,4.264516129032257,81.0,CARCHI
2024,9,4.543333333333334,75.3,CARCHI
2024,10,5.554838709677419,154.5,CARCHI
2024,11,5.12,214.9,CARCHI
2024,12,5.370967741935484,343.0,CARCHI
2025,1,4.970967741935484,196.3,CARCHI
2025,2,5.028571428571429,343.6,CARCHI
2025,3,5.02258064516129,432.3,CARCHI
2025,4,5.39,225.1,CARCHI
2025,5,4.967741935483871,179.6,CARCHI
2025,6,4.47,161.70000000000002,CARCHI
2025,7,3.645161290322581,206.8,CARCHI
2025,8,3.806451612903226,147.0,CARCHI
2025,9,4.4,119.9,CARCHI
2025,10,4.729032258064516,206.4,CARCHI
2025,11,5.14,230.7,CARCHI
2025,12,5.138709677419355,141.20000000000002,CARCHI
2026,1,4.938709677419355,346.4,CARCHI
2026,2,4.778571428571429,274.7,CARCHI
2026,3,5.364516129032259,271.8,CARCHI
2026,4,5.28,252.8,CARCHI
2026,5,5.303225806451613,176.9,CARCHI
2026,6,4.8533333333333335,147.9,CARCHI
2012,1,8.429032258064517,437.1,COTOPAXI
2012,2,8.213793103448275,341.0,COTOPAXI
2012,3,8.983870967741936,283.2,COTOPAXI
2012,4,8.533333333333333,364.4,COTOPAXI
2012,5,8.87741935483871,121.1,COTOPAXI
2012,6,8.84,88.7,COTOPAXI
2012,7,9.016129032258064,36.3,COTOPAXI
2012,8,8.890322580645162,62.1,COTOPAXI
2012,9,9.29,74.8,COTOPAXI
2012,10,8.806451612903226,261.5,COTOPAXI
2012,11,9.09,281.5,COTOPAXI
2012,12,9.006451612903225,210.5,COTOPAXI
2013,1,9.803225806451612,179.7,COTOPAXI
2013,2,8.964285714285714,343.3,COTOPAXI
2013,3,9.564516129032258,243.3,COTOPAXI
2013,4,9.6,204.3,COTOPAXI
2013,5,9.093548387096773,238.7,COTOPAXI
2013,6,9.2,50.8,COTOPAXI
2013,7,8.635483870967741,56.3,COTOPAXI
2013,8,8.958064516129031,90.7,COTOPAXI
2013,9,9.183333333333334,94.1,COTOPAXI
2013,10,9.01290322580645,252.6,COTOPAXI
2013,11,8.816666666666666,179.5,COTOPAXI
2013,12,9.25483870967742,196.7,COTOPAXI
2014,1,9.216129032258063,217.5,COTOPAXI
2014,2,9.3,174.3,COTOPAXI
2014,3,8.95483870967742,317.6,COTOPAXI
2014,4,9.443333333333332,192.5,COTOPAXI
2014,5,9.064516129032258,263.3,COTOPAXI
2014,6,9.206666666666669,47.2,COTOPAXI
2014,7,9.506451612903223,15.2,COTOPAXI
2014,8,8.896774193548387,55.3,COTOPAXI
2014,9,9.013333333333332,131.29999999999998,COTOPAXI
2014,10,9.006451612903225,279.8,COTOPAXI
2014,11,9.096666666666666,226.3,COTOPAXI
2014,12,9.174193548387096,256.3,COTOPAXI
2015,1,9.403225806451612,193.6,COTOPAXI
2015,2,9.62857142857143,144.3,COTOPAXI
2015,3,9.474193548387095,311.7,COTOPAXI
2015,4,9.42,158.5,COTOPAXI
2015,5,9.51290322580645,153.3,COTOPAXI
2015,6,9.213333333333331,52.1,COTOPAXI
2015,7,9.13225806451613,86.2,COTOPAXI
2015,8,9.69032258064516,32.2,COTOPAXI
2015,9,9.943333333333332,62.6,COTOPAXI
2015,10,9.474193548387095,209.9,COTOPAXI
2015,11,9.55,327.90000000000003,COTOPAXI
2015,12,10.24516129032258,84.9,COTOPAXI
2016,1,10.19032258064516,261.6,COTOPAXI
2016,2,10.762068965517242,178.0,COTOPAXI
2016,3,10.46774193548387,337.1,COTOPAXI
2016,4,10.176666666666668,271.3,COTOPAXI
2016,5,10.06774193548387,143.5,COTOPAXI
2016,6,9.066666666666666,92.7,COTOPAXI
2016,7,8.887096774193548,43.1,COTOPAXI
2016,8,9.796774193548387,36.5,COTOPAXI
2016,9,9.143333333333334,138.7,COTOPAXI
2016,10,9.51290322580645,227.8,COTOPAXI
2016,11,9.806666666666668,162.8,COTOPAXI
2016,12,9.103225806451611,317.7,COTOPAXI
2017,1,7.261290322580645,133.5,COTOPAXI
2017,2,7.517857142857143,80.9,COTOPAXI
2017,3,7.580645161290323,230.6,COTOPAXI
2017,4,7.716666666666667,109.7,COTOPAXI
2017,5,7.47741935483871,80.6,COTOPAXI
2017,6,6.96,92.9,COTOPAXI
2017,7,5.632258064516129,48.7,COTOPAXI
2017,8,6.493548387096775,29.5,COTOPAXI
2017,9,7.096666666666667,42.0,COTOPAXI
2017,10,7.32258064516129,111.3,COTOPAXI
2017,11,7.873333333333333,72.2,COTOPAXI
2017,12,7.829032258064516,63.5,COTOPAXI
2018,1,6.980645161290322,116.5,COTOPAXI
2018,2,8.110714285714286,79.7,COTOPAXI
2018,3,7.858064516129032,60.5,COTOPAXI
2018,4,7.196666666666667,77.1,COTOPAXI
2018,5,7.17741935483871,118.2,COTOPAXI
2018,6,6.1866666666666665,40.9,COTOPAXI
2018,7,6.029032258064516,37.1,COTOPAXI
2018,8,5.983870967741935,35.7,COTOPAXI
2018,9,6.94,29.7,COTOPAXI
2018,10,8.306451612903226,37.2,COTOPAXI
2018,11,8.273333333333333,108.1,COTOPAXI
2018,12,7.145161290322581,68.5,COTOPAXI
2019,1,7.54516129032258,118.8,COTOPAXI
2019,2,8.1,83.1,COTOPAXI
2019,3,8.2,128.2,COTOPAXI
2019,4,7.963333333333334,102.1,COTOPAXI
2019,5,7.270967741935484,74.5,COTOPAXI
2019,6,6.666666666666667,67.3,COTOPAXI
2019,7,6.006451612903225,45.2,COTOPAXI
2019,8,5.816129032258065,45.5,COTOPAXI
2019,9,6.98,46.4,COTOPAXI
2019,10,6.967741935483871,67.7,COTOPAXI
2019,11,8.016666666666667,57.7,COTOPAXI
2019,12,8.025806451612903,101.6,COTOPAXI
2020,1,8.283870967741937,63.3,COTOPAXI
2020,2,8.403448275862068,56.6,COTOPAXI
2020,3,8.54516129032258,92.3,COTOPAXI
2020,4,7.81,111.3,COTOPAXI
2020,5,7.787096774193548,55.9,COTOPAXI
2020,6,6.97,45.8,COTOPAXI
2020,7,6.103225806451612,54.6,COTOPAXI
2020,8,6.66774193548387,32.8,COTOPAXI
2020,9,6.593333333333334,46.0,COTOPAXI
2020,10,6.970967741935484,36.0,COTOPAXI
2020,11,7.966666666666667,53.5,COTOPAXI
2020,12,7.300000000000001,74.1,COTOPAXI
2021,1,6.993548387096775,102.6,COTOPAXI
2021,2,7.753571428571428,109.3,COTOPAXI
2021,3,7.151612903225806,126.8,COTOPAXI
2021,4,7.233333333333333,109.0,COTOPAXI
2021,5,7.193548387096774,91.9,COTOPAXI
2021,6,6.45,76.5,COTOPAXI
2021,7,5.916129032258064,43.2,COTOPAXI
2021,8,6.303225806451613,42.5,COTOPAXI
2021,9,6.46,45.8,COTOPAXI
2021,10,7.448387096774193,110.9,COTOPAXI
2021,11,7.653333333333333,146.8,COTOPAXI
2021,12,8.016129032258064,90.5,COTOPAXI
2022,1,7.480645161290322,120.2,COTOPAXI
2022,2,7.642857142857143,116.7,COTOPAXI
2022,3,7.34516129032258,197.4,COTOPAXI
2022,4,7.27,133.0,COTOPAXI
2022,5,7.029032258064516,102.5,COTOPAXI
2022,6,6.156666666666666,132.4,COTOPAXI
2022,7,6.090322580645162,82.1,COTOPAXI
2022,8,5.967741935483871,36.1,COTOPAXI
2022,9,6.566666666666666,63.5,COTOPAXI
2022,10,7.387096774193548,139.1,COTOPAXI
2022,11,7.616666666666666,52.2,COTOPAXI
2022,12,7.283870967741936,64.6,COTOPAXI
2023,1,6.819354838709677,137.4,COTOPAXI
2023,2,7.767857142857143,105.7,COTOPAXI
2023,3,7.325806451612903,194.0,COTOPAXI
2023,4,7.5,177.9,COTOPAXI
2023,5,8.009677419354839,85.3,COTOPAXI
2023,6,7.03,25.3,COTOPAXI
2023,7,7.025806451612904,35.8,COTOPAXI
2023,8,7.329032258064516,34.9,COTOPAXI
2023,9,7.903333333333333,29.8,COTOPAXI
2023,10,8.106451612903225,74.8,COTOPAXI
2023,11,8.3,83.1,COTOPAXI
2023,12,8.509677419354839,131.4,COTOPAXI
2024,1,8.651612903225805,65.0,COTOPAXI
2024,2,8.679310344827586,101.3,COTOPAXI
2024,3,8.648387096774194,83.0,COTOPAXI
2024,4,8.55,87.0,COTOPAXI
2024,5,8.258064516129032,86.6,COTOPAXI
2024,6,7.273333333333331,69.5,COTOPAXI
2024,7,6.796774193548386,30.8,COTOPAXI
2024,8,7.203225806451614,14.3,COTOPAXI
2024,9,7.743333333333334,37.1,COTOPAXI
2024,10,8.2,66.8,COTOPAXI
2024,11,8.54,25.0,COTOPAXI
2024,12,8.280645161290321,128.4,COTOPAXI
2025,1,7.735483870967743,85.3,COTOPAXI
2025,2,8.042857142857143,181.8,COTOPAXI
2025,3,7.796774193548386,278.7,COTOPAXI
2025,4,7.903333333333333,115.3,COTOPAXI
2025,5,7.254838709677419,86.2,COTOPAXI
2025,6,6.7,51.5,COTOPAXI
2025,7,5.941935483870967,48.0,COTOPAXI
2025,8,6.300000000000001,39.9,COTOPAXI
2025,9,6.680000000000001,46.1,COTOPAXI
2025,10,7.17741935483871,95.4,COTOPAXI
2025,11,7.863333333333333,88.4,COTOPAXI
2025,12,8.029032258064516,22.2,COTOPAXI
2026,1,8.087096774193547,118.6,COTOPAXI
2026,2,7.696428571428571,152.5,COTOPAXI
2026,3,8.525806451612903,146.3,COTOPAXI
2026,4,8.083333333333334,121.7,COTOPAXI
2026,5,7.803225806451613,64.3,COTOPAXI
2026,6,7.346666666666667,51.3,COTOPAXI
2012,1,24.641935483870967,277.2,MANABI
2012,2,24.56896551724138,602.0,MANABI
2012,3,25.483870967741936,452.6,MANABI
2012,4,25.82,179.1,MANABI
2012,5,25.51935483870968,147.2,MANABI
2012,6,25.07333333333333,16.0,MANABI
2012,7,24.712903225806453,5.1000000000000005,MANABI
2012,8,24.432258064516127,9.9,MANABI
2012,9,24.49333333333333,1.6,MANABI
2012,10,24.651612903225804,6.5,MANABI
2012,11,24.776666666666664,36.6,MANABI
2012,12,25.212903225806453,34.1,MANABI
2013,1,25.200000000000003,191.9,MANABI
2013,2,25.25714285714286,275.2,MANABI
2013,3,25.570967741935487,311.7,MANABI
2013,4,25.33,158.9,MANABI
2013,5,24.22258064516129,65.8,MANABI
2013,6,24.15333333333333,2.8000000000000003,MANABI
2013,7,23.783870967741933,9.6,MANABI
2013,8,24.070967741935487,6.9,MANABI
2013,9,24.543333333333333,14.6,MANABI
2013,10,24.638709677419357,2.6,MANABI
2013,11,24.80333333333333,5.1,MANABI
2013,12,25.12258064516129,43.8,MANABI
2014,1,25.32903225806452,167.9,MANABI
2014,2,25.40714285714285,132.5,MANABI
2014,3,26.106451612903225,81.5,MANABI
2014,4,25.74333333333333,98.4,MANABI
2014,5,25.596774193548388,78.8,MANABI
2014,6,25.51333333333333,31.6,MANABI
2014,7,25.36774193548387,6.4,MANABI
2014,8,25.19032258064516,18.6,MANABI
2014,9,24.790000000000003,17.6,MANABI
2014,10,25.41290322580645,14.5,MANABI
2014,11,25.64333333333333,4.5,MANABI
2014,12,26.04193548387097,35.3,MANABI
2015,1,25.88064516129032,103.1,MANABI
2015,2,26.61428571428572,49.5,MANABI
2015,3,26.31290322580645,168.6,MANABI
2015,4,26.24,184.2,MANABI
2015,5,26.177419354838708,115.5,MANABI
2015,6,26.076666666666664,31.3,MANABI
2015,7,25.94516129032258,40.6,MANABI
2015,8,25.661290322580644,6.7,MANABI
2015,9,26.466666666666665,9.7,MANABI
2015,10,26.3,25.8,MANABI
2015,11,26.34,19.6,MANABI
2015,12,26.6,88.4,MANABI
2016,1,26.51935483870968,152.7,MANABI
2016,2,26.13103448275862,307.3,MANABI
2016,3,26.606451612903225,178.5,MANABI
2016,4,26.063333333333333,230.9,MANABI
2016,5,26.10322580645161,50.9,MANABI
2016,6,25.73333333333333,12.9,MANABI
2016,7,25.43548387096774,10.7,MANABI
2016,8,25.19032258064516,2.3,MANABI
2016,9,25.13,15.8,MANABI
2016,10,24.806451612903224,2.1,MANABI
2016,11,24.8,8.0,MANABI
2016,12,25.60322580645161,31.1,MANABI
2017,1,25.08709677419355,123.4,MANABI
2017,2,25.228571428571428,213.8,MANABI
2017,3,25.238709677419354,375.0,MANABI
2017,4,25.433333333333334,240.1,MANABI
2017,5,25.148387096774197,146.9,MANABI
2017,6,24.326666666666664,41.4,MANABI
2017,7,23.72258064516129,14.8,MANABI
2017,8,23.716129032258067,8.3,MANABI
2017,9,23.976666666666667,6.9,MANABI
2017,10,23.835483870967742,31.4,MANABI
2017,11,23.426666666666662,5.5,MANABI
2017,12,24.23225806451613,40.9,MANABI
2018,1,24.71935483870968,90.9,MANABI
2018,2,24.635714285714283,158.7,MANABI
2018,3,24.916129032258063,129.7,MANABI
2018,4,24.62,71.6,MANABI
2018,5,24.451612903225808,100.8,MANABI
2018,6,23.65333333333333,12.1,MANABI
2018,7,23.570967741935487,18.3,MANABI
2018,8,23.88387096774193,11.3,MANABI
2018,9,23.986666666666668,12.9,MANABI
2018,10,23.46451612903226,2.6,MANABI
2018,11,24.32,41.3,MANABI
2018,12,24.541935483870965,119.8,MANABI
2019,1,24.90322580645161,190.6,MANABI
2019,2,25.175,299.4,MANABI
2019,3,25.56451612903226,126.7,MANABI
2019,4,25.363333333333333,110.2,MANABI
2019,5,25.05161290322581,131.7,MANABI
2019,6,24.516666666666666,41.0,MANABI
2019,7,23.89032258064516,18.1,MANABI
2019,8,23.570967741935487,5.8,MANABI
2019,9,23.35666666666667,15.4,MANABI
2019,10,23.606451612903225,13.3,MANABI
2019,11,24.176666666666662,26.8,MANABI
2019,12,24.703225806451613,44.8,MANABI
2020,1,25.36774193548387,83.3,MANABI
2020,2,25.582758620689653,184.4,MANABI
2020,3,25.37741935483871,152.3,MANABI
2020,4,25.28666666666667,62.5,MANABI
2020,5,25.48064516129032,54.6,MANABI
2020,6,24.15333333333333,19.5,MANABI
2020,7,23.516129032258064,10.6,MANABI
2020,8,23.029032258064515,6.6,MANABI
2020,9,23.28666666666667,5.5,MANABI
2020,10,23.948387096774194,12.7,MANABI
2020,11,23.5,3.1,MANABI
2020,12,24.151612903225807,76.0,MANABI
2021,1,24.38387096774193,262.0,MANABI
2021,2,24.932142857142857,132.9,MANABI
2021,3,24.69677419354839,200.4,MANABI
2021,4,24.73,179.9,MANABI
2021,5,23.9,81.9,MANABI
2021,6,23.736666666666668,22.8,MANABI
2021,7,23.529032258064515,7.6,MANABI
2021,8,23.22903225806452,9.7,MANABI
2021,9,23.59,20.0,MANABI
2021,10,23.432258064516127,9.4,MANABI
2021,11,22.886666666666667,15.8,MANABI
2021,12,23.574193548387097,90.7,MANABI
2022,1,24.17419354838709,111.9,MANABI
2022,2,24.3,190.5,MANABI
2022,3,24.780645161290323,398.1,MANABI
2022,4,24.66333333333333,166.0,MANABI
2022,5,23.848387096774196,79.10000000000001,MANABI
2022,6,22.65,24.6,MANABI
2022,7,22.651612903225807,23.0,MANABI
2022,8,22.787096774193547,28.4,MANABI
2022,9,22.55333333333333,7.2,MANABI
2022,10,22.506451612903227,3.9,MANABI
2022,11,22.563333333333333,8.8,MANABI
2022,12,24.364516129032257,38.6,MANABI
2023,1,24.851612903225806,118.6,MANABI
2023,2,24.975,370.0,MANABI
2023,3,24.783870967741933,458.8,MANABI
2023,4,25.15,343.0,MANABI
2023,5,25.73548387096774,197.9,MANABI
2023,6,25.38,161.1,MANABI
2023,7,25.40322580645161,90.7,MANABI
2023,8,24.983870967741936,38.3,MANABI
2023,9,25.136666666666667,11.7,MANABI
2023,10,25.50967741935484,70.7,MANABI
2023,11,25.19,29.6,MANABI
2023,12,25.41935483870968,108.2,MANABI
2024,1,25.69032258064516,269.2,MANABI
2024,2,25.83448275862069,423.5,MANABI
2024,3,26.200000000000003,160.3,MANABI
2024,4,26.183333333333334,101.4,MANABI
2024,5,25.4,92.2,MANABI
2024,6,24.35333333333333,27.9,MANABI
2024,7,24.12903225806452,18.5,MANABI
2024,8,23.816129032258065,10.7,MANABI
2024,9,23.39,1.8,MANABI
2024,10,23.925806451612903,4.0,MANABI
2024,11,23.73333333333333,0.9,MANABI
2024,12,25.625806451612902,53.5,MANABI
2025,1,25.18064516129032,207.8,MANABI
2025,2,24.635714285714283,514.4,MANABI
2025,3,25.00967741935484,525.6,MANABI
2025,4,25.21,265.6,MANABI
2025,5,25.02258064516129,122.9,MANABI
2025,6,24.166666666666668,60.0,MANABI
2025,7,23.783870967741933,27.6,MANABI
2025,8,23.506451612903227,21.5,MANABI
2025,9,23.966666666666665,6.9,MANABI
2025,10,23.93870967741936,24.0,MANABI
2025,11,24.13,44.9,MANABI
2025,12,24.080645161290324,8.1,MANABI
2026,1,25.083870967741937,118.6,MANABI
2026,2,24.90714285714285,391.9,MANABI
2026,3,25.561290322580643,172.2,MANABI
2026,4,25.78,31.6,MANABI
2026,5,25.970967741935485,129.6,MANABI
2026,6,25.71333333333333,180.0,MANABI
2012,1,20.990322580645163,607.0,SANTO DOMINGO DE LOS TSACHILAS
2012,2,21.179310344827588,666.6999999999999,SANTO DOMINGO DE LOS TSACHILAS
2012,3,21.9,461.4,SANTO DOMINGO DE LOS TSACHILAS
2012,4,22.23,526.9,SANTO DOMINGO DE LOS TSACHILAS
2012,5,22.12258064516129,320.8,SANTO DOMINGO DE LOS TSACHILAS
2012,6,21.646666666666665,141.3,SANTO DOMINGO DE LOS TSACHILAS
2012,7,21.03548387096774,58.6,SANTO DOMINGO DE LOS TSACHILAS
2012,8,20.90967741935484,38.4,SANTO DOMINGO DE LOS TSACHILAS
2012,9,21.23,37.5,SANTO DOMINGO DE LOS TSACHILAS
2012,10,21.55806451612903,26.5,SANTO DOMINGO DE LOS TSACHILAS
2012,11,21.62333333333333,128.3,SANTO DOMINGO DE LOS TSACHILAS
2012,12,21.561290322580643,103.2,SANTO DOMINGO DE LOS TSACHILAS
2013,1,21.60322580645161,424.3,SANTO DOMINGO DE LOS TSACHILAS
2013,2,21.635714285714283,416.6,SANTO DOMINGO DE LOS TSACHILAS
2013,3,22.11935483870968,245.7,SANTO DOMINGO DE LOS TSACHILAS
2013,4,22.176666666666662,385.4,SANTO DOMINGO DE LOS TSACHILAS
2013,5,21.574193548387097,256.1,SANTO DOMINGO DE LOS TSACHILAS
2013,6,21.116666666666667,57.1,SANTO DOMINGO DE LOS TSACHILAS
2013,7,20.574193548387097,64.9,SANTO DOMINGO DE LOS TSACHILAS
2013,8,20.758064516129032,34.9,SANTO DOMINGO DE LOS TSACHILAS
2013,9,21.290000000000003,39.8,SANTO DOMINGO DE LOS TSACHILAS
2013,10,21.31935483870968,60.9,SANTO DOMINGO DE LOS TSACHILAS
2013,11,21.53333333333333,49.3,SANTO DOMINGO DE LOS TSACHILAS
2013,12,21.770967741935483,139.5,SANTO DOMINGO DE LOS TSACHILAS
2014,1,21.541935483870965,354.8,SANTO DOMINGO DE LOS TSACHILAS
2014,2,21.63214285714286,276.5,SANTO DOMINGO DE LOS TSACHILAS
2014,3,21.951612903225808,347.5,SANTO DOMINGO DE LOS TSACHILAS
2014,4,22.113333333333333,338.5,SANTO DOMINGO DE LOS TSACHILAS
2014,5,22.12258064516129,253.6,SANTO DOMINGO DE LOS TSACHILAS
2014,6,21.87333333333333,97.7,SANTO DOMINGO DE LOS TSACHILAS
2014,7,21.700000000000003,95.0,SANTO DOMINGO DE LOS TSACHILAS
2014,8,21.21935483870968,76.5,SANTO DOMINGO DE LOS TSACHILAS
2014,9,21.40666666666667,80.1,SANTO DOMINGO DE LOS TSACHILAS
2014,10,21.58709677419355,114.5,SANTO DOMINGO DE LOS TSACHILAS
2014,11,21.756666666666668,66.9,SANTO DOMINGO DE LOS TSACHILAS
2014,12,22.003225806451614,129.3,SANTO DOMINGO DE LOS TSACHILAS
2015,1,21.70967741935484,355.3,SANTO DOMINGO DE LOS TSACHILAS
2015,2,22.04642857142857,278.5,SANTO DOMINGO DE LOS TSACHILAS
2015,3,22.09354838709677,410.5,SANTO DOMINGO DE LOS TSACHILAS
2015,4,22.43,326.7,SANTO DOMINGO DE LOS TSACHILAS
2015,5,22.59354838709677,310.8,SANTO DOMINGO DE LOS TSACHILAS
2015,6,22.32333333333333,113.1,SANTO DOMINGO DE LOS TSACHILAS
2015,7,21.948387096774194,151.3,SANTO DOMINGO DE LOS TSACHILAS
2015,8,21.76774193548387,33.2,SANTO DOMINGO DE LOS TSACHILAS
2015,9,22.26333333333333,75.5,SANTO DOMINGO DE LOS TSACHILAS
2015,10,22.200000000000003,250.6,SANTO DOMINGO DE LOS TSACHILAS
2015,11,22.16333333333333,232.3,SANTO DOMINGO DE LOS TSACHILAS
2015,12,22.661290322580644,418.6,SANTO DOMINGO DE LOS TSACHILAS
2016,1,22.361290322580647,676.5,SANTO DOMINGO DE LOS TSACHILAS
2016,2,22.66896551724138,422.0,SANTO DOMINGO DE LOS TSACHILAS
2016,3,22.951612903225808,303.6,SANTO DOMINGO DE LOS TSACHILAS
2016,4,22.60666666666667,454.5,SANTO DOMINGO DE LOS TSACHILAS
2016,5,22.72903225806452,235.3,SANTO DOMINGO DE LOS TSACHILAS
2016,6,21.72,61.6,SANTO DOMINGO DE LOS TSACHILAS
2016,7,21.33870967741936,59.2,SANTO DOMINGO DE LOS TSACHILAS
2016,8,21.59032258064516,21.5,SANTO DOMINGO DE LOS TSACHILAS
2016,9,21.68,129.5,SANTO DOMINGO DE LOS TSACHILAS
2016,10,21.751612903225805,53.6,SANTO DOMINGO DE LOS TSACHILAS
2016,11,21.86,50.9,SANTO DOMINGO DE LOS TSACHILAS
2016,12,22.08709677419355,175.6,SANTO DOMINGO DE LOS TSACHILAS
2017,1,22.793548387096774,310.4,SANTO DOMINGO DE LOS TSACHILAS
2017,2,23.410714285714285,379.7,SANTO DOMINGO DE LOS TSACHILAS
2017,3,23.648387096774197,624.9,SANTO DOMINGO DE LOS TSACHILAS
2017,4,23.84,354.3,SANTO DOMINGO DE LOS TSACHILAS
2017,5,23.725806451612904,339.40000000000003,SANTO DOMINGO DE LOS TSACHILAS
2017,6,23.016666666666666,269.0,SANTO DOMINGO DE LOS TSACHILAS
2017,7,22.161290322580644,21.6,SANTO DOMINGO DE LOS TSACHILAS
2017,8,22.37741935483871,28.8,SANTO DOMINGO DE LOS TSACHILAS
2017,9,22.546666666666667,55.3,SANTO DOMINGO DE LOS TSACHILAS
2017,10,22.26129032258065,140.70000000000002,SANTO DOMINGO DE LOS TSACHILAS
2017,11,21.876666666666665,31.2,SANTO DOMINGO DE LOS TSACHILAS
2017,12,22.345161290322583,182.0,SANTO DOMINGO DE LOS TSACHILAS
2018,1,22.43870967741936,173.9,SANTO DOMINGO DE LOS TSACHILAS
2018,2,22.553571428571427,405.0,SANTO DOMINGO DE LOS TSACHILAS
2018,3,23.11935483870968,438.9,SANTO DOMINGO DE LOS TSACHILAS
2018,4,23.166666666666668,327.0,SANTO DOMINGO DE LOS TSACHILAS
2018,5,23.18387096774193,235.6,SANTO DOMINGO DE LOS TSACHILAS
2018,6,22.203333333333333,66.3,SANTO DOMINGO DE LOS TSACHILAS
2018,7,22.003225806451614,98.7,SANTO DOMINGO DE LOS TSACHILAS
2018,8,22.05806451612903,57.1,SANTO DOMINGO DE LOS TSACHILAS
2018,9,22.35333333333333,71.1,SANTO DOMINGO DE LOS TSACHILAS
2018,10,22.461290322580645,39.5,SANTO DOMINGO DE LOS TSACHILAS
2018,11,22.876666666666665,198.7,SANTO DOMINGO DE LOS TSACHILAS
2018,12,22.52258064516129,370.4,SANTO DOMINGO DE LOS TSACHILAS
2019,1,22.92258064516129,378.4,SANTO DOMINGO DE LOS TSACHILAS
2019,2,23.52142857142857,440.2,SANTO DOMINGO DE LOS TSACHILAS
2019,3,23.751612903225805,552.9,SANTO DOMINGO DE LOS TSACHILAS
2019,4,23.7,499.7,SANTO DOMINGO DE LOS TSACHILAS
2019,5,23.55483870967742,418.4,SANTO DOMINGO DE LOS TSACHILAS
2019,6,22.976666666666667,117.1,SANTO DOMINGO DE LOS TSACHILAS
2019,7,22.30322580645161,63.8,SANTO DOMINGO DE LOS TSACHILAS
2019,8,22.02258064516129,49.4,SANTO DOMINGO DE LOS TSACHILAS
2019,9,22.47,97.4,SANTO DOMINGO DE LOS TSACHILAS
2019,10,22.306451612903224,135.0,SANTO DOMINGO DE LOS TSACHILAS
2019,11,22.56,151.0,SANTO DOMINGO DE LOS TSACHILAS
2019,12,22.887096774193548,197.2,SANTO DOMINGO DE LOS TSACHILAS
2020,1,23.13225806451613,425.7,SANTO DOMINGO DE LOS TSACHILAS
2020,2,23.56896551724138,348.2,SANTO DOMINGO DE LOS TSACHILAS
2020,3,23.52258064516129,544.4,SANTO DOMINGO DE LOS TSACHILAS
2020,4,23.696666666666665,300.3,SANTO DOMINGO DE LOS TSACHILAS
2020,5,23.46451612903226,198.5,SANTO DOMINGO DE LOS TSACHILAS
2020,6,22.31,101.7,SANTO DOMINGO DE LOS TSACHILAS
2020,7,22.061290322580643,62.6,SANTO DOMINGO DE LOS TSACHILAS
2020,8,21.74516129032258,40.8,SANTO DOMINGO DE LOS TSACHILAS
2020,9,21.93,49.6,SANTO DOMINGO DE LOS TSACHILAS
2020,10,22.3,64.8,SANTO DOMINGO DE LOS TSACHILAS
2020,11,21.90333333333333,48.5,SANTO DOMINGO DE LOS TSACHILAS
2020,12,22.41290322580645,265.2,SANTO DOMINGO DE LOS TSACHILAS
2021,1,22.561290322580643,681.7,SANTO DOMINGO DE LOS TSACHILAS
2021,2,22.957142857142856,402.2,SANTO DOMINGO DE LOS TSACHILAS
2021,3,22.94516129032258,493.7,SANTO DOMINGO DE LOS TSACHILAS
2021,4,23.126666666666665,659.6,SANTO DOMINGO DE LOS TSACHILAS
2021,5,22.65806451612903,222.6,SANTO DOMINGO DE LOS TSACHILAS
2021,6,22.316666666666663,134.0,SANTO DOMINGO DE LOS TSACHILAS
2021,7,22.05161290322581,28.9,SANTO DOMINGO DE LOS TSACHILAS
2021,8,22.041935483870965,51.2,SANTO DOMINGO DE LOS TSACHILAS
2021,9,21.85,68.7,SANTO DOMINGO DE LOS TSACHILAS
2021,10,22.19032258064516,105.9,SANTO DOMINGO DE LOS TSACHILAS
2021,11,21.683333333333334,85.3,SANTO DOMINGO DE LOS TSACHILAS
2021,12,21.993548387096773,225.9,SANTO DOMINGO DE LOS TSACHILAS
2022,1,22.274193548387096,375.0,SANTO DOMINGO DE LOS TSACHILAS
2022,2,22.325,450.5,SANTO DOMINGO DE LOS TSACHILAS
2022,3,22.94516129032258,693.1,SANTO DOMINGO DE LOS TSACHILAS
2022,4,22.89333333333333,423.1,SANTO DOMINGO DE LOS TSACHILAS
2022,5,22.67419354838709,228.8,SANTO DOMINGO DE LOS TSACHILAS
2022,6,21.816666666666663,101.5,SANTO DOMINGO DE LOS TSACHILAS
2022,7,21.625806451612902,47.2,SANTO DOMINGO DE LOS TSACHILAS
2022,8,21.86774193548387,27.6,SANTO DOMINGO DE LOS TSACHILAS
2022,9,21.96333333333333,34.8,SANTO DOMINGO DE LOS TSACHILAS
2022,10,21.874193548387098,23.0,SANTO DOMINGO DE LOS TSACHILAS
2022,11,22.15666666666667,40.1,SANTO DOMINGO DE LOS TSACHILAS
2022,12,22.432258064516127,165.2,SANTO DOMINGO DE LOS TSACHILAS
2023,1,22.348387096774196,462.5,SANTO DOMINGO DE LOS TSACHILAS
2023,2,22.975,256.3,SANTO DOMINGO DE LOS TSACHILAS
2023,3,22.990322580645163,671.6,SANTO DOMINGO DE LOS TSACHILAS
2023,4,23.473333333333336,717.6,SANTO DOMINGO DE LOS TSACHILAS
2023,5,23.906451612903226,360.4,SANTO DOMINGO DE LOS TSACHILAS
2023,6,23.39,140.79999999999998,SANTO DOMINGO DE LOS TSACHILAS
2023,7,23.53548387096774,106.8,SANTO DOMINGO DE LOS TSACHILAS
2023,8,23.664516129032258,40.8,SANTO DOMINGO DE LOS TSACHILAS
2023,9,23.953333333333333,49.9,SANTO DOMINGO DE LOS TSACHILAS
2023,10,23.738709677419354,295.2,SANTO DOMINGO DE LOS TSACHILAS
2023,11,23.346666666666668,205.1,SANTO DOMINGO DE LOS TSACHILAS
2023,12,23.44516129032258,342.8,SANTO DOMINGO DE LOS TSACHILAS
2024,1,23.82903225806452,350.6,SANTO DOMINGO DE LOS TSACHILAS
2024,2,24.013793103448275,499.5,SANTO DOMINGO DE LOS TSACHILAS
2024,3,24.32258064516129,304.4,SANTO DOMINGO DE LOS TSACHILAS
2024,4,23.966666666666665,613.5,SANTO DOMINGO DE LOS TSACHILAS
2024,5,23.92258064516129,286.2,SANTO DOMINGO DE LOS TSACHILAS
2024,6,23.1,126.3,SANTO DOMINGO DE LOS TSACHILAS
2024,7,22.52258064516129,48.1,SANTO DOMINGO DE LOS TSACHILAS
2024,8,22.638709677419357,15.4,SANTO DOMINGO DE LOS TSACHILAS
2024,9,23.633333333333333,5.9,SANTO DOMINGO DE LOS TSACHILAS
2024,10,23.825806451612905,37.7,SANTO DOMINGO DE LOS TSACHILAS
2024,11,23.80666666666667,20.7,SANTO DOMINGO DE LOS TSACHILAS
2024,12,23.09354838709677,240.5,SANTO DOMINGO DE LOS TSACHILAS
2025,1,22.76774193548387,346.8,SANTO DOMINGO DE LOS TSACHILAS
2025,2,22.77857142857143,716.4,SANTO DOMINGO DE LOS TSACHILAS
2025,3,23.15806451612903,687.7,SANTO DOMINGO DE LOS TSACHILAS
2025,4,23.506666666666668,557.1,SANTO DOMINGO DE LOS TSACHILAS
2025,5,23.296774193548387,313.0,SANTO DOMINGO DE LOS TSACHILAS
2025,6,22.87,137.3,SANTO DOMINGO DE LOS TSACHILAS
2025,7,22.64516129032258,51.0,SANTO DOMINGO DE LOS TSACHILAS
2025,8,22.57741935483871,37.6,SANTO DOMINGO DE LOS TSACHILAS
2025,9,22.71333333333333,52.6,SANTO DOMINGO DE LOS TSACHILAS
2025,10,22.58709677419355,147.5,SANTO DOMINGO DE LOS TSACHILAS
2025,11,22.63,189.7,SANTO DOMINGO DE LOS TSACHILAS
2025,12,22.65806451612903,71.8,SANTO DOMINGO DE LOS TSACHILAS
2026,1,22.85483870967742,301.8,SANTO DOMINGO DE LOS TSACHILAS
2026,2,23.05,439.5,SANTO DOMINGO DE LOS TSACHILAS
2026,3,23.72258064516129,523.6,SANTO DOMINGO DE LOS TSACHILAS
2026,4,23.72,352.5,SANTO DOMINGO DE LOS TSACHILAS
2026,5,23.967741935483872,195.3,SANTO DOMINGO DE LOS TSACHILAS
2026,6,23.736666666666668,187.2,SANTO DOMINGO DE LOS TSACHILAS
2012,1,12.97741935483871,319.6,TUNGURAHUA
2012,2,12.817241379310344,280.7,TUNGURAHUA
2012,3,12.290322580645162,205.0,TUNGURAHUA
2012,4,13.086666666666668,230.0,TUNGURAHUA
2012,5,12.116129032258064,157.4,TUNGURAHUA
2012,6,11.683333333333334,151.9,TUNGURAHUA
2012,7,11.180645161290323,189.2,TUNGURAHUA
2012,8,11.493548387096777,150.5,TUNGURAHUA
2012,9,11.826666666666666,116.4,TUNGURAHUA
2012,10,13.196774193548388,213.6,TUNGURAHUA
2012,11,13.63,194.3,TUNGURAHUA
2012,12,13.319354838709677,158.6,TUNGURAHUA
2013,1,13.216129032258063,154.4,TUNGURAHUA
2013,2,13.217857142857143,325.1,TUNGURAHUA
2013,3,13.541935483870969,238.8,TUNGURAHUA
2013,4,13.233333333333333,133.8,TUNGURAHUA
2013,5,12.996774193548386,155.4,TUNGURAHUA
2013,6,11.996666666666666,128.0,TUNGURAHUA
2013,7,11.035483870967743,215.3,TUNGURAHUA
2013,8,11.712903225806452,148.5,TUNGURAHUA
2013,9,12.556666666666668,105.8,TUNGURAHUA
2013,10,13.183870967741935,143.6,TUNGURAHUA
2013,11,13.756666666666666,195.1,TUNGURAHUA
2013,12,13.325806451612904,196.1,TUNGURAHUA
2014,1,13.161290322580646,166.8,TUNGURAHUA
2014,2,13.367857142857144,137.7,TUNGURAHUA
2014,3,13.261290322580646,269.7,TUNGURAHUA
2014,4,12.913333333333332,145.9,TUNGURAHUA
2014,5,13.19032258064516,205.0,TUNGURAHUA
2014,6,11.78,204.1,TUNGURAHUA
2014,7,11.216129032258063,185.5,TUNGURAHUA
2014,8,11.338709677419354,133.7,TUNGURAHUA
2014,9,12.6,71.0,TUNGURAHUA
2014,10,12.890322580645162,186.6,TUNGURAHUA
2014,11,13.5,217.5,TUNGURAHUA
2014,12,13.238709677419354,202.5,TUNGURAHUA
2015,1,12.751612903225809,194.7,TUNGURAHUA
2015,2,13.45,144.4,TUNGURAHUA
2015,3,13.625806451612902,280.4,TUNGURAHUA
2015,4,12.92,198.6,TUNGURAHUA
2015,5,12.858064516129032,163.1,TUNGURAHUA
2015,6,11.663333333333332,237.6,TUNGURAHUA
2015,7,11.73225806451613,166.5,TUNGURAHUA
2015,8,12.258064516129032,113.9,TUNGURAHUA
2015,9,13.106666666666666,76.2,TUNGURAHUA
2015,10,13.403225806451612,151.7,TUNGURAHUA
2015,11,13.756666666666666,164.0,TUNGURAHUA
2015,12,13.03225806451613,114.9,TUNGURAHUA
2016,1,14.28064516129032,165.8,TUNGURAHUA
2016,2,14.10344827586207,184.7,TUNGURAHUA
2016,3,14.27741935483871,221.6,TUNGURAHUA
2016,4,14.096666666666666,217.8,TUNGURAHUA
2016,5,13.438709677419356,149.7,TUNGURAHUA
2016,6,11.68,240.1,TUNGURAHUA
2016,7,11.55483870967742,141.8,TUNGURAHUA
2016,8,12.025806451612905,92.4,TUNGURAHUA
2016,9,12.72,135.0,TUNGURAHUA
2016,10,13.712903225806452,165.4,TUNGURAHUA
2016,11,14.66,151.5,TUNGURAHUA
2016,12,13.574193548387097,209.7,TUNGURAHUA
2017,1,13.34516129032258,106.2,TUNGURAHUA
2017,2,13.710714285714284,63.2,TUNGURAHUA
2017,3,13.574193548387097,95.0,TUNGURAHUA
2017,4,13.56,66.6,TUNGURAHUA
2017,5,13.461290322580645,82.3,TUNGURAHUA
2017,6,12.966666666666669,71.1,TUNGURAHUA
2017,7,11.6,104.1,TUNGURAHUA
2017,8,12.496774193548386,30.9,TUNGURAHUA
2017,9,13.033333333333331,11.3,TUNGURAHUA
2017,10,13.80967741935484,47.9,TUNGURAHUA
2017,11,14.363333333333332,54.4,TUNGURAHUA
2017,12,14.161290322580646,64.4,TUNGURAHUA
2018,1,13.13225806451613,81.1,TUNGURAHUA
2018,2,14.053571428571429,37.2,TUNGURAHUA
2018,3,14.235483870967744,33.4,TUNGURAHUA
2018,4,13.526666666666667,51.0,TUNGURAHUA
2018,5,13.416129032258064,88.0,TUNGURAHUA
2018,6,12.18,83.0,TUNGURAHUA
2018,7,12.109677419354838,69.2,TUNGURAHUA
2018,8,11.838709677419354,66.7,TUNGURAHUA
2018,9,13.013333333333332,25.1,TUNGURAHUA
2018,10,14.696774193548388,28.7,TUNGURAHUA
2018,11,14.713333333333331,67.1,TUNGURAHUA
2018,12,13.312903225806451,39.7,TUNGURAHUA
2019,1,13.80967741935484,63.7,TUNGURAHUA
2019,2,14.185714285714283,37.8,TUNGURAHUA
2019,3,14.49032258064516,24.6,TUNGURAHUA
2019,4,14.483333333333333,38.2,TUNGURAHUA
2019,5,13.580645161290322,86.7,TUNGURAHUA
2019,6,12.556666666666668,160.6,TUNGURAHUA
2019,7,11.841935483870968,96.3,TUNGURAHUA
2019,8,11.783870967741937,100.3,TUNGURAHUA
2019,9,13.046666666666663,23.6,TUNGURAHUA
2019,10,13.141935483870968,55.9,TUNGURAHUA
2019,11,14.41,35.6,TUNGURAHUA
2019,12,13.99032258064516,68.7,TUNGURAHUA
2020,1,14.28064516129032,94.3,TUNGURAHUA
2020,2,14.489655172413793,40.6,TUNGURAHUA
2020,3,14.803225806451612,35.8,TUNGURAHUA
2020,4,13.813333333333333,96.9,TUNGURAHUA
2020,5,13.5,91.3,TUNGURAHUA
2020,6,12.793333333333331,99.4,TUNGURAHUA
2020,7,12.216129032258063,54.9,TUNGURAHUA
2020,8,12.687096774193549,44.2,TUNGURAHUA
2020,9,13.016666666666667,33.0,TUNGURAHUA
2020,10,13.46774193548387,23.6,TUNGURAHUA
2020,11,14.303333333333336,43.2,TUNGURAHUA
2020,12,13.729032258064516,49.6,TUNGURAHUA
2021,1,13.070967741935483,79.9,TUNGURAHUA
2021,2,14.096428571428572,56.6,TUNGURAHUA
2021,3,13.24516129032258,63.6,TUNGURAHUA
2021,4,13.36,63.3,TUNGURAHUA
2021,5,13.109677419354838,83.2,TUNGURAHUA
2021,6,12.46,100.8,TUNGURAHUA
2021,7,11.71935483870968,61.9,TUNGURAHUA
2021,8,12.33548387096774,38.3,TUNGURAHUA
2021,9,12.606666666666666,36.7,TUNGURAHUA
2021,10,13.819354838709677,84.9,TUNGURAHUA
2021,11,13.813333333333333,157.7,TUNGURAHUA
2021,12,13.8,136.1,TUNGURAHUA
2022,1,13.922580645161291,72.0,TUNGURAHUA
2022,2,13.560714285714283,130.2,TUNGURAHUA
2022,3,13.325806451612904,110.0,TUNGURAHUA
2022,4,13.366666666666667,55.3,TUNGURAHUA
2022,5,13.158064516129032,47.0,TUNGURAHUA
2022,6,12.373333333333331,61.0,TUNGURAHUA
2022,7,12.167741935483871,83.4,TUNGURAHUA
2022,8,12.216129032258063,57.3,TUNGURAHUA
2022,9,13.096666666666666,33.7,TUNGURAHUA
2022,10,13.84516129032258,67.9,TUNGURAHUA
2022,11,13.93,47.1,TUNGURAHUA
2022,12,13.793548387096775,62.0,TUNGURAHUA
2023,1,13.17741935483871,67.2,TUNGURAHUA
2023,2,13.967857142857143,41.7,TUNGURAHUA
2023,3,13.641935483870968,116.0,TUNGURAHUA
2023,4,13.476666666666668,112.0,TUNGURAHUA
2023,5,14.064516129032258,50.2,TUNGURAHUA
2023,6,12.973333333333333,31.9,TUNGURAHUA
2023,7,12.961290322580645,47.6,TUNGURAHUA
2023,8,12.938709677419356,44.3,TUNGURAHUA
2023,9,13.726666666666668,17.1,TUNGURAHUA
2023,10,14.661290322580646,65.3,TUNGURAHUA
2023,11,14.616666666666667,69.7,TUNGURAHUA
2023,12,14.393548387096772,121.0,TUNGURAHUA
2024,1,14.290322580645162,88.8,TUNGURAHUA
2024,2,14.865517241379312,126.3,TUNGURAHUA
2024,3,14.78064516129032,65.60000000000001,TUNGURAHUA
2024,4,14.603333333333332,58.6,TUNGURAHUA
2024,5,14.593548387096773,67.9,TUNGURAHUA
2024,6,13.536666666666669,75.5,TUNGURAHUA
2024,7,12.69032258064516,42.8,TUNGURAHUA
2024,8,12.974193548387095,26.7,TUNGURAHUA
2024,9,13.403333333333334,31.6,TUNGURAHUA
2024,10,14.603225806451611,61.9,TUNGURAHUA
2024,11,14.826666666666666,50.9,TUNGURAHUA
2024,12,14.041935483870969,166.0,TUNGURAHUA
2025,1,13.54516129032258,166.6,TUNGURAHUA
2025,2,13.928571428571429,135.7,TUNGURAHUA
2025,3,13.67741935483871,163.7,TUNGURAHUA
2025,4,14.256666666666666,57.9,TUNGURAHUA
2025,5,13.36451612903226,72.3,TUNGURAHUA
2025,6,12.98,77.7,TUNGURAHUA
2025,7,11.667741935483871,156.9,TUNGURAHUA
2025,8,12.470967741935484,64.1,TUNGURAHUA
2025,9,13.073333333333332,39.6,TUNGURAHUA
2025,10,13.419354838709678,58.0,TUNGURAHUA
2025,11,13.523333333333332,96.2,TUNGURAHUA
2025,12,14.241935483870968,46.2,TUNGURAHUA
2026,1,13.99032258064516,126.9,TUNGURAHUA
2026,2,13.482142857142858,94.6,TUNGURAHUA
2026,3,14.83548387096774,51.5,TUNGURAHUA
2026,4,14.526666666666667,80.89999999999999,TUNGURAHUA
2026,5,14.419354838709678,56.7,TUNGURAHUA
2026,6,13.756666666666666,77.3,TUNGURAHUA
2012,1,13.880645161290325,256.2,AZUAY
2012,2,13.544827586206896,271.4,AZUAY
2012,3,13.27741935483871,177.2,AZUAY
2012,4,13.866666666666667,151.2,AZUAY
2012,5,12.887096774193548,92.5,AZUAY
2012,6,12.36,58.7,AZUAY
2012,7,11.758064516129032,68.1,AZUAY
2012,8,12.077419354838709,88.4,AZUAY
2012,9,12.563333333333333,76.4,AZUAY
2012,10,13.993548387096777,176.4,AZUAY
2012,11,14.683333333333334,235.2,AZUAY
2012,12,14.212903225806452,127.9,AZUAY
2013,1,14.329032258064515,125.5,AZUAY
2013,2,14.153571428571428,237.8,AZUAY
2013,3,14.341935483870968,188.7,AZUAY
2013,4,14.116666666666667,71.5,AZUAY
2013,5,13.970967741935484,112.8,AZUAY
2013,6,12.723333333333333,67.7,AZUAY
2013,7,11.506451612903223,108.8,AZUAY
2013,8,12.25483870967742,72.1,AZUAY
2013,9,12.963333333333331,46.0,AZUAY
2013,10,13.993548387096777,116.9,AZUAY
2013,11,14.743333333333334,179.70000000000002,AZUAY
2013,12,14.306451612903226,165.3,AZUAY
2014,1,14.061290322580644,199.5,AZUAY
2014,2,14.30714285714286,137.3,AZUAY
2014,3,13.983870967741936,246.9,AZUAY
2014,4,13.6,81.1,AZUAY
2014,5,13.958064516129031,163.9,AZUAY
2014,6,12.356666666666666,54.7,AZUAY
2014,7,11.880645161290325,69.7,AZUAY
2014,8,11.84516129032258,48.6,AZUAY
2014,9,13.526666666666667,34.9,AZUAY
2014,10,13.80967741935484,140.9,AZUAY
2014,11,14.383333333333333,251.3,AZUAY
2014,12,14.02258064516129,155.9,AZUAY
2015,1,13.587096774193547,174.0,AZUAY
2015,2,14.139285714285714,108.4,AZUAY
2015,3,14.23225806451613,257.4,AZUAY
2015,4,13.6,169.0,AZUAY
2015,5,13.5,80.8,AZUAY
2015,6,12.07,96.4,AZUAY
2015,7,12.312903225806451,64.6,AZUAY
2015,8,12.687096774193549,30.1,AZUAY
2015,9,13.946666666666664,31.700000000000003,AZUAY
2015,10,14.374193548387098,109.9,AZUAY
2015,11,14.86,79.4,AZUAY
2015,12,14.23225806451613,49.3,AZUAY
2016,1,15.729032258064516,141.1,AZUAY
2016,2,15.048275862068964,171.1,AZUAY
2016,3,15.067741935483872,191.6,AZUAY
2016,4,14.853333333333332,214.7,AZUAY
2016,5,14.064516129032258,101.6,AZUAY
2016,6,12.486666666666668,130.2,AZUAY
2016,7,12.209677419354838,43.7,AZUAY
2016,8,12.574193548387097,40.1,AZUAY
2016,9,13.73,46.2,AZUAY
2016,10,14.493548387096777,168.5,AZUAY
2016,11,14.926666666666668,151.9,AZUAY
2016,12,14.3,214.2,AZUAY
2017,1,13.380645161290325,175.4,AZUAY
2017,2,13.725,144.9,AZUAY
2017,3,13.787096774193548,191.5,AZUAY
2017,4,14.103333333333332,235.9,AZUAY
2017,5,13.90967741935484,175.2,AZUAY
2017,6,13.61,166.3,AZUAY
2017,7,12.658064516129032,119.6,AZUAY
2017,8,13.161290322580646,90.1,AZUAY
2017,9,13.723333333333333,125.0,AZUAY
2017,10,13.703225806451613,172.2,AZUAY
2017,11,13.826666666666666,80.1,AZUAY
2017,12,14.119354838709675,109.6,AZUAY
2018,1,13.438709677419356,172.1,AZUAY
2018,2,14.117857142857144,188.1,AZUAY
2018,3,14.390322580645162,120.2,AZUAY
2018,4,13.35,137.1,AZUAY
2018,5,13.438709677419356,257.6,AZUAY
2018,6,13.313333333333333,177.0,AZUAY
2018,7,13.087096774193547,110.1,AZUAY
2018,8,13.016129032258064,92.6,AZUAY
2018,9,13.463333333333331,95.9,AZUAY
2018,10,13.922580645161291,72.0,AZUAY
2018,11,14.166666666666666,105.2,AZUAY
2018,12,13.758064516129032,157.6,AZUAY
2019,1,14.067741935483872,187.5,AZUAY
2019,2,14.475,225.6,AZUAY
2019,3,14.570967741935483,276.7,AZUAY
2019,4,14.326666666666666,167.5,AZUAY
2019,5,13.812903225806451,183.1,AZUAY
2019,6,13.486666666666668,140.9,AZUAY
2019,7,13.064516129032258,151.3,AZUAY
2019,8,12.996774193548386,99.5,AZUAY
2019,9,13.82,76.8,AZUAY
2019,10,13.53225806451613,177.1,AZUAY
2019,11,13.956666666666669,101.2,AZUAY
2019,12,14.5,139.8,AZUAY
2020,1,14.251612903225809,127.9,AZUAY
2020,2,14.751724137931037,127.2,AZUAY
2020,3,14.561290322580644,175.8,AZUAY
2020,4,14.28,270.3,AZUAY
2020,5,14.23225806451613,243.2,AZUAY
2020,6,13.456666666666669,156.79999999999998,AZUAY
2020,7,12.887096774193548,136.1,AZUAY
2020,8,13.348387096774196,50.1,AZUAY
2020,9,13.43,123.7,AZUAY
2020,10,13.274193548387096,120.8,AZUAY
2020,11,13.423333333333334,78.4,AZUAY
2020,12,13.612903225806452,203.1,AZUAY
2021,1,13.519354838709678,181.3,AZUAY
2021,2,14.175,190.8,AZUAY
2021,3,13.52258064516129,133.5,AZUAY
2021,4,13.746666666666666,202.4,AZUAY
2021,5,13.706451612903225,210.6,AZUAY
2021,6,13.206666666666669,155.0,AZUAY
2021,7,12.980645161290322,129.9,AZUAY
2021,8,12.870967741935484,122.0,AZUAY
2021,9,13.243333333333334,103.5,AZUAY
2021,10,13.46774193548387,195.4,AZUAY
2021,11,13.366666666666667,121.2,AZUAY
2021,12,14.00967741935484,190.7,AZUAY
2022,1,13.50967741935484,140.70000000000002,AZUAY
2022,2,13.728571428571428,178.8,AZUAY
2022,3,13.47741935483871,217.3,AZUAY
2022,4,13.463333333333331,292.3,AZUAY
2022,5,13.49032258064516,251.1,AZUAY
2022,6,12.443333333333332,191.4,AZUAY
2022,7,12.741935483870968,207.6,AZUAY
2022,8,12.596774193548388,140.5,AZUAY
2022,9,12.826666666666666,110.2,AZUAY
2022,10,13.12258064516129,143.8,AZUAY
2022,11,12.97,83.7,AZUAY
2022,12,13.35483870967742,100.4,AZUAY
2023,1,13.158064516129032,168.9,AZUAY
2023,2,13.957142857142856,195.4,AZUAY
2023,3,13.52258064516129,238.8,AZUAY
2023,4,13.66,229.6,AZUAY
2023,5,14.26774193548387,179.9,AZUAY
2023,6,13.483333333333333,157.5,AZUAY
2023,7,13.148387096774194,130.0,AZUAY
2023,8,13.035483870967743,130.4,AZUAY
2023,9,13.853333333333332,60.7,AZUAY
2023,10,14.312903225806451,130.5,AZUAY
2023,11,14.376666666666669,116.7,AZUAY
2023,12,14.896774193548389,224.8,AZUAY
2024,1,15.04516129032258,203.3,AZUAY
2024,2,14.56206896551724,199.0,AZUAY
2024,3,14.638709677419357,141.0,AZUAY
2024,4,14.573333333333332,197.1,AZUAY
2024,5,14.429032258064517,228.1,AZUAY
2024,6,13.503333333333334,194.2,AZUAY
2024,7,13.329032258064515,126.5,AZUAY
2024,8,13.338709677419354,72.8,AZUAY
2024,9,14.136666666666663,84.9,AZUAY
2024,10,14.483870967741936,129.29999999999998,AZUAY
2024,11,14.77,49.5,AZUAY
2024,12,14.329032258064515,223.9,AZUAY
2025,1,13.787096774193548,173.9,AZUAY
2025,2,13.821428571428571,306.6,AZUAY
2025,3,13.638709677419357,240.8,AZUAY
2025,4,13.936666666666667,271.9,AZUAY
2025,5,13.112903225806452,212.4,AZUAY
2025,6,13.12,179.3,AZUAY
2025,7,12.741935483870968,124.4,AZUAY
2025,8,12.816129032258065,88.9,AZUAY
2025,9,13.066666666666666,150.3,AZUAY
2025,10,13.290322580645162,209.4,AZUAY
2025,11,14.04,238.7,AZUAY
2025,12,13.606451612903228,77.9,AZUAY
2026,1,13.929032258064517,241.7,AZUAY
2026,2,13.610714285714286,192.2,AZUAY
2026,3,14.23225806451613,113.1,AZUAY
2026,4,14.07,155.7,AZUAY
2026,5,14.390322580645162,238.6,AZUAY
2026,6,13.74,136.1,AZUAY
2012,1,24.5258064516129,372.6,GUAYAS
2012,2,24.54137931034483,575.1,GUAYAS
2012,3,25.280645161290323,545.0,GUAYAS
2012,4,25.63,373.3,GUAYAS
2012,5,24.864516129032257,288.2,GUAYAS
2012,6,24.476666666666667,112.8,GUAYAS
2012,7,23.54516129032258,88.8,GUAYAS
2012,8,23.364516129032257,44.9,GUAYAS
2012,9,23.35333333333333,60.0,GUAYAS
2012,10,23.4741935483871,38.8,GUAYAS
2012,11,23.863333333333333,55.2,GUAYAS
2012,12,25.061290322580643,45.6,GUAYAS
2013,1,24.72903225806452,220.0,GUAYAS
2013,2,24.932142857142857,422.5,GUAYAS
2013,3,25.43870967741936,485.0,GUAYAS
2013,4,25.13,268.6,GUAYAS
2013,5,23.93548387096774,166.0,GUAYAS
2013,6,23.32,51.6,GUAYAS
2013,7,22.467741935483872,43.2,GUAYAS
2013,8,22.848387096774196,47.5,GUAYAS
2013,9,23.196666666666665,45.1,GUAYAS
2013,10,23.625806451612902,47.1,GUAYAS
2013,11,23.773333333333333,32.7,GUAYAS
2013,12,24.738709677419354,41.7,GUAYAS
2014,1,25.003225806451614,292.4,GUAYAS
2014,2,25.04642857142857,154.0,GUAYAS
2014,3,25.370967741935484,267.4,GUAYAS
2014,4,25.28333333333333,284.9,GUAYAS
2014,5,25.13225806451613,366.4,GUAYAS
2014,6,24.7,128.5,GUAYAS
2014,7,24.24516129032258,89.9,GUAYAS
2014,8,23.496774193548383,135.3,GUAYAS
2014,9,23.23,91.9,GUAYAS
2014,10,23.493548387096773,114.7,GUAYAS
2014,11,24.386666666666667,8.4,GUAYAS
2014,12,25.61935483870968,56.6,GUAYAS
2015,1,25.216129032258067,258.40000000000003,GUAYAS
2015,2,25.6,173.3,GUAYAS
2015,3,25.432258064516127,390.8,GUAYAS
2015,4,25.57,540.6,GUAYAS
2015,5,25.583870967741937,434.7,GUAYAS
2015,6,25.226666666666667,207.0,GUAYAS
2015,7,24.67419354838709,197.7,GUAYAS
2015,8,24.14516129032258,65.3,GUAYAS
2015,9,24.836666666666662,57.9,GUAYAS
2015,10,24.44516129032258,148.1,GUAYAS
2015,11,25.03666666666667,69.5,GUAYAS
2015,12,25.82258064516129,209.5,GUAYAS
2016,1,26.0258064516129,252.1,GUAYAS
2016,2,25.872413793103448,431.3,GUAYAS
2016,3,25.93548387096774,393.7,GUAYAS
2016,4,25.99333333333333,342.20000000000005,GUAYAS
2016,5,25.661290322580644,118.2,GUAYAS
2016,6,24.383333333333333,83.8,GUAYAS
2016,7,24.00967741935484,102.0,GUAYAS
2016,8,23.8,45.4,GUAYAS
2016,9,23.936666666666667,116.7,GUAYAS
2016,10,24.06451612903226,7.9,GUAYAS
2016,11,24.796666666666667,9.4,GUAYAS
2016,12,25.780645161290323,65.5,GUAYAS
2017,1,25.654838709677417,267.7,GUAYAS
2017,2,26.039285714285715,446.1,GUAYAS
2017,3,26.23225806451613,776.6999999999999,GUAYAS
2017,4,26.49333333333333,440.1,GUAYAS
2017,5,26.067741935483877,112.8,GUAYAS
2017,6,24.65666666666667,20.4,GUAYAS
2017,7,23.72903225806452,0.5,GUAYAS
2017,8,23.55161290322581,0.7,GUAYAS
2017,9,23.816666666666663,3.0,GUAYAS
2017,10,24.135483870967743,16.0,GUAYAS
2017,11,23.386666666666667,15.7,GUAYAS
2017,12,25.096774193548388,27.5,GUAYAS
2018,1,25.706451612903223,49.8,GUAYAS
2018,2,25.510714285714283,287.9,GUAYAS
2018,3,25.961290322580645,104.5,GUAYAS
2018,4,26.07,67.9,GUAYAS
2018,5,25.24516129032258,86.89999999999999,GUAYAS
2018,6,23.69333333333333,9.0,GUAYAS
2018,7,23.38064516129032,4.1,GUAYAS
2018,8,23.287096774193547,0.2,GUAYAS
2018,9,23.796666666666667,2.8,GUAYAS
2018,10,23.470967741935485,7.3,GUAYAS
2018,11,24.32,26.3,GUAYAS
2018,12,25.10967741935484,47.3,GUAYAS
2019,1,25.638709677419357,361.7,GUAYAS
2019,2,26.189285714285717,305.1,GUAYAS
2019,3,26.39032258064516,204.0,GUAYAS
2019,4,26.5,117.6,GUAYAS
2019,5,25.92258064516129,29.3,GUAYAS
2019,6,25.023333333333333,6.3,GUAYAS
2019,7,23.90967741935484,4.6,GUAYAS
2019,8,22.932258064516127,0.3,GUAYAS
2019,9,23.21,2.3,GUAYAS
2019,10,23.80967741935484,2.7,GUAYAS
2019,11,24.34,45.7,GUAYAS
2019,12,25.345161290322583,24.5,GUAYAS
2020,1,26.23225806451613,172.5,GUAYAS
2020,2,26.486206896551725,210.6,GUAYAS
2020,3,26.38387096774193,255.7,GUAYAS
2020,4,26.236666666666668,91.5,GUAYAS
2020,5,25.929032258064517,4.2,GUAYAS
2020,6,24.706666666666667,4.8,GUAYAS
2020,7,23.774193548387096,6.9,GUAYAS
2020,8,23.070967741935487,1.9,GUAYAS
2020,9,23.46,0.0,GUAYAS
2020,10,24.27741935483871,0.2,GUAYAS
2020,11,23.793333333333333,1.6,GUAYAS
2020,12,24.73225806451613,76.8,GUAYAS
2021,1,25.39354838709677,151.0,GUAYAS
2021,2,25.942857142857143,168.9,GUAYAS
2021,3,25.783870967741933,476.3,GUAYAS
2021,4,25.88,84.1,GUAYAS
2021,5,24.52258064516129,5.3,GUAYAS
2021,6,24.133333333333333,4.0,GUAYAS
2021,7,23.5,0.8,GUAYAS
2021,8,23.296774193548387,2.1,GUAYAS
2021,9,23.45,3.6,GUAYAS
2021,10,23.961290322580645,7.9,GUAYAS
2021,11,23.526666666666664,2.2,GUAYAS
2021,12,24.783870967741933,5.3,GUAYAS
2022,1,25.429032258064517,203.9,GUAYAS
2022,2,25.50714285714286,199.1,GUAYAS
2022,3,25.741935483870968,356.5,GUAYAS
2022,4,25.44333333333333,80.2,GUAYAS
2022,5,24.59032258064516,11.7,GUAYAS
2022,6,23.74333333333333,7.899999999999999,GUAYAS
2022,7,23.25483870967742,2.0,GUAYAS
2022,8,23.364516129032257,1.5,GUAYAS
2022,9,23.116666666666667,0.6000000000000001,GUAYAS
2022,10,23.041935483870965,1.1,GUAYAS
2022,11,23.12333333333333,1.3,GUAYAS
2022,12,24.9,5.6,GUAYAS
2023,1,26.161290322580644,106.2,GUAYAS
2023,2,26.039285714285715,229.5,GUAYAS
2023,3,25.770967741935483,493.3,GUAYAS
2023,4,25.87,484.0,GUAYAS
2023,5,26.580645161290324,126.5,GUAYAS
2023,6,26.06,29.0,GUAYAS
2023,7,26.70967741935484,10.0,GUAYAS
2023,8,26.396774193548385,0.2,GUAYAS
2023,9,26.33,0.0,GUAYAS
2023,10,26.429032258064517,28.0,GUAYAS
2023,11,26.076666666666664,7.7,GUAYAS
2023,12,26.89354838709677,45.0,GUAYAS
2024,1,27.374193548387098,89.7,GUAYAS
2024,2,26.82758620689655,309.1,GUAYAS
2024,3,27.32258064516129,88.3,GUAYAS
2024,4,28.113333333333333,42.9,GUAYAS
2024,5,27.138709677419357,15.5,GUAYAS
2024,6,25.72,7.4,GUAYAS
2024,7,25.18387096774193,4.7,GUAYAS
2024,8,24.51290322580645,1.6,GUAYAS
2024,9,24.416666666666668,0.1,GUAYAS
2024,10,25.200000000000003,1.1,GUAYAS
2024,11,25.006666666666668,0.3,GUAYAS
2024,12,26.9741935483871,58.6,GUAYAS
2025,1,26.55483870967742,51.2,GUAYAS
2025,2,26.014285714285712,601.5,GUAYAS
2025,3,26.203225806451613,631.8,GUAYAS
2025,4,26.676666666666662,253.9,GUAYAS
2025,5,26.016129032258064,49.6,GUAYAS
2025,6,25.19333333333333,16.099999999999998,GUAYAS
2025,7,25.05806451612903,4.0,GUAYAS
2025,8,24.864516129032257,0.7000000000000001,GUAYAS
2025,9,25.30666666666667,1.0,GUAYAS
2025,10,24.82258064516129,27.1,GUAYAS
2025,11,25.36,35.7,GUAYAS
2025,12,26.203225806451613,1.0,GUAYAS
2026,1,26.3,262.1,GUAYAS
2026,2,25.87857142857143,404.0,GUAYAS
2026,3,26.75483870967742,289.2,GUAYAS
2026,4,27.496666666666663,159.1,GUAYAS
2026,5,27.451612903225808,35.7,GUAYAS
2026,6,27.026666666666664,69.9,GUAYAS
2012,1,14.483870967741936,245.2,IMBABURA
2012,2,14.282758620689656,237.4,IMBABURA
2012,3,14.793548387096775,186.8,IMBABURA
2012,4,14.793333333333331,252.9,IMBABURA
2012,5,14.832258064516129,125.6,IMBABURA
2012,6,14.853333333333332,81.8,IMBABURA
2012,7,14.94516129032258,124.5,IMBABURA
2012,8,15.24516129032258,88.5,IMBABURA
2012,9,15.656666666666666,63.9,IMBABURA
2012,10,15.21935483870968,151.2,IMBABURA
2012,11,15.27,150.9,IMBABURA
2012,12,14.935483870967742,138.7,IMBABURA
2013,1,15.658064516129034,75.10000000000001,IMBABURA
2013,2,15.078571428571427,233.0,IMBABURA
2013,3,15.593548387096773,196.9,IMBABURA
2013,4,15.713333333333331,193.1,IMBABURA
2013,5,15.15483870967742,202.3,IMBABURA
2013,6,14.883333333333333,71.7,IMBABURA
2013,7,14.51290322580645,120.8,IMBABURA
2013,8,15.041935483870969,86.6,IMBABURA
2013,9,16.203333333333333,56.0,IMBABURA
2013,10,15.858064516129032,108.7,IMBABURA
2013,11,14.903333333333334,207.3,IMBABURA
2013,12,15.074193548387097,141.6,IMBABURA
2014,1,15.003225806451614,168.6,IMBABURA
2014,2,15.275,99.1,IMBABURA
2014,3,14.76774193548387,261.4,IMBABURA
2014,4,15.48,145.8,IMBABURA
2014,5,15.129032258064516,181.2,IMBABURA
2014,6,14.94,121.9,IMBABURA
2014,7,14.96774193548387,111.6,IMBABURA
2014,8,15.064516129032258,81.4,IMBABURA
2014,9,15.783333333333331,54.8,IMBABURA
2014,10,15.496774193548386,160.4,IMBABURA
2014,11,15.023333333333332,196.0,IMBABURA
2014,12,15.17741935483871,165.7,IMBABURA
2015,1,15.058064516129033,137.3,IMBABURA
2015,2,15.43214285714286,94.7,IMBABURA
2015,3,15.448387096774193,223.1,IMBABURA
2015,4,15.33,155.7,IMBABURA
2015,5,15.541935483870969,110.8,IMBABURA
2015,6,15.063333333333333,150.2,IMBABURA
2015,7,15.3,127.4,IMBABURA
2015,8,15.641935483870968,57.0,IMBABURA
2015,9,16.6,32.9,IMBABURA
2015,10,16.348387096774193,93.1,IMBABURA
2015,11,15.833333333333334,137.0,IMBABURA
2015,12,16.25483870967742,61.4,IMBABURA
2016,1,16.106451612903225,139.6,IMBABURA
2016,2,16.751724137931035,112.3,IMBABURA
2016,3,16.574193548387097,160.8,IMBABURA
2016,4,16.176666666666666,219.5,IMBABURA
2016,5,16.125806451612902,143.4,IMBABURA
2016,6,15.13,150.0,IMBABURA
2016,7,14.790322580645162,97.3,IMBABURA
2016,8,15.67741935483871,45.4,IMBABURA
2016,9,16.276666666666667,93.4,IMBABURA
2016,10,16.067741935483873,118.9,IMBABURA
2016,11,15.91,117.4,IMBABURA
2016,12,15.52258064516129,144.5,IMBABURA
2017,1,15.212903225806452,156.8,IMBABURA
2017,2,15.353571428571428,126.7,IMBABURA
2017,3,15.235483870967744,232.9,IMBABURA
2017,4,15.836666666666668,146.5,IMBABURA
2017,5,15.429032258064517,106.7,IMBABURA
2017,6,15.4,127.1,IMBABURA
2017,7,14.906451612903227,85.8,IMBABURA
2017,8,15.825806451612904,24.4,IMBABURA
2017,9,17.01,19.6,IMBABURA
2017,10,16.448387096774194,97.9,IMBABURA
2017,11,15.613333333333332,130.0,IMBABURA
2017,12,15.535483870967743,132.7,IMBABURA
2018,1,15.064516129032258,175.7,IMBABURA
2018,2,15.24642857142857,174.1,IMBABURA
2018,3,15.735483870967744,73.7,IMBABURA
2018,4,15.27,169.3,IMBABURA
2018,5,15.33548387096774,155.7,IMBABURA
2018,6,15.633333333333333,37.7,IMBABURA
2018,7,15.848387096774196,52.2,IMBABURA
2018,8,15.706451612903225,51.5,IMBABURA
2018,9,16.773333333333333,19.0,IMBABURA
2018,10,16.51290322580645,104.9,IMBABURA
2018,11,15.946666666666664,195.2,IMBABURA
2018,12,15.638709677419357,68.1,IMBABURA
2019,1,15.906451612903227,123.6,IMBABURA
2019,2,16.214285714285715,93.5,IMBABURA
2019,3,16.903225806451612,52.2,IMBABURA
2019,4,16.44,109.1,IMBABURA
2019,5,16.170967741935485,89.7,IMBABURA
2019,6,16.07,105.3,IMBABURA
2019,7,16.058064516129033,66.1,IMBABURA
2019,8,16.193548387096776,74.6,IMBABURA
2019,9,17.083333333333332,34.3,IMBABURA
2019,10,16.50967741935484,50.2,IMBABURA
2019,11,16.193333333333335,129.1,IMBABURA
2019,12,16.09032258064516,142.2,IMBABURA
2020,1,16.261290322580646,95.1,IMBABURA
2020,2,16.86551724137931,76.8,IMBABURA
2020,3,16.516129032258064,199.5,IMBABURA
2020,4,16.076666666666668,165.5,IMBABURA
2020,5,16.43225806451613,70.0,IMBABURA
2020,6,16.27,43.4,IMBABURA
2020,7,16.480645161290322,10.5,IMBABURA
2020,8,17.200000000000003,17.9,IMBABURA
2020,9,17.16,26.3,IMBABURA
2020,10,16.970967741935485,70.6,IMBABURA
2020,11,16.12,83.6,IMBABURA
2020,12,15.738709677419354,98.1,IMBABURA
2021,1,15.303225806451612,76.60000000000001,IMBABURA
2021,2,16.239285714285714,108.4,IMBABURA
2021,3,15.058064516129033,162.2,IMBABURA
2021,4,15.903333333333334,100.5,IMBABURA
2021,5,15.887096774193548,119.3,IMBABURA
2021,6,15.216666666666669,77.0,IMBABURA
2021,7,15.46774193548387,25.9,IMBABURA
2021,8,16.419354838709676,20.2,IMBABURA
2021,9,17.0,28.1,IMBABURA
2021,10,16.635483870967743,112.2,IMBABURA
2021,11,15.043333333333331,218.7,IMBABURA
2021,12,15.238709677419354,169.3,IMBABURA
2022,1,14.816129032258065,153.6,IMBABURA
2022,2,14.546428571428573,208.7,IMBABURA
2022,3,14.783870967741937,302.8,IMBABURA
2022,4,15.156666666666666,276.6,IMBABURA
2022,5,14.941935483870967,294.8,IMBABURA
2022,6,14.246666666666666,207.3,IMBABURA
2022,7,15.067741935483872,91.6,IMBABURA
2022,8,15.593548387096773,24.6,IMBABURA
2022,9,16.52,26.5,IMBABURA
2022,10,15.819354838709677,166.6,IMBABURA
2022,11,15.613333333333332,141.6,IMBABURA
2022,12,14.761290322580646,99.2,IMBABURA
2023,1,14.638709677419357,101.1,IMBABURA
2023,2,16.025,65.4,IMBABURA
2023,3,15.40967741935484,222.6,IMBABURA
2023,4,15.423333333333334,213.3,IMBABURA
2023,5,16.003225806451614,207.3,IMBABURA
2023,6,16.206666666666667,33.800000000000004,IMBABURA
2023,7,17.0258064516129,47.5,IMBABURA
2023,8,17.387096774193548,92.2,IMBABURA
2023,9,18.13,14.6,IMBABURA
2023,10,18.0,134.0,IMBABURA
2023,11,17.386666666666667,170.6,IMBABURA
2023,12,17.361290322580647,137.1,IMBABURA
2024,1,17.548387096774192,52.3,IMBABURA
2024,2,17.3,226.4,IMBABURA
2024,3,17.83225806451613,111.6,IMBABURA
2024,4,17.243333333333332,168.9,IMBABURA
2024,5,16.86774193548387,266.6,IMBABURA
2024,6,16.443333333333335,104.0,IMBABURA
2024,7,16.948387096774194,18.3,IMBABURA
2024,8,17.432258064516127,21.5,IMBABURA
2024,9,17.873333333333335,16.6,IMBABURA
2024,10,17.335483870967742,82.3,IMBABURA
2024,11,16.676666666666666,100.2,IMBABURA
2024,12,16.274193548387096,129.5,IMBABURA
2025,1,16.05483870967742,89.0,IMBABURA
2025,2,15.810714285714283,187.4,IMBABURA
2025,3,15.96774193548387,190.4,IMBABURA
2025,4,16.04,261.6,IMBABURA
2025,5,16.190322580645162,164.2,IMBABURA
2025,6,17.2,48.3,IMBABURA
2025,7,17.16774193548387,62.7,IMBABURA
2025,8,17.780645161290323,43.1,IMBABURA
2025,9,18.086666666666662,48.2,IMBABURA
2025,10,16.612903225806452,191.3,IMBABURA
2025,11,16.146666666666665,170.6,IMBABURA
2025,12,16.49032258064516,55.6,IMBABURA
2026,1,16.148387096774194,178.4,IMBABURA
2026,2,15.69285714285714,132.8,IMBABURA
2026,3,16.52258064516129,160.0,IMBABURA
2026,4,16.836666666666666,153.1,IMBABURA
2026,5,19.11290322580645,47.5,IMBABURA
2026,6,19.25333333333333,25.2,IMBABURA
2012,1,9.819354838709677,404.5,PICHINCHA
2012,2,9.548275862068964,366.9,PICHINCHA
2012,3,10.593548387096773,275.6,PICHINCHA
2012,4,10.046666666666663,300.3,PICHINCHA
2012,5,10.716129032258063,246.3,PICHINCHA
2012,6,10.71,106.7,PICHINCHA
2012,7,11.13548387096774,88.5,PICHINCHA
2012,8,10.97741935483871,113.5,PICHINCHA
2012,9,11.606666666666666,86.3,PICHINCHA
2012,10,10.419354838709678,291.6,PICHINCHA
2012,11,10.493333333333334,326.9,PICHINCHA
2012,12,10.51290322580645,253.7,PICHINCHA
2013,1,11.432258064516128,198.2,PICHINCHA
2013,2,10.485714285714286,338.1,PICHINCHA
2013,3,11.119354838709675,325.4,PICHINCHA
2013,4,11.08,289.5,PICHINCHA
2013,5,10.62258064516129,354.4,PICHINCHA
2013,6,11.06,86.8,PICHINCHA
2013,7,10.816129032258065,67.4,PICHINCHA
2013,8,11.00967741935484,132.7,PICHINCHA
2013,9,11.01,228.6,PICHINCHA
2013,10,10.596774193548388,249.8,PICHINCHA
2013,11,10.19,230.8,PICHINCHA
2013,12,10.66451612903226,234.9,PICHINCHA
2014,1,10.606451612903228,307.8,PICHINCHA
2014,2,10.65,274.6,PICHINCHA
2014,3,10.296774193548387,356.7,PICHINCHA
2014,4,11.16,214.9,PICHINCHA
2014,5,10.63225806451613,281.5,PICHINCHA
2014,6,11.296666666666663,168.8,PICHINCHA
2014,7,11.67741935483871,50.5,PICHINCHA
2014,8,11.035483870967743,107.5,PICHINCHA
2014,9,10.843333333333334,173.7,PICHINCHA
2014,10,10.85483870967742,287.0,PICHINCHA
2014,11,10.443333333333332,224.7,PICHINCHA
2014,12,10.67741935483871,250.4,PICHINCHA
2015,1,10.996774193548386,270.9,PICHINCHA
2015,2,11.064285714285717,149.9,PICHINCHA
2015,3,10.80967741935484,352.3,PICHINCHA
2015,4,11.08,222.9,PICHINCHA
2015,5,11.229032258064516,209.2,PICHINCHA
2015,6,11.333333333333334,99.0,PICHINCHA
2015,7,11.33548387096774,149.7,PICHINCHA
2015,8,11.796774193548387,112.9,PICHINCHA
2015,9,11.813333333333333,162.5,PICHINCHA
2015,10,11.241935483870968,275.1,PICHINCHA
2015,11,11.173333333333334,281.0,PICHINCHA
2015,12,12.235483870967744,163.1,PICHINCHA
2016,1,11.535483870967743,339.8,PICHINCHA
2016,2,12.26896551724138,268.2,PICHINCHA
2016,3,11.929032258064517,366.9,PICHINCHA
2016,4,11.72,306.5,PICHINCHA
2016,5,11.78064516129032,203.7,PICHINCHA
2016,6,11.04,127.5,PICHINCHA
2016,7,10.787096774193548,125.4,PICHINCHA
2016,8,11.680645161290323,95.1,PICHINCHA
2016,9,11.07,198.4,PICHINCHA
2016,10,10.906451612903227,280.9,PICHINCHA
2016,11,10.906666666666666,250.7,PICHINCHA
2016,12,10.580645161290322,393.4,PICHINCHA
2017,1,10.83548387096774,331.1,PICHINCHA
2017,2,10.835714285714284,233.2,PICHINCHA
2017,3,10.887096774193548,443.9,PICHINCHA
2017,4,11.503333333333334,252.4,PICHINCHA
2017,5,11.264516129032256,212.4,PICHINCHA
2017,6,11.016666666666667,121.1,PICHINCHA
2017,7,11.37741935483871,22.4,PICHINCHA
2017,8,11.738709677419354,48.9,PICHINCHA
2017,9,12.186666666666667,65.0,PICHINCHA
2017,10,11.71935483870968,203.0,PICHINCHA
2017,11,11.453333333333337,292.8,PICHINCHA
2017,12,11.46774193548387,277.7,PICHINCHA
2018,1,10.761290322580646,228.6,PICHINCHA
2018,2,11.30714285714286,362.3,PICHINCHA
2018,3,11.529032258064516,215.9,PICHINCHA
2018,4,10.973333333333333,208.2,PICHINCHA
2018,5,10.82258064516129,248.5,PICHINCHA
2018,6,10.973333333333333,37.3,PICHINCHA
2018,7,11.529032258064516,40.3,PICHINCHA
2018,8,11.761290322580646,34.0,PICHINCHA
2018,9,11.976666666666668,75.9,PICHINCHA
2018,10,11.63548387096774,166.3,PICHINCHA
2018,11,11.543333333333331,532.7,PICHINCHA
2018,12,11.180645161290323,157.79999999999998,PICHINCHA
2019,1,11.541935483870969,289.2,PICHINCHA
2019,2,11.714285714285714,383.2,PICHINCHA
2019,3,11.887096774193548,316.7,PICHINCHA
2019,4,11.726666666666668,366.7,PICHINCHA
2019,5,11.5,151.7,PICHINCHA
2019,6,11.54,69.60000000000001,PICHINCHA
2019,7,11.264516129032256,31.2,PICHINCHA
2019,8,12.003225806451614,25.6,PICHINCHA
2019,9,12.333333333333334,91.3,PICHINCHA
2019,10,11.106451612903228,196.2,PICHINCHA
2019,11,11.61,393.2,PICHINCHA
2019,12,11.787096774193548,327.0,PICHINCHA
2020,1,11.935483870967742,281.9,PICHINCHA
2020,2,12.075862068965517,303.7,PICHINCHA
2020,3,11.97741935483871,489.1,PICHINCHA
2020,4,11.603333333333332,315.3,PICHINCHA
2020,5,11.96774193548387,174.4,PICHINCHA
2020,6,11.296666666666663,74.2,PICHINCHA
2020,7,10.790322580645162,73.7,PICHINCHA
2020,8,11.806451612903226,59.7,PICHINCHA
2020,9,11.57,53.7,PICHINCHA
2020,10,11.812903225806451,86.7,PICHINCHA
2020,11,11.48,274.0,PICHINCHA
2020,12,10.883870967741936,353.0,PICHINCHA
2021,1,10.896774193548389,278.9,PICHINCHA
2021,2,11.321428571428571,446.1,PICHINCHA
2021,3,10.641935483870968,456.6,PICHINCHA
2021,4,11.3,234.3,PICHINCHA
2021,5,11.351612903225806,204.8,PICHINCHA
2021,6,10.623333333333331,156.4,PICHINCHA
2021,7,11.038709677419355,45.8,PICHINCHA
2021,8,11.312903225806451,69.5,PICHINCHA
2021,9,11.46,60.7,PICHINCHA
2021,10,11.396774193548389,259.0,PICHINCHA
2021,11,10.766666666666667,395.3,PICHINCHA
2021,12,11.229032258064516,372.4,PICHINCHA
2022,1,10.8,332.1,PICHINCHA
2022,2,10.710714285714284,404.9,PICHINCHA
2022,3,10.50967741935484,384.2,PICHINCHA
2022,4,10.81,291.6,PICHINCHA
2022,5,10.806451612903226,176.3,PICHINCHA
2022,6,9.97,159.0,PICHINCHA
2022,7,10.525806451612905,85.4,PICHINCHA
2022,8,10.832258064516129,51.8,PICHINCHA
2022,9,11.203333333333337,67.8,PICHINCHA
2022,10,11.04516129032258,308.9,PICHINCHA
2022,11,10.753333333333334,187.4,PICHINCHA
2022,12,10.580645161290322,271.8,PICHINCHA
2023,1,10.274193548387096,367.5,PICHINCHA
2023,2,10.903571428571428,267.2,PICHINCHA
2023,3,10.50967741935484,454.5,PICHINCHA
2023,4,10.846666666666666,355.5,PICHINCHA
2023,5,11.806451612903226,188.2,PICHINCHA
2023,6,11.476666666666668,35.8,PICHINCHA
2023,7,11.438709677419356,42.0,PICHINCHA
2023,8,11.693548387096774,74.0,PICHINCHA
2023,9,11.903333333333334,83.60000000000001,PICHINCHA
2023,10,11.574193548387097,198.8,PICHINCHA
2023,11,11.563333333333333,225.0,PICHINCHA
2023,12,11.67741935483871,356.2,PICHINCHA
2024,1,12.058064516129033,126.4,PICHINCHA
2024,2,11.858620689655172,325.1,PICHINCHA
2024,3,12.070967741935483,237.9,PICHINCHA
2024,4,11.816666666666666,367.8,PICHINCHA
2024,5,11.912903225806453,199.3,PICHINCHA
2024,6,11.21,109.6,PICHINCHA
2024,7,11.648387096774194,26.7,PICHINCHA
2024,8,11.696774193548388,50.3,PICHINCHA
2024,9,12.503333333333334,53.1,PICHINCHA
2024,10,11.567741935483872,133.8,PICHINCHA
2024,11,11.236666666666668,147.7,PICHINCHA
2024,12,11.361290322580643,409.4,PICHINCHA
2025,1,10.893548387096772,265.7,PICHINCHA
2025,2,10.735714285714286,470.3,PICHINCHA
2025,3,10.683870967741935,432.5,PICHINCHA
2025,4,11.226666666666668,277.2,PICHINCHA
2025,5,11.203225806451613,157.1,PICHINCHA
2025,6,11.113333333333332,70.2,PICHINCHA
2025,7,11.412903225806453,16.900000000000002,PICHINCHA
2025,8,11.209677419354838,64.1,PICHINCHA
2025,9,11.436666666666667,104.2,PICHINCHA
2025,10,10.906451612903227,182.9,PICHINCHA
2025,11,11.013333333333332,285.7,PICHINCHA
2025,12,11.383870967741936,121.2,PICHINCHA
2026,1,11.051612903225807,420.1,PICHINCHA
2026,2,10.74642857142857,314.7,PICHINCHA
2026,3,11.37741935483871,278.40000000000003,PICHINCHA
2026,4,11.396666666666668,173.2,PICHINCHA
2026,5,12.37741935483871,89.9,PICHINCHA
2026,6,11.983333333333333,92.4,PICHINCHA
2012,1,9.606451612903228,194.1,CHIMBORAZO
2012,2,9.36896551724138,213.9,CHIMBORAZO
2012,3,9.516129032258064,225.8,CHIMBORAZO
2012,4,9.64,179.1,CHIMBORAZO
2012,5,9.319354838709677,108.0,CHIMBORAZO
2012,6,9.17,56.1,CHIMBORAZO
2012,7,8.812903225806451,53.1,CHIMBORAZO
2012,8,9.193548387096774,54.7,CHIMBORAZO
2012,9,9.69,45.7,CHIMBORAZO
2012,10,10.058064516129033,176.3,CHIMBORAZO
2012,11,10.426666666666668,170.0,CHIMBORAZO
2012,12,10.119354838709675,89.5,CHIMBORAZO
2013,1,10.696774193548388,97.2,CHIMBORAZO
2013,2,10.035714285714286,225.5,CHIMBORAZO
2013,3,10.574193548387097,170.1,CHIMBORAZO
2013,4,10.423333333333334,123.9,CHIMBORAZO
2013,5,9.97741935483871,176.6,CHIMBORAZO
2013,6,9.56,32.8,CHIMBORAZO
2013,7,8.609677419354838,66.2,CHIMBORAZO
2013,8,9.17741935483871,55.3,CHIMBORAZO
2013,9,10.42,22.8,CHIMBORAZO
2013,10,10.47741935483871,105.3,CHIMBORAZO
2013,11,10.313333333333333,136.9,CHIMBORAZO
2013,12,10.332258064516129,90.1,CHIMBORAZO
2014,1,10.174193548387096,193.3,CHIMBORAZO
2014,2,10.221428571428572,130.9,CHIMBORAZO
2014,3,9.993548387096777,291.5,CHIMBORAZO
2014,4,10.263333333333332,124.4,CHIMBORAZO
2014,5,10.187096774193549,141.9,CHIMBORAZO
2014,6,9.416666666666666,59.4,CHIMBORAZO
2014,7,8.951612903225806,39.5,CHIMBORAZO
2014,8,9.303225806451612,23.7,CHIMBORAZO
2014,9,10.443333333333332,29.9,CHIMBORAZO
2014,10,10.26774193548387,147.6,CHIMBORAZO
2014,11,10.193333333333332,169.4,CHIMBORAZO
2014,12,10.25483870967742,115.9,CHIMBORAZO
2015,1,10.209677419354838,117.6,CHIMBORAZO
2015,2,10.275,100.6,CHIMBORAZO
2015,3,10.30967741935484,285.8,CHIMBORAZO
2015,4,10.11,171.79999999999998,CHIMBORAZO
2015,5,10.151612903225804,99.4,CHIMBORAZO
2015,6,9.11,57.4,CHIMBORAZO
2015,7,9.370967741935484,39.2,CHIMBORAZO
2015,8,10.261290322580646,15.8,CHIMBORAZO
2015,9,11.306666666666668,14.4,CHIMBORAZO
2015,10,10.96774193548387,81.5,CHIMBORAZO
2015,11,10.866666666666667,112.3,CHIMBORAZO
2015,12,10.82258064516129,56.1,CHIMBORAZO
2016,1,11.074193548387097,189.5,CHIMBORAZO
2016,2,11.37241379310345,99.0,CHIMBORAZO
2016,3,11.422580645161291,187.0,CHIMBORAZO
2016,4,11.04,146.7,CHIMBORAZO
2016,5,10.703225806451613,83.3,CHIMBORAZO
2016,6,9.043333333333331,100.9,CHIMBORAZO
2016,7,9.09032258064516,33.2,CHIMBORAZO
2016,8,9.883870967741936,19.0,CHIMBORAZO
2016,9,10.56,37.0,CHIMBORAZO
2016,10,10.535483870967743,104.8,CHIMBORAZO
2016,11,11.236666666666668,74.8,CHIMBORAZO
2016,12,10.332258064516129,212.2,CHIMBORAZO
2017,1,9.5,158.6,CHIMBORAZO
2017,2,9.75,118.8,CHIMBORAZO
2017,3,9.725806451612904,266.5,CHIMBORAZO
2017,4,9.796666666666663,150.2,CHIMBORAZO
2017,5,9.62258064516129,108.1,CHIMBORAZO
2017,6,9.1,55.0,CHIMBORAZO
2017,7,7.661290322580645,63.6,CHIMBORAZO
2017,8,8.612903225806452,25.3,CHIMBORAZO
2017,9,9.523333333333332,36.2,CHIMBORAZO
2017,10,9.577419354838709,109.4,CHIMBORAZO
2017,11,10.02,83.60000000000001,CHIMBORAZO
2017,12,10.287096774193548,64.0,CHIMBORAZO
2018,1,9.241935483870968,100.1,CHIMBORAZO
2018,2,10.43214285714286,107.2,CHIMBORAZO
2018,3,10.161290322580646,53.6,CHIMBORAZO
2018,4,9.46,124.4,CHIMBORAZO
2018,5,9.348387096774196,114.4,CHIMBORAZO
2018,6,8.110000000000001,60.0,CHIMBORAZO
2018,7,7.877419354838709,58.9,CHIMBORAZO
2018,8,7.764516129032257,49.3,CHIMBORAZO
2018,9,9.03,32.7,CHIMBORAZO
2018,10,10.496774193548386,40.9,CHIMBORAZO
2018,11,10.56,128.1,CHIMBORAZO
2018,12,9.12258064516129,90.0,CHIMBORAZO
2019,1,9.593548387096773,95.3,CHIMBORAZO
2019,2,10.43214285714286,115.3,CHIMBORAZO
2019,3,10.5,119.9,CHIMBORAZO
2019,4,10.27,93.9,CHIMBORAZO
2019,5,9.519354838709678,74.1,CHIMBORAZO
2019,6,8.553333333333335,106.3,CHIMBORAZO
2019,7,7.809677419354839,71.3,CHIMBORAZO
2019,8,7.67741935483871,60.2,CHIMBORAZO
2019,9,8.966666666666667,44.8,CHIMBORAZO
2019,10,9.49032258064516,69.9,CHIMBORAZO
2019,11,10.383333333333333,53.1,CHIMBORAZO
2019,12,10.380645161290325,66.5,CHIMBORAZO
2020,1,10.419354838709678,76.5,CHIMBORAZO
2020,2,10.958620689655174,53.0,CHIMBORAZO
2020,3,10.883870967741936,69.8,CHIMBORAZO
2020,4,10.016666666666667,136.1,CHIMBORAZO
2020,5,9.783870967741937,70.6,CHIMBORAZO
2020,6,9.01,85.4,CHIMBORAZO
2020,7,8.290322580645162,51.3,CHIMBORAZO
2020,8,8.899999999999999,55.1,CHIMBORAZO
2020,9,8.953333333333335,49.8,CHIMBORAZO
2020,10,9.25483870967742,63.3,CHIMBORAZO
2020,11,10.203333333333337,78.2,CHIMBORAZO
2020,12,9.67741935483871,70.3,CHIMBORAZO
2021,1,9.383870967741936,56.2,CHIMBORAZO
2021,2,10.1,94.5,CHIMBORAZO
2021,3,9.387096774193548,204.9,CHIMBORAZO
2021,4,9.58,87.5,CHIMBORAZO
2021,5,9.26774193548387,83.5,CHIMBORAZO
2021,6,8.533333333333333,68.4,CHIMBORAZO
2021,7,7.877419354838709,63.8,CHIMBORAZO
2021,8,8.5,28.3,CHIMBORAZO
2021,9,8.776666666666667,46.4,CHIMBORAZO
2021,10,9.687096774193549,193.3,CHIMBORAZO
2021,11,9.783333333333331,144.8,CHIMBORAZO
2021,12,10.138709677419357,81.8,CHIMBORAZO
2022,1,9.887096774193548,91.6,CHIMBORAZO
2022,2,9.778571428571428,113.0,CHIMBORAZO
2022,3,9.451612903225806,144.3,CHIMBORAZO
2022,4,9.456666666666669,137.3,CHIMBORAZO
2022,5,9.116129032258064,54.0,CHIMBORAZO
2022,6,8.346666666666668,73.2,CHIMBORAZO
2022,7,8.064516129032258,68.9,CHIMBORAZO
2022,8,8.24516129032258,39.3,CHIMBORAZO
2022,9,9.296666666666663,31.2,CHIMBORAZO
2022,10,9.73225806451613,117.2,CHIMBORAZO
2022,11,9.693333333333332,104.1,CHIMBORAZO
2022,12,9.929032258064517,45.1,CHIMBORAZO
2023,1,9.029032258064516,155.5,CHIMBORAZO
2023,2,9.62857142857143,122.3,CHIMBORAZO
2023,3,9.658064516129032,204.9,CHIMBORAZO
2023,4,9.666666666666666,223.4,CHIMBORAZO
2023,5,10.083870967741936,59.9,CHIMBORAZO
2023,6,9.136666666666668,24.7,CHIMBORAZO
2023,7,9.458064516129031,24.8,CHIMBORAZO
2023,8,9.86774193548387,21.5,CHIMBORAZO
2023,9,10.823333333333332,13.9,CHIMBORAZO
2023,10,11.525806451612905,86.0,CHIMBORAZO
2023,11,11.056666666666668,55.7,CHIMBORAZO
2023,12,11.19032258064516,136.8,CHIMBORAZO
2024,1,11.096774193548388,45.0,CHIMBORAZO
2024,2,11.189655172413794,157.4,CHIMBORAZO
2024,3,11.216129032258063,88.0,CHIMBORAZO
2024,4,11.046666666666663,93.6,CHIMBORAZO
2024,5,10.90967741935484,48.9,CHIMBORAZO
2024,6,9.9,34.0,CHIMBORAZO
2024,7,9.480645161290322,28.0,CHIMBORAZO
2024,8,9.890322580645162,13.8,CHIMBORAZO
2024,9,10.42,42.4,CHIMBORAZO
2024,10,11.035483870967743,61.9,CHIMBORAZO
2024,11,11.36,50.9,CHIMBORAZO
2024,12,10.774193548387096,111.9,CHIMBORAZO
2025,1,10.293548387096775,97.3,CHIMBORAZO
2025,2,10.414285714285716,205.1,CHIMBORAZO
2025,3,10.103225806451611,337.9,CHIMBORAZO
2025,4,10.223333333333333,109.5,CHIMBORAZO
2025,5,9.412903225806453,116.2,CHIMBORAZO
2025,6,8.916666666666666,58.9,CHIMBORAZO
2025,7,8.016129032258064,73.60000000000001,CHIMBORAZO
2025,8,8.635483870967741,41.5,CHIMBORAZO
2025,9,9.203333333333337,60.0,CHIMBORAZO
2025,10,9.583870967741936,139.9,CHIMBORAZO
2025,11,10.08,102.5,CHIMBORAZO
2025,12,10.496774193548386,18.3,CHIMBORAZO
2026,1,10.32258064516129,137.3,CHIMBORAZO
2026,2,9.907142857142857,135.0,CHIMBORAZO
2026,3,10.735483870967744,159.5,CHIMBORAZO
2026,4,10.39,104.4,CHIMBORAZO
2026,5,10.151612903225804,76.5,CHIMBORAZO
2026,6,9.506666666666666,92.1,CHIMBORAZO
2012,1,25.06451612903226,404.4,PERU
2012,2,24.389655172413796,368.6,PERU
2012,3,25.05483870967742,468.8,PERU
2012,4,24.94,371.9,PERU
2012,5,24.774193548387096,158.9,PERU
2012,6,24.18,113.0,PERU
2012,7,24.39354838709677,87.8,PERU
2012,8,25.86774193548387,108.0,PERU
2012,9,26.386666666666667,191.3,PERU
2012,10,25.661290322580644,234.2,PERU
2012,11,25.933333333333334,294.7,PERU
2012,12,24.63225806451613,408.8,PERU
2013,1,25.55161290322581,324.6,PERU
2013,2,25.057142857142857,488.1,PERU
2013,3,25.17419354838709,418.7,PERU
2013,4,25.66333333333333,230.7,PERU
2013,5,24.864516129032257,234.5,PERU
2013,6,24.436666666666667,169.1,PERU
2013,7,23.98064516129032,115.9,PERU
2013,8,24.703225806451613,104.3,PERU
2013,9,26.2,195.1,PERU
2013,10,25.42258064516129,267.2,PERU
2013,11,25.126666666666665,337.1,PERU
2013,12,25.52258064516129,364.9,PERU
2014,1,24.64516129032258,428.5,PERU
2014,2,24.960714285714285,328.7,PERU
2014,3,24.89354838709677,446.5,PERU
2014,4,25.183333333333334,319.7,PERU
2014,5,24.561290322580643,184.4,PERU
2014,6,24.613333333333333,130.6,PERU
2014,7,23.91290322580645,90.8,PERU
2014,8,25.10967741935484,122.2,PERU
2014,9,26.11,181.9,PERU
2014,10,25.806451612903224,397.8,PERU
2014,11,25.24333333333333,359.3,PERU
2014,12,25.061290322580643,376.5,PERU
2015,1,24.5258064516129,482.4,PERU
2015,2,25.010714285714283,450.2,PERU
2015,3,25.387096774193548,512.8,PERU
2015,4,24.86,490.4,PERU
2015,5,24.69032258064516,257.6,PERU
2015,6,24.716666666666665,130.5,PERU
2015,7,24.716129032258067,81.4,PERU
2015,8,26.503225806451614,88.6,PERU
2015,9,27.59,119.1,PERU
2015,10,27.306451612903224,192.0,PERU
2015,11,26.10333333333333,353.9,PERU
2015,12,25.98064516129032,271.3,PERU
2016,1,26.583870967741937,314.5,PERU
2016,2,25.948275862068964,338.9,PERU
2016,3,26.12258064516129,422.6,PERU
2016,4,25.826666666666664,275.3,PERU
2016,5,25.23548387096774,145.9,PERU
2016,6,24.33333333333333,76.0,PERU
2016,7,25.741935483870968,29.8,PERU
2016,8,26.580645161290324,106.0,PERU
2016,9,26.09333333333333,200.9,PERU
2016,10,25.787096774193547,289.5,PERU
2016,11,25.90333333333333,233.8,PERU
2016,12,25.79032258064516,361.4,PERU
2017,1,24.20967741935484,401.3,PERU
2017,2,24.892857142857142,298.0,PERU
2017,3,24.806451612903224,257.1,PERU
2017,4,24.846666666666668,299.0,PERU
2017,5,24.90967741935484,139.4,PERU
2017,6,23.89333333333333,92.9,PERU
2017,7,23.89354838709677,54.9,PERU
2017,8,25.451612903225808,93.6,PERU
2017,9,25.30666666666667,98.1,PERU
2017,10,25.206451612903223,237.7,PERU
2017,11,24.953333333333333,278.6,PERU
2017,12,25.10322580645161,224.9,PERU
2018,1,24.48064516129032,205.1,PERU
2018,2,25.00714285714286,290.1,PERU
2018,3,24.780645161290323,235.6,PERU
2018,4,24.576666666666664,203.5,PERU
2018,5,24.18387096774193,136.8,PERU
2018,6,23.363333333333333,104.5,PERU
2018,7,23.83870967741936,63.1,PERU
2018,8,23.835483870967742,140.0,PERU
2018,9,25.51333333333333,80.0,PERU
2018,10,24.90322580645161,274.0,PERU
2018,11,24.87333333333333,312.5,PERU
2018,12,24.567741935483877,296.8,PERU
2019,1,24.532258064516128,362.2,PERU
2019,2,24.817857142857143,314.7,PERU
2019,3,24.816129032258065,319.9,PERU
2019,4,25.113333333333333,196.5,PERU
2019,5,24.835483870967742,156.9,PERU
2019,6,24.576666666666664,71.8,PERU
2019,7,23.948387096774194,122.0,PERU
2019,8,24.751612903225805,39.0,PERU
2019,9,25.866666666666667,127.7,PERU
2019,10,24.848387096774196,242.0,PERU
2019,11,25.256666666666668,294.0,PERU
2019,12,24.758064516129032,437.6,PERU
2020,1,25.270967741935483,315.7,PERU
2020,2,25.386206896551727,468.7,PERU
2020,3,25.432258064516127,387.3,PERU
2020,4,25.046666666666667,227.4,PERU
2020,5,24.135483870967743,145.5,PERU
2020,6,24.51,135.6,PERU
2020,7,23.932258064516127,148.9,PERU
2020,8,24.700000000000003,71.8,PERU
2020,9,25.52,117.1,PERU
2020,10,25.94516129032258,152.4,PERU
2020,11,25.816666666666663,157.9,PERU
2020,12,24.50967741935484,527.0,PERU
2021,1,24.358064516129037,446.0,PERU
2021,2,24.675,430.8,PERU
2021,3,24.516129032258064,414.9,PERU
2021,4,24.51333333333333,233.5,PERU
2021,5,24.42258064516129,150.5,PERU
2021,6,23.72,118.6,PERU
2021,7,23.62903225806452,79.6,PERU
2021,8,25.13225806451613,63.8,PERU
2021,9,25.56,140.8,PERU
2021,10,25.55483870967742,254.6,PERU
2021,11,24.64333333333333,381.8,PERU
2021,12,25.096774193548388,349.8,PERU
2022,1,25.11935483870968,364.5,PERU
2022,2,24.225,401.5,PERU
2022,3,24.351612903225806,405.1,PERU
2022,4,24.64333333333333,203.9,PERU
2022,5,24.041935483870965,159.0,PERU
2022,6,23.34333333333333,79.3,PERU
2022,7,24.69677419354839,134.4,PERU
2022,8,23.73548387096774,127.5,PERU
2022,9,25.35333333333333,164.5,PERU
2022,10,25.19032258064516,221.7,PERU
2022,11,25.326666666666664,194.5,PERU
2022,12,24.83225806451613,376.0,PERU
2023,1,24.212903225806453,420.2,PERU
2023,2,24.317857142857143,457.8,PERU
2023,3,24.42258064516129,466.3,PERU
2023,4,24.9,264.3,PERU
2023,5,24.93870967741936,140.0,PERU
2023,6,24.15333333333333,93.3,PERU
2023,7,25.80322580645161,67.8,PERU
2023,8,26.583870967741937,32.8,PERU
2023,9,26.71,131.0,PERU
2023,10,27.061290322580643,181.3,PERU
2023,11,25.526666666666664,401.9,PERU
2023,12,25.39354838709677,338.5,PERU
2024,1,25.638709677419357,360.0,PERU
2024,2,25.63793103448276,388.5,PERU
2024,3,26.33225806451613,205.0,PERU
2024,4,26.10666666666667,204.1,PERU
2024,5,24.996774193548383,167.4,PERU
2024,6,25.023333333333333,124.0,PERU
2024,7,24.8,61.0,PERU
2024,8,25.516129032258064,112.4,PERU
2024,9,26.69,128.3,PERU
2024,10,26.270967741935483,178.8,PERU
2024,11,24.766666666666666,389.7,PERU
2024,12,24.925806451612903,412.0,PERU
2025,1,24.816129032258065,431.6,PERU
2025,2,24.57857142857143,503.3,PERU
2025,3,24.461290322580645,452.1,PERU
2025,4,24.773333333333333,338.9,PERU
2025,5,24.48064516129032,197.8,PERU
2025,6,24.11,150.2,PERU
2025,7,24.067741935483877,56.9,PERU
2025,8,24.84193548387097,168.1,PERU
2025,9,25.313333333333333,122.6,PERU
2025,10,24.76129032258065,403.5,PERU
2025,11,24.83,381.0,PERU
2025,12,24.706451612903223,497.2,PERU
2026,1,24.46451612903226,542.8,PERU
2026,2,24.514285714285712,482.5,PERU
2026,3,24.351612903225806,582.5,PERU
2026,4,24.62333333333333,486.1,PERU
2026,5,24.17419354838709,182.1,PERU
2026,6,24.2,166.6,PERU
2012,1,22.583870967741937,1046.7,LOS RIOS
2012,2,22.82413793103448,740.3,LOS RIOS
2012,3,23.4,1488.8,LOS RIOS
2012,4,23.96,653.6,LOS RIOS
2012,5,22.990322580645163,908.3,LOS RIOS
2012,6,22.69,604.9,LOS RIOS
2012,7,21.967741935483872,341.0,LOS RIOS
2012,8,21.76451612903226,222.9,LOS RIOS
2012,9,22.05666666666667,208.2,LOS RIOS
2012,10,22.751612903225805,133.1,LOS RIOS
2012,11,23.09333333333333,264.0,LOS RIOS
2012,12,23.16774193548387,250.6,LOS RIOS
2013,1,22.62903225806452,1197.6,LOS RIOS
2013,2,23.042857142857144,1117.1,LOS RIOS
2013,3,23.5,1034.4,LOS RIOS
2013,4,23.4,1317.6,LOS RIOS
2013,5,22.81935483870968,412.5,LOS RIOS
2013,6,22.046666666666667,242.3,LOS RIOS
2013,7,21.32258064516129,321.4,LOS RIOS
2013,8,21.61935483870968,226.3,LOS RIOS
2013,9,22.126666666666665,180.3,LOS RIOS
2013,10,22.6,201.5,LOS RIOS
2013,11,22.926666666666662,79.6,LOS RIOS
2013,12,23.26129032258065,294.3,LOS RIOS
2014,1,23.01290322580645,1353.6,LOS RIOS
2014,2,22.928571428571427,1052.4,LOS RIOS
2014,3,23.43870967741936,616.1999999999999,LOS RIOS
2014,4,23.27,1309.6,LOS RIOS
2014,5,23.46451612903226,957.7,LOS RIOS
2014,6,22.736666666666668,631.0,LOS RIOS
2014,7,22.416129032258063,495.3,LOS RIOS
2014,8,22.11935483870968,421.9,LOS RIOS
2014,9,22.346666666666668,319.8,LOS RIOS
2014,10,22.638709677419357,375.5,LOS RIOS
2014,11,23.15666666666667,93.6,LOS RIOS
2014,12,23.529032258064515,313.9,LOS RIOS
2015,1,23.061290322580643,793.2,LOS RIOS
2015,2,23.446428571428573,676.7,LOS RIOS
2015,3,23.54516129032258,975.8,LOS RIOS
2015,4,23.7,1035.7,LOS RIOS
2015,5,23.648387096774197,1506.7,LOS RIOS
2015,6,23.113333333333333,603.9,LOS RIOS
2015,7,22.76129032258065,705.2,LOS RIOS
2015,8,22.70967741935484,227.0,LOS RIOS
2015,9,23.32333333333333,273.6,LOS RIOS
2015,10,23.31935483870968,633.3,LOS RIOS
2015,11,23.59333333333333,534.7,LOS RIOS
2015,12,23.848387096774196,1614.5,LOS RIOS
2016,1,24.03548387096774,1256.3,LOS RIOS
2016,2,23.99655172413793,1060.7,LOS RIOS
2016,3,24.193548387096776,1062.5,LOS RIOS
2016,4,24.15,1110.4,LOS RIOS
2016,5,23.98064516129032,678.5,LOS RIOS
2016,6,22.73,211.1,LOS RIOS
2016,7,22.274193548387096,369.2,LOS RIOS
2016,8,22.625806451612902,141.9,LOS RIOS
2016,9,22.78,406.3,LOS RIOS
2016,10,23.21935483870968,98.6,LOS RIOS
2016,11,23.59333333333333,172.9,LOS RIOS
2016,12,23.60967741935484,313.4,LOS RIOS
2017,1,25.125806451612902,305.6,LOS RIOS
2017,2,25.525,537.9,LOS RIOS
2017,3,25.73548387096774,615.5,LOS RIOS
2017,4,25.92,461.2,LOS RIOS
2017,5,25.774193548387096,257.5,LOS RIOS
2017,6,24.683333333333334,88.0,LOS RIOS
2017,7,23.374193548387098,27.1,LOS RIOS
2017,8,24.19677419354839,13.2,LOS RIOS
2017,9,24.5,16.5,LOS RIOS
2017,10,24.35483870967742,80.5,LOS RIOS
2017,11,24.166666666666668,10.1,LOS RIOS
2017,12,24.835483870967742,106.8,LOS RIOS
2018,1,24.82258064516129,239.0,LOS RIOS
2018,2,24.717857142857145,501.3,LOS RIOS
2018,3,25.203225806451613,348.1,LOS RIOS
2018,4,25.50333333333333,185.9,LOS RIOS
2018,5,25.048387096774192,301.8,LOS RIOS
2018,6,23.46333333333333,44.7,LOS RIOS
2018,7,23.241935483870968,34.7,LOS RIOS
2018,8,23.606451612903225,29.8,LOS RIOS
2018,9,24.66,12.8,LOS RIOS
2018,10,24.706451612903223,5.3,LOS RIOS
2018,11,25.34333333333333,20.1,LOS RIOS
2018,12,24.88387096774193,224.1,LOS RIOS
2019,1,24.9741935483871,490.9,LOS RIOS
2019,2,25.603571428571428,611.0,LOS RIOS
2019,3,25.848387096774196,569.5,LOS RIOS
2019,4,25.953333333333333,372.3,LOS RIOS
2019,5,25.396774193548385,305.3,LOS RIOS
2019,6,24.35,78.3,LOS RIOS
2019,7,23.67419354838709,28.7,LOS RIOS
2019,8,23.74516129032258,11.0,LOS RIOS
2019,9,24.55333333333333,15.8,LOS RIOS
2019,10,24.864516129032257,32.1,LOS RIOS
2019,11,25.21,67.8,LOS RIOS
2019,12,25.358064516129037,97.4,LOS RIOS
2020,1,25.31290322580645,251.2,LOS RIOS
2020,2,25.7,417.6,LOS RIOS
2020,3,25.783870967741933,413.9,LOS RIOS
2020,4,25.773333333333333,478.4,LOS RIOS
2020,5,25.42258064516129,85.6,LOS RIOS
2020,6,24.50333333333333,31.4,LOS RIOS
2020,7,24.225806451612904,34.4,LOS RIOS
2020,8,24.26129032258065,14.6,LOS RIOS
2020,9,24.96333333333333,8.200000000000001,LOS RIOS
2020,10,25.44516129032258,24.4,LOS RIOS
2020,11,25.426666666666662,11.4,LOS RIOS
2020,12,25.01935483870968,117.3,LOS RIOS
2021,1,24.787096774193547,381.0,LOS RIOS
2021,2,25.12142857142857,375.3,LOS RIOS
2021,3,25.18064516129032,638.0,LOS RIOS
2021,4,25.37,369.5,LOS RIOS
2021,5,24.448387096774194,70.6,LOS RIOS
2021,6,24.19,26.4,LOS RIOS
2021,7,23.851612903225806,12.4,LOS RIOS
2021,8,24.39354838709677,9.4,LOS RIOS
2021,9,24.33333333333333,32.9,LOS RIOS
2021,10,25.39354838709677,33.4,LOS RIOS
2021,11,25.12,15.5,LOS RIOS
2021,12,25.09354838709677,76.0,LOS RIOS
2022,1,24.71935483870968,378.6,LOS RIOS
2022,2,24.61785714285714,370.4,LOS RIOS
2022,3,25.03548387096774,772.3,LOS RIOS
2022,4,25.25,244.4,LOS RIOS
2022,5,24.625806451612902,112.3,LOS RIOS
2022,6,23.726666666666667,46.6,LOS RIOS
2022,7,23.47741935483871,16.9,LOS RIOS
2022,8,24.11290322580645,5.3,LOS RIOS
2022,9,24.94,12.2,LOS RIOS
2022,10,25.083870967741937,6.0,LOS RIOS
2022,11,25.276666666666664,2.6,LOS RIOS
2022,12,26.141935483870967,94.4,LOS RIOS
2023,1,25.26451612903226,251.4,LOS RIOS
2023,2,25.067857142857143,473.6,LOS RIOS
2023,3,25.1,572.8,LOS RIOS
2023,4,25.46333333333333,614.3,LOS RIOS
2023,5,26.074193548387097,345.2,LOS RIOS
2023,6,25.540000000000003,147.29999999999998,LOS RIOS
2023,7,25.996774193548383,74.0,LOS RIOS
2023,8,26.67419354838709,15.7,LOS RIOS
2023,9,27.473333333333336,11.8,LOS RIOS
2023,10,26.79032258064516,131.79999999999998,LOS RIOS
2023,11,25.946666666666665,53.4,LOS RIOS
2023,12,26.080645161290324,193.0,LOS RIOS
2024,1,26.1,291.8,LOS RIOS
2024,2,26.04827586206897,736.4,LOS RIOS
2024,3,26.677419354838708,243.8,LOS RIOS
2024,4,26.50333333333333,261.9,LOS RIOS
2024,5,25.98709677419355,203.9,LOS RIOS
2024,6,25.14,39.0,LOS RIOS
2024,7,25.493548387096773,10.2,LOS RIOS
2024,8,25.69032258064516,4.4,LOS RIOS
2024,9,26.27,3.5,LOS RIOS
2024,10,27.070967741935487,10.8,LOS RIOS
2024,11,26.99,2.3,LOS RIOS
2024,12,26.43548387096774,191.6,LOS RIOS
2025,1,25.47741935483871,292.8,LOS RIOS
2025,2,24.789285714285715,924.0,LOS RIOS
2025,3,25.374193548387098,708.0,LOS RIOS
2025,4,25.85,615.6,LOS RIOS
2025,5,25.532258064516128,255.5,LOS RIOS
2025,6,24.996666666666663,89.5,LOS RIOS
2025,7,24.693548387096776,32.2,LOS RIOS
2025,8,25.141935483870967,17.3,LOS RIOS
2025,9,25.80333333333333,23.0,LOS RIOS
2025,10,25.64516129032258,55.0,LOS RIOS
2025,11,25.883333333333333,110.0,LOS RIOS
2025,12,26.56451612903226,65.9,LOS RIOS
2026,1,25.370967741935484,371.9,LOS RIOS
2026,2,25.12857142857143,698.6,LOS RIOS
2026,3,25.748387096774195,569.5,LOS RIOS
2026,4,26.27,271.5,LOS RIOS
2026,5,26.30322580645161,249.0,LOS RIOS
2026,6,26.08333333333333,217.0,LOS RIOS
2012,1,12.948387096774193,490.2,BOLIVAR
2012,2,12.93793103448276,516.6,BOLIVAR
2012,3,13.461290322580645,545.7,BOLIVAR
2012,4,13.363333333333332,565.9,BOLIVAR
2012,5,13.187096774193549,268.0,BOLIVAR
2012,6,13.006666666666666,127.6,BOLIVAR
2012,7,12.948387096774193,81.0,BOLIVAR
2012,8,12.670967741935485,145.1,BOLIVAR
2012,9,12.936666666666667,164.2,BOLIVAR
2012,10,13.170967741935485,383.9,BOLIVAR
2012,11,13.583333333333334,454.0,BOLIVAR
2012,12,13.36451612903226,349.2,BOLIVAR
2013,1,13.74516129032258,319.4,BOLIVAR
2013,2,13.542857142857144,491.9,BOLIVAR
2013,3,13.906451612903227,587.1,BOLIVAR
2013,4,13.86,502.9,BOLIVAR
2013,5,13.338709677419354,347.3,BOLIVAR
2013,6,13.24,103.1,BOLIVAR
2013,7,12.83548387096774,77.4,BOLIVAR
2013,8,12.85483870967742,158.3,BOLIVAR
2013,9,12.87,231.5,BOLIVAR
2013,10,13.187096774193549,330.5,BOLIVAR
2013,11,13.343333333333334,274.0,BOLIVAR
2013,12,13.470967741935484,352.2,BOLIVAR
2014,1,13.387096774193548,532.9,BOLIVAR
2014,2,13.45,410.1,BOLIVAR
2014,3,13.603225806451611,621.1,BOLIVAR
2014,4,13.76,416.1,BOLIVAR
2014,5,13.52258064516129,417.6,BOLIVAR
2014,6,13.543333333333331,138.3,BOLIVAR
2014,7,13.661290322580646,35.4,BOLIVAR
2014,8,12.709677419354838,174.6,BOLIVAR
2014,9,12.773333333333332,303.5,BOLIVAR
2014,10,13.383870967741936,398.8,BOLIVAR
2014,11,13.653333333333334,294.7,BOLIVAR
2014,12,13.64516129032258,396.5,BOLIVAR
2015,1,13.629032258064516,444.1,BOLIVAR
2015,2,13.782142857142857,343.6,BOLIVAR
2015,3,13.906451612903227,562.2,BOLIVAR
2015,4,13.866666666666667,595.5,BOLIVAR
2015,5,13.783870967741937,316.5,BOLIVAR
2015,6,13.88,133.8,BOLIVAR
2015,7,13.338709677419354,234.5,BOLIVAR
2015,8,13.503225806451614,159.3,BOLIVAR
2015,9,13.44,256.2,BOLIVAR
2015,10,13.66451612903226,466.5,BOLIVAR
2015,11,14.0,492.9,BOLIVAR
2015,12,14.316129032258065,266.2,BOLIVAR
2016,1,14.358064516129032,820.1,BOLIVAR
2016,2,14.73448275862069,433.3,BOLIVAR
2016,3,14.729032258064516,487.9,BOLIVAR
2016,4,14.433333333333334,438.5,BOLIVAR
2016,5,14.312903225806451,371.1,BOLIVAR
2016,6,13.463333333333331,153.5,BOLIVAR
2016,7,12.870967741935484,128.7,BOLIVAR
2016,8,13.21935483870968,98.1,BOLIVAR
2016,9,13.06,390.2,BOLIVAR
2016,10,13.558064516129033,324.6,BOLIVAR
2016,11,13.82,300.2,BOLIVAR
2016,12,13.577419354838709,634.5,BOLIVAR
2017,1,11.903225806451612,413.6,BOLIVAR
2017,2,12.321428571428571,348.8,BOLIVAR
2017,3,11.983870967741936,413.0,BOLIVAR
2017,4,12.746666666666666,453.1,BOLIVAR
2017,5,12.329032258064515,386.8,BOLIVAR
2017,6,12.2,233.1,BOLIVAR
2017,7,12.458064516129031,199.9,BOLIVAR
2017,8,11.919354838709678,191.0,BOLIVAR
2017,9,12.256666666666666,214.7,BOLIVAR
2017,10,12.480645161290322,339.1,BOLIVAR
2017,11,12.453333333333337,142.8,BOLIVAR
2017,12,12.080645161290322,342.4,BOLIVAR
2018,1,11.774193548387096,277.0,BOLIVAR
2018,2,11.94285714285714,337.2,BOLIVAR
2018,3,12.12258064516129,451.9,BOLIVAR
2018,4,12.443333333333332,256.4,BOLIVAR
2018,5,12.19032258064516,356.1,BOLIVAR
2018,6,11.83,327.3,BOLIVAR
2018,7,12.048387096774194,305.0,BOLIVAR
2018,8,12.329032258064515,177.0,BOLIVAR
2018,9,11.806666666666668,157.0,BOLIVAR
2018,10,12.183870967741935,47.4,BOLIVAR
2018,11,12.473333333333333,262.4,BOLIVAR
2018,12,12.093548387096773,515.4,BOLIVAR
2019,1,12.516129032258064,550.4,BOLIVAR
2019,2,12.43214285714286,527.7,BOLIVAR
2019,3,12.680645161290323,435.1,BOLIVAR
2019,4,12.55,467.8,BOLIVAR
2019,5,12.26774193548387,384.3,BOLIVAR
2019,6,12.886666666666668,342.7,BOLIVAR
2019,7,12.119354838709675,253.8,BOLIVAR
2019,8,12.951612903225806,98.3,BOLIVAR
2019,9,12.38,239.4,BOLIVAR
2019,10,11.816129032258065,444.5,BOLIVAR
2019,11,12.606666666666666,315.4,BOLIVAR
2019,12,12.638709677419357,427.7,BOLIVAR
2020,1,12.819354838709677,454.2,BOLIVAR
2020,2,12.720689655172412,493.9,BOLIVAR
2020,3,12.606451612903228,334.8,BOLIVAR
2020,4,12.633333333333333,512.1,BOLIVAR
2020,5,13.03225806451613,333.0,BOLIVAR
2020,6,12.273333333333332,292.4,BOLIVAR
2020,7,11.870967741935484,211.7,BOLIVAR
2020,8,12.138709677419357,112.2,BOLIVAR
2020,9,12.016666666666667,171.1,BOLIVAR
2020,10,12.470967741935484,250.7,BOLIVAR
2020,11,12.183333333333334,101.4,BOLIVAR
2020,12,11.69032258064516,429.7,BOLIVAR
2021,1,11.483870967741936,502.6,BOLIVAR
2021,2,12.282142857142857,413.7,BOLIVAR
2021,3,12.025806451612905,379.5,BOLIVAR
2021,4,12.063333333333333,524.5,BOLIVAR
2021,5,12.464516129032257,316.0,BOLIVAR
2021,6,11.52,156.8,BOLIVAR
2021,7,12.025806451612905,226.0,BOLIVAR
2021,8,11.832258064516129,260.5,BOLIVAR
2021,9,12.126666666666669,344.3,BOLIVAR
2021,10,12.235483870967744,357.1,BOLIVAR
2021,11,12.316666666666666,260.6,BOLIVAR
2021,12,12.15483870967742,325.9,BOLIVAR
2022,1,11.51290322580645,455.7,BOLIVAR
2022,2,11.592857142857143,430.2,BOLIVAR
2022,3,11.612903225806452,440.2,BOLIVAR
2022,4,11.976666666666668,489.4,BOLIVAR
2022,5,12.170967741935485,502.2,BOLIVAR
2022,6,11.266666666666667,317.1,BOLIVAR
2022,7,11.751612903225809,257.0,BOLIVAR
2022,8,11.651612903225804,131.7,BOLIVAR
2022,9,11.42,157.6,BOLIVAR
2022,10,12.119354838709675,239.9,BOLIVAR
2022,11,12.16,96.3,BOLIVAR
2022,12,11.216129032258063,285.0,BOLIVAR
2023,1,11.45483870967742,388.2,BOLIVAR
2023,2,11.907142857142857,466.6,BOLIVAR
2023,3,11.938709677419356,398.2,BOLIVAR
2023,4,12.283333333333331,447.4,BOLIVAR
2023,5,13.058064516129033,508.3,BOLIVAR
2023,6,12.823333333333332,410.2,BOLIVAR
2023,7,12.758064516129032,260.9,BOLIVAR
2023,8,12.170967741935485,179.5,BOLIVAR
2023,9,12.233333333333333,206.6,BOLIVAR
2023,10,12.435483870967742,393.6,BOLIVAR
2023,11,12.933333333333334,255.7,BOLIVAR
2023,12,13.290322580645162,441.3,BOLIVAR
2024,1,13.129032258064516,456.1,BOLIVAR
2024,2,13.23448275862069,554.3,BOLIVAR
2024,3,13.40967741935484,478.8,BOLIVAR
2024,4,13.093333333333334,466.3,BOLIVAR
2024,5,13.206451612903225,442.1,BOLIVAR
2024,6,12.5,227.4,BOLIVAR
2024,7,13.083870967741936,126.2,BOLIVAR
2024,8,12.23225806451613,78.9,BOLIVAR
2024,9,12.27,107.5,BOLIVAR
2024,10,12.270967741935484,209.9,BOLIVAR
2024,11,12.353333333333332,77.1,BOLIVAR
2024,12,12.670967741935485,494.4,BOLIVAR
2025,1,12.493548387096777,521.2,BOLIVAR
2025,2,12.396428571428572,639.4,BOLIVAR
2025,3,12.941935483870967,544.9,BOLIVAR
2025,4,12.976666666666668,541.9,BOLIVAR
2025,5,13.019354838709678,361.5,BOLIVAR
2025,6,12.753333333333334,355.8,BOLIVAR
2025,7,12.829032258064515,210.3,BOLIVAR
2025,8,12.503225806451614,276.4,BOLIVAR
2025,9,12.99,271.6,BOLIVAR
2025,10,12.629032258064516,365.2,BOLIVAR
2025,11,12.756666666666666,396.1,BOLIVAR
2025,12,12.52258064516129,150.3,BOLIVAR
2026,1,12.329032258064515,416.6,BOLIVAR
2026,2,12.525,570.7,BOLIVAR
2026,3,13.119354838709675,347.7,BOLIVAR
2026,4,13.133333333333333,236.8,BOLIVAR
2026,5,13.97741935483871,390.1,BOLIVAR
2026,6,13.73,373.5,BOLIVAR
2012,1,24.22258064516129,146.3,SANTA ELENA
2012,2,24.73448275862069,338.6,SANTA ELENA
2012,3,25.458064516129035,153.2,SANTA ELENA
2012,4,25.126666666666665,132.3,SANTA ELENA
2012,5,24.190322580645162,99.6,SANTA ELENA
2012,6,23.233333333333334,20.1,SANTA ELENA
2012,7,21.63225806451613,23.6,SANTA ELENA
2012,8,21.09032258064516,6.5,SANTA ELENA
2012,9,21.396666666666665,7.6,SANTA ELENA
2012,10,21.4,18.8,SANTA ELENA
2012,11,21.866666666666667,30.2,SANTA ELENA
2012,12,23.06451612903226,24.700000000000003,SANTA ELENA
2013,1,24.451612903225808,66.7,SANTA ELENA
2013,2,24.839285714285715,192.0,SANTA ELENA
2013,3,25.14516129032258,179.4,SANTA ELENA
2013,4,23.853333333333335,67.7,SANTA ELENA
2013,5,21.90967741935484,84.0,SANTA ELENA
2013,6,21.69,9.4,SANTA ELENA
2013,7,20.858064516129033,13.100000000000001,SANTA ELENA
2013,8,20.70967741935484,1.8,SANTA ELENA
2013,9,21.21333333333333,13.899999999999999,SANTA ELENA
2013,10,21.335483870967742,12.0,SANTA ELENA
2013,11,21.886666666666667,8.6,SANTA ELENA
2013,12,22.73548387096774,11.4,SANTA ELENA
2014,1,24.664516129032258,54.4,SANTA ELENA
2014,2,24.900000000000002,29.700000000000003,SANTA ELENA
2014,3,25.164516129032258,58.6,SANTA ELENA
2014,4,24.69,71.6,SANTA ELENA
2014,5,24.193548387096776,106.5,SANTA ELENA
2014,6,23.533333333333335,42.1,SANTA ELENA
2014,7,22.483870967741936,23.3,SANTA ELENA
2014,8,22.13225806451613,25.400000000000002,SANTA ELENA
2014,9,21.32,38.1,SANTA ELENA
2014,10,21.94516129032258,37.0,SANTA ELENA
2014,11,22.38,5.0,SANTA ELENA
2014,12,23.283870967741933,21.1,SANTA ELENA
2015,1,24.12258064516129,40.3,SANTA ELENA
2015,2,25.214285714285715,19.2,SANTA ELENA
2015,3,25.55483870967742,122.9,SANTA ELENA
2015,4,25.633333333333333,123.0,SANTA ELENA
2015,5,25.358064516129033,89.6,SANTA ELENA
2015,6,24.41,23.4,SANTA ELENA
2015,7,23.770967741935483,52.5,SANTA ELENA
2015,8,22.47741935483871,7.8,SANTA ELENA
2015,9,23.46333333333333,5.800000000000001,SANTA ELENA
2015,10,23.11935483870968,38.8,SANTA ELENA
2015,11,23.376666666666665,22.9,SANTA ELENA
2015,12,25.067741935483873,27.4,SANTA ELENA
2016,1,25.33225806451613,55.0,SANTA ELENA
2016,2,26.00689655172414,144.5,SANTA ELENA
2016,3,26.135483870967743,136.79999999999998,SANTA ELENA
2016,4,25.186666666666667,107.8,SANTA ELENA
2016,5,24.02258064516129,35.5,SANTA ELENA
2016,6,23.086666666666666,16.900000000000002,SANTA ELENA
2016,7,22.58709677419355,25.3,SANTA ELENA
2016,8,21.761290322580646,2.0,SANTA ELENA
2016,9,21.903333333333332,22.0,SANTA ELENA
2016,10,21.296774193548387,0.6,SANTA ELENA
2016,11,21.683333333333334,5.1,SANTA ELENA
2016,12,23.583870967741937,11.299999999999999,SANTA ELENA
2017,1,25.816129032258065,77.0,SANTA ELENA
2017,2,26.357142857142858,322.2,SANTA ELENA
2017,3,26.46451612903226,388.6,SANTA ELENA
2017,4,26.28666666666667,75.4,SANTA ELENA
2017,5,25.316129032258065,39.1,SANTA ELENA
2017,6,23.83,23.599999999999998,SANTA ELENA
2017,7,22.55806451612903,0.7999999999999999,SANTA ELENA
2017,8,22.05806451612903,0.5,SANTA ELENA
2017,9,22.15666666666667,1.4,SANTA ELENA
2017,10,22.451612903225808,10.0,SANTA ELENA
2017,11,22.12,0.9,SANTA ELENA
2017,12,23.651612903225807,4.4,SANTA ELENA
2018,1,24.893548387096775,15.5,SANTA ELENA
2018,2,25.775000000000002,140.8,SANTA ELENA
2018,3,25.903225806451612,33.2,SANTA ELENA
2018,4,24.823333333333334,13.200000000000001,SANTA ELENA
2018,5,24.432258064516127,20.3,SANTA ELENA
2018,6,22.65666666666667,3.8,SANTA ELENA
2018,7,22.583870967741937,3.5,SANTA ELENA
2018,8,22.38064516129032,0.7,SANTA ELENA
2018,9,22.69,0.8,SANTA ELENA
2018,10,22.312903225806455,2.2,SANTA ELENA
2018,11,23.236666666666668,2.0,SANTA ELENA
2018,12,24.051612903225806,23.9,SANTA ELENA
2019,1,25.551612903225806,42.5,SANTA ELENA
2019,2,26.446428571428573,172.4,SANTA ELENA
2019,3,26.56451612903226,37.5,SANTA ELENA
2019,4,26.02,12.0,SANTA ELENA
2019,5,25.419354838709676,3.7,SANTA ELENA
2019,6,24.396666666666665,1.5,SANTA ELENA
2019,7,22.932258064516127,4.6,SANTA ELENA
2019,8,21.948387096774194,0.7000000000000001,SANTA ELENA
2019,9,21.673333333333336,11.5,SANTA ELENA
2019,10,22.693548387096776,1.1,SANTA ELENA
2019,11,23.793333333333333,6.8,SANTA ELENA
2019,12,24.241935483870968,8.700000000000001,SANTA ELENA
2020,1,25.67096774193548,13.4,SANTA ELENA
2020,2,26.896551724137932,101.3,SANTA ELENA
2020,3,26.55806451612903,28.4,SANTA ELENA
2020,4,25.68,4.9,SANTA ELENA
2020,5,24.74516129032258,1.8,SANTA ELENA
2020,6,23.336666666666666,3.2,SANTA ELENA
2020,7,22.448387096774194,0.8,SANTA ELENA
2020,8,21.480645161290322,0.5,SANTA ELENA
2020,9,22.07,0.1,SANTA ELENA
2020,10,22.838709677419356,1.5,SANTA ELENA
2020,11,22.39333333333333,0.5,SANTA ELENA
2020,12,23.606451612903225,12.2,SANTA ELENA
2021,1,25.116129032258065,106.1,SANTA ELENA
2021,2,26.125,8.6,SANTA ELENA
2021,3,25.538709677419355,210.20000000000002,SANTA ELENA
2021,4,24.863333333333333,17.5,SANTA ELENA
2021,5,23.561290322580643,11.4,SANTA ELENA
2021,6,23.12,9.5,SANTA ELENA
2021,7,22.461290322580645,5.5,SANTA ELENA
2021,8,22.12258064516129,2.2,SANTA ELENA
2021,9,22.333333333333332,6.3,SANTA ELENA
2021,10,22.15806451612903,3.5,SANTA ELENA
2021,11,21.93,3.8,SANTA ELENA
2021,12,23.193548387096776,11.2,SANTA ELENA
2022,1,24.651612903225807,17.099999999999998,SANTA ELENA
2022,2,25.650000000000002,24.8,SANTA ELENA
2022,3,26.36774193548387,94.9,SANTA ELENA
2022,4,24.176666666666666,35.4,SANTA ELENA
2022,5,23.451612903225808,18.1,SANTA ELENA
2022,6,22.17,8.2,SANTA ELENA
2022,7,21.75483870967742,7.1,SANTA ELENA
2022,8,21.906451612903226,8.8,SANTA ELENA
2022,9,21.33,1.2,SANTA ELENA
2022,10,21.25483870967742,1.8,SANTA ELENA
2022,11,21.493333333333332,3.4,SANTA ELENA
2022,12,23.629032258064516,3.9000000000000004,SANTA ELENA
2023,1,25.483870967741936,8.4,SANTA ELENA
2023,2,26.485714285714288,185.7,SANTA ELENA
2023,3,26.251612903225805,284.9,SANTA ELENA
2023,4,26.44,268.1,SANTA ELENA
2023,5,26.66774193548387,23.5,SANTA ELENA
2023,6,25.923333333333336,20.3,SANTA ELENA
2023,7,25.79032258064516,10.700000000000001,SANTA ELENA
2023,8,24.690322580645162,3.3000000000000003,SANTA ELENA
2023,9,24.30666666666667,2.2,SANTA ELENA
2023,10,24.69677419354839,39.3,SANTA ELENA
2023,11,24.64333333333333,5.4,SANTA ELENA
2023,12,25.190322580645162,17.0,SANTA ELENA
2024,1,26.216129032258067,38.6,SANTA ELENA
2024,2,26.906896551724138,133.4,SANTA ELENA
2024,3,26.93548387096774,25.0,SANTA ELENA
2024,4,26.376666666666665,15.200000000000001,SANTA ELENA
2024,5,25.293548387096774,11.700000000000001,SANTA ELENA
2024,6,23.52,3.3000000000000003,SANTA ELENA
2024,7,23.038709677419355,5.1,SANTA ELENA
2024,8,22.374193548387098,6.300000000000001,SANTA ELENA
2024,9,21.793333333333333,3.1,SANTA ELENA
2024,10,22.506451612903227,6.2,SANTA ELENA
2024,11,22.509999999999998,2.6,SANTA ELENA
2024,12,24.306451612903224,12.3,SANTA ELENA
2025,1,25.712903225806453,16.3,SANTA ELENA
2025,2,26.02857142857143,338.9,SANTA ELENA
2025,3,27.061290322580643,179.9,SANTA ELENA
2025,4,26.23,52.800000000000004,SANTA ELENA
2025,5,25.154838709677417,5.3999999999999995,SANTA ELENA
2025,6,23.616666666666667,4.9,SANTA ELENA
2025,7,22.874193548387098,6.0,SANTA ELENA
2025,8,22.283870967741933,2.7,SANTA ELENA
2025,9,22.543333333333333,1.5,SANTA ELENA
2025,10,22.661290322580644,13.7,SANTA ELENA
2025,11,23.176666666666666,32.0,SANTA ELENA
2025,12,23.53548387096774,4.1,SANTA ELENA
2026,1,25.596774193548388,32.7,SANTA ELENA
2026,2,26.082142857142856,286.6,SANTA ELENA
2026,3,27.17096774193548,168.0,SANTA ELENA
2026,4,26.796666666666667,2.8,SANTA ELENA
2026,5,26.18064516129032,13.1,SANTA ELENA
2026,6,25.89333333333333,18.9,SANTA ELENA
2012,1,24.183870967741935,327.3,EL ORO
2012,2,24.57241379310345,552.5,EL ORO
2012,3,25.15806451612903,483.9,EL ORO
2012,4,25.19333333333333,316.3,EL ORO
2012,5,24.44516129032258,174.6,EL ORO
2012,6,23.483333333333334,49.1,EL ORO
2012,7,22.0258064516129,29.6,EL ORO
2012,8,21.4741935483871,15.0,EL ORO
2012,9,21.316666666666666,10.8,EL ORO
2012,10,22.125806451612902,30.5,EL ORO
2012,11,22.616666666666667,61.3,EL ORO
2012,12,23.325806451612905,86.4,EL ORO
2013,1,24.40967741935484,189.1,EL ORO
2013,2,24.75714285714286,259.3,EL ORO
2013,3,25.103225806451615,380.5,EL ORO
2013,4,24.486666666666668,194.1,EL ORO
2013,5,23.238709677419354,85.7,EL ORO
2013,6,21.98,42.0,EL ORO
2013,7,20.72258064516129,28.7,EL ORO
2013,8,21.203225806451613,28.1,EL ORO
2013,9,21.759999999999998,6.4,EL ORO
2013,10,22.338709677419356,34.300000000000004,EL ORO
2013,11,22.383333333333333,22.3,EL ORO
2013,12,23.451612903225808,74.2,EL ORO
2014,1,24.567741935483873,205.4,EL ORO
2014,2,24.910714285714285,160.2,EL ORO
2014,3,25.216129032258067,138.8,EL ORO
2014,4,25.03666666666667,162.1,EL ORO
2014,5,24.70967741935484,427.59999999999997,EL ORO
2014,6,23.78666666666667,126.5,EL ORO
2014,7,22.729032258064517,44.5,EL ORO
2014,8,22.02258064516129,30.8,EL ORO
2014,9,22.12,16.3,EL ORO
2014,10,22.425806451612903,34.1,EL ORO
2014,11,22.94333333333333,33.4,EL ORO
2014,12,24.041935483870965,111.1,EL ORO
2015,1,24.4,277.6,EL ORO
2015,2,25.021428571428572,217.3,EL ORO
2015,3,25.174193548387095,463.4,EL ORO
2015,4,25.236666666666668,518.1,EL ORO
2015,5,25.299999999999997,410.2,EL ORO
2015,6,24.38,115.0,EL ORO
2015,7,23.858064516129033,48.3,EL ORO
2015,8,22.822580645161292,10.8,EL ORO
2015,9,23.486666666666668,11.5,EL ORO
2015,10,23.716129032258067,51.7,EL ORO
2015,11,24.016666666666666,131.1,EL ORO
2015,12,25.238709677419354,130.9,EL ORO
2016,1,25.64516129032258,291.4,EL ORO
2016,2,25.620689655172413,558.5,EL ORO
2016,3,25.848387096774193,507.7,EL ORO
2016,4,25.486666666666668,356.0,EL ORO
2016,5,24.851612903225806,93.0,EL ORO
2016,6,23.276666666666664,74.8,EL ORO
2016,7,22.687096774193545,32.3,EL ORO
2016,8,22.129032258064516,14.700000000000001,EL ORO
2016,9,22.543333333333333,23.099999999999998,EL ORO
2016,10,22.348387096774193,12.9,EL ORO
2016,11,22.9,13.9,EL ORO
2016,12,24.53548387096774,86.2,EL ORO
2017,1,25.396774193548385,322.1,EL ORO
2017,2,25.72142857142857,411.0,EL ORO
2017,3,25.76774193548387,619.3,EL ORO
2017,4,26.416666666666668,362.0,EL ORO
2017,5,25.89032258064516,225.20000000000002,EL ORO
2017,6,24.673333333333336,53.3,EL ORO
2017,7,23.187096774193545,34.1,EL ORO
2017,8,23.493548387096773,13.200000000000001,EL ORO
2017,9,23.916666666666668,13.1,EL ORO
2017,10,23.970967741935485,30.3,EL ORO
2017,11,23.163333333333334,14.4,EL ORO
2017,12,24.970967741935485,48.8,EL ORO
2018,1,25.693548387096776,74.9,EL ORO
2018,2,25.489285714285717,197.3,EL ORO
2018,3,25.83225806451613,121.10000000000001,EL ORO
2018,4,25.846666666666668,89.2,EL ORO
2018,5,25.003225806451614,134.9,EL ORO
2018,6,23.27,22.2,EL ORO
2018,7,22.690322580645162,17.6,EL ORO
2018,8,22.780645161290323,21.2,EL ORO
2018,9,23.423333333333336,15.9,EL ORO
2018,10,22.91290322580645,21.3,EL ORO
2018,11,24.273333333333333,42.0,EL ORO
2018,12,24.793548387096774,108.8,EL ORO
2019,1,25.506451612903227,204.1,EL ORO
2019,2,25.92142857142857,285.2,EL ORO
2019,3,26.190322580645162,350.7,EL ORO
2019,4,26.23,188.1,EL ORO
2019,5,25.81935483870968,106.5,EL ORO
2019,6,24.543333333333333,54.7,EL ORO
2019,7,23.338709677419356,36.300000000000004,EL ORO
2019,8,22.293548387096774,23.2,EL ORO
2019,9,22.90666666666667,15.9,EL ORO
2019,10,23.34193548387097,37.9,EL ORO
2019,11,23.836666666666666,83.7,EL ORO
2019,12,24.9,90.3,EL ORO
2020,1,26.038709677419355,133.8,EL ORO
2020,2,26.33448275862069,264.40000000000003,EL ORO
2020,3,26.20967741935484,265.2,EL ORO
2020,4,26.023333333333333,167.8,EL ORO
2020,5,25.29032258064516,62.5,EL ORO
2020,6,23.956666666666667,55.7,EL ORO
2020,7,23.280645161290323,43.9,EL ORO
2020,8,22.54516129032258,8.0,EL ORO
2020,9,23.02,15.9,EL ORO
2020,10,23.822580645161292,27.5,EL ORO
2020,11,23.296666666666667,14.5,EL ORO
2020,12,24.503225806451614,105.6,EL ORO
2021,1,25.11935483870968,126.8,EL ORO
2021,2,25.853571428571428,107.3,EL ORO
2021,3,25.629032258064516,296.0,EL ORO
2021,4,25.633333333333333,179.2,EL ORO
2021,5,24.206451612903226,78.3,EL ORO
2021,6,23.543333333333333,33.3,EL ORO
2021,7,22.725806451612904,26.2,EL ORO
2021,8,22.674193548387095,19.9,EL ORO
2021,9,23.09,32.2,EL ORO
2021,10,23.60967741935484,51.6,EL ORO
2021,11,23.21333333333333,20.2,EL ORO
2021,12,24.480645161290322,52.4,EL ORO
2022,1,25.261290322580646,168.8,EL ORO
2022,2,25.264285714285712,91.4,EL ORO
2022,3,25.641935483870967,318.9,EL ORO
2022,4,25.316666666666666,205.1,EL ORO
2022,5,24.348387096774193,75.1,EL ORO
2022,6,23.21333333333333,39.0,EL ORO
2022,7,22.58709677419355,19.0,EL ORO
2022,8,22.629032258064516,21.5,EL ORO
2022,9,22.916666666666668,7.6,EL ORO
2022,10,22.538709677419355,34.4,EL ORO
2022,11,22.496666666666666,19.3,EL ORO
2022,12,24.51290322580645,53.4,EL ORO
2023,1,25.33225806451613,153.6,EL ORO
2023,2,25.842857142857145,290.7,EL ORO
2023,3,25.60967741935484,353.8,EL ORO
2023,4,25.946666666666665,455.3,EL ORO
2023,5,26.596774193548388,188.3,EL ORO
2023,6,25.616666666666667,81.0,EL ORO
2023,7,25.54516129032258,35.6,EL ORO
2023,8,24.88064516129032,40.3,EL ORO
2023,9,25.166666666666668,13.5,EL ORO
2023,10,25.638709677419353,31.0,EL ORO
2023,11,25.373333333333335,25.6,EL ORO
2023,12,26.03548387096774,102.9,EL ORO
2024,1,26.322580645161292,170.6,EL ORO
2024,2,26.63448275862069,296.0,EL ORO
2024,3,26.883870967741935,96.4,EL ORO
2024,4,26.486666666666668,123.3,EL ORO
2024,5,25.738709677419354,104.1,EL ORO
2024,6,24.186666666666667,30.5,EL ORO
2024,7,23.40967741935484,28.1,EL ORO
2024,8,22.787096774193547,25.0,EL ORO
2024,9,22.733333333333334,42.300000000000004,EL ORO
2024,10,23.425806451612903,18.2,EL ORO
2024,11,22.746666666666666,13.3,EL ORO
2024,12,25.396774193548385,57.4,EL ORO
2025,1,25.62258064516129,113.3,EL ORO
2025,2,25.689285714285713,391.7,EL ORO
2025,3,26.135483870967743,296.1,EL ORO
2025,4,25.98,462.59999999999997,EL ORO
2025,5,25.274193548387096,124.9,EL ORO
2025,6,24.17,35.1,EL ORO
2025,7,23.348387096774193,20.4,EL ORO
2025,8,22.893548387096775,10.1,EL ORO
2025,9,23.226666666666667,16.900000000000002,EL ORO
2025,10,23.225806451612904,47.7,EL ORO
2025,11,24.033333333333335,38.7,EL ORO
2025,12,24.174193548387095,19.1,EL ORO
2026,1,25.38064516129032,178.5,EL ORO
2026,2,25.782142857142855,306.5,EL ORO
2026,3,26.606451612903225,274.0,EL ORO
2026,4,26.88,91.0,EL ORO
2026,5,26.60967741935484,39.1,EL ORO
2026,6,25.996666666666666,188.4,EL ORO
2012,1,11.525806451612903,488.3,CANAR
2012,2,11.279310344827588,462.0,CANAR
2012,3,11.583870967741936,283.4,CANAR
2012,4,11.663333333333332,356.5,CANAR
2012,5,11.261290322580646,259.3,CANAR
2012,6,10.879999999999999,108.6,CANAR
2012,7,10.30967741935484,50.4,CANAR
2012,8,10.35483870967742,59.5,CANAR
2012,9,10.873333333333333,65.8,CANAR
2012,10,11.790322580645162,298.4,CANAR
2012,11,12.26,367.1,CANAR
2012,12,11.94516129032258,261.8,CANAR
2013,1,12.403225806451612,281.4,CANAR
2013,2,12.007142857142856,508.5,CANAR
2013,3,12.338709677419354,456.9,CANAR
2013,4,12.176666666666668,280.5,CANAR
2013,5,11.948387096774193,282.2,CANAR
2013,6,11.126666666666667,96.6,CANAR
2013,7,10.129032258064516,71.5,CANAR
2013,8,10.567741935483872,97.8,CANAR
2013,9,11.066666666666666,84.6,CANAR
2013,10,11.787096774193548,268.8,CANAR
2013,11,12.106666666666666,175.0,CANAR
2013,12,12.035483870967743,280.1,CANAR
2014,1,11.958064516129031,384.5,CANAR
2014,2,12.196428571428571,314.0,CANAR
2014,3,11.916129032258064,424.3,CANAR
2014,4,11.936666666666667,255.2,CANAR
2014,5,11.96774193548387,386.7,CANAR
2014,6,10.986666666666668,96.9,CANAR
2014,7,10.574193548387097,47.9,CANAR
2014,8,10.341935483870968,79.0,CANAR
2014,9,11.370000000000001,155.0,CANAR
2014,10,11.687096774193549,219.2,CANAR
2014,11,12.076666666666666,270.9,CANAR
2014,12,12.0,316.7,CANAR
2015,1,11.874193548387098,376.0,CANAR
2015,2,12.167857142857143,239.6,CANAR
2015,3,12.225806451612904,387.7,CANAR
2015,4,11.889999999999999,268.7,CANAR
2015,5,11.951612903225806,323.0,CANAR
2015,6,10.85,73.5,CANAR
2015,7,10.893548387096773,125.0,CANAR
2015,8,11.109677419354838,65.4,CANAR
2015,9,11.85,114.6,CANAR
2015,10,12.27741935483871,300.5,CANAR
2015,11,12.653333333333334,300.1,CANAR
2015,12,12.600000000000001,294.40000000000003,CANAR
2016,1,13.17741935483871,291.1,CANAR
2016,2,13.272413793103448,331.0,CANAR
2016,3,13.238709677419354,427.0,CANAR
2016,4,12.889999999999999,323.5,CANAR
2016,5,12.506451612903225,228.20000000000002,CANAR
2016,6,10.913333333333332,105.2,CANAR
2016,7,10.635483870967741,72.1,CANAR
2016,8,11.093548387096773,66.9,CANAR
2016,9,11.686666666666667,168.6,CANAR
2016,10,12.319354838709677,231.4,CANAR
2016,11,12.586666666666668,177.1,CANAR
2016,12,12.003225806451614,325.1,CANAR
2017,1,10.46774193548387,268.2,CANAR
2017,2,10.407142857142857,274.6,CANAR
2017,3,10.238709677419354,433.7,CANAR
2017,4,11.31,226.79999999999998,CANAR
2017,5,10.925806451612903,226.0,CANAR
2017,6,10.906666666666666,69.89999999999999,CANAR
2017,7,9.929032258064517,31.5,CANAR
2017,8,10.574193548387097,52.1,CANAR
2017,9,11.19,40.6,CANAR
2017,10,11.348387096774195,116.3,CANAR
2017,11,10.926666666666668,104.1,CANAR
2017,12,10.90967741935484,200.8,CANAR
2018,1,10.593548387096773,151.4,CANAR
2018,2,10.792857142857143,236.29999999999998,CANAR
2018,3,11.30967741935484,214.6,CANAR
2018,4,10.57,85.8,CANAR
2018,5,10.796774193548387,134.2,CANAR
2018,6,10.583333333333334,54.1,CANAR
2018,7,10.493548387096775,23.1,CANAR
2018,8,10.751612903225807,21.6,CANAR
2018,9,10.893333333333334,60.5,CANAR
2018,10,10.738709677419354,145.2,CANAR
2018,11,10.923333333333334,319.4,CANAR
2018,12,11.03225806451613,127.89999999999999,CANAR
2019,1,11.30967741935484,280.2,CANAR
2019,2,11.464285714285714,294.2,CANAR
2019,3,11.609677419354838,370.7,CANAR
2019,4,11.506666666666666,167.2,CANAR
2019,5,11.129032258064516,166.6,CANAR
2019,6,10.813333333333333,62.2,CANAR
2019,7,10.470967741935485,29.400000000000002,CANAR
2019,8,10.62258064516129,31.8,CANAR
2019,9,11.51,72.5,CANAR
2019,10,10.641935483870967,210.5,CANAR
2019,11,11.113333333333333,229.2,CANAR
2019,12,11.45483870967742,276.8,CANAR
2020,1,11.451612903225806,143.7,CANAR
2020,2,11.841379310344827,202.7,CANAR
2020,3,11.44516129032258,256.6,CANAR
2020,4,11.496666666666666,181.9,CANAR
2020,5,11.680645161290323,137.8,CANAR
2020,6,10.913333333333332,62.2,CANAR
2020,7,10.135483870967741,101.9,CANAR
2020,8,10.674193548387096,36.9,CANAR
2020,9,11.066666666666666,45.3,CANAR
2020,10,11.235483870967743,50.800000000000004,CANAR
2020,11,11.166666666666666,102.0,CANAR
2020,12,10.37741935483871,327.09999999999997,CANAR
2021,1,10.496774193548386,391.7,CANAR
2021,2,10.967857142857143,258.0,CANAR
2021,3,10.254838709677419,272.0,CANAR
2021,4,10.916666666666666,212.7,CANAR
2021,5,11.077419354838709,94.8,CANAR
2021,6,10.44,99.9,CANAR
2021,7,10.196774193548388,34.6,CANAR
2021,8,10.416129032258064,46.7,CANAR
2021,9,11.05,27.4,CANAR
2021,10,10.970967741935485,242.6,CANAR
2021,11,10.286666666666667,279.8,CANAR
2021,12,10.667741935483871,322.5,CANAR
2022,1,10.329032258064515,283.8,CANAR
2022,2,10.317857142857141,460.1,CANAR
2022,3,10.041935483870969,480.7,CANAR
2022,4,10.736666666666666,218.8,CANAR
2022,5,10.961290322580645,106.60000000000001,CANAR
2022,6,9.636666666666667,119.9,CANAR
2022,7,10.264516129032257,120.39999999999999,CANAR
2022,8,10.051612903225807,67.89999999999999,CANAR
2022,9,10.266666666666667,75.3,CANAR
2022,10,10.393548387096773,192.5,CANAR
2022,11,10.363333333333333,73.0,CANAR
2022,12,10.170967741935485,232.2,CANAR
2023,1,9.964516129032257,332.6,CANAR
2023,2,11.053571428571429,214.7,CANAR
2023,3,10.46774193548387,266.4,CANAR
2023,4,10.76,336.3,CANAR
2023,5,11.86774193548387,183.8,CANAR
2023,6,11.256666666666666,16.9,CANAR
2023,7,11.09032258064516,57.1,CANAR
2023,8,11.170967741935485,58.6,CANAR
2023,9,11.6,47.0,CANAR
2023,10,11.561290322580644,110.89999999999999,CANAR
2023,11,11.646666666666667,176.9,CANAR
2023,12,11.935483870967742,436.5,CANAR
2024,1,12.154838709677419,321.8,CANAR
2024,2,11.786206896551725,362.4,CANAR
2024,3,12.106451612903227,242.2,CANAR
2024,4,11.74,354.4,CANAR
2024,5,12.167741935483871,178.79999999999998,CANAR
2024,6,11.31,106.39999999999999,CANAR
2024,7,11.16451612903226,27.7,CANAR
2024,8,11.167741935483871,63.5,CANAR
2024,9,11.826666666666666,86.10000000000001,CANAR
2024,10,11.438709677419356,154.3,CANAR
2024,11,10.67,95.8,CANAR
2024,12,11.238709677419354,508.40000000000003,CANAR
2025,1,10.841935483870968,368.0,CANAR
2025,2,10.789285714285715,611.8,CANAR
2025,3,11.070967741935483,370.1,CANAR
2025,4,11.463333333333333,428.9,CANAR
2025,5,11.5,111.6,CANAR
2025,6,11.283333333333333,128.4,CANAR
2025,7,10.580645161290322,75.1,CANAR
2025,8,10.87741935483871,36.1,CANAR
2025,9,11.443333333333333,89.2,CANAR
2025,10,11.058064516129033,224.8,CANAR
2025,11,11.236666666666668,367.3,CANAR
2025,12,10.76774193548387,161.9,CANAR
2026,1,11.041935483870969,439.6,CANAR
2026,2,10.971428571428572,516.8,CANAR
2026,3,11.13225806451613,338.5,CANAR
2026,4,11.423333333333334,163.6,CANAR
2026,5,12.64516129032258,58.8,CANAR
2026,6,11.966666666666667,99.3,CANAR
2012,1,16.34516129032258,316.6,LOJA
2012,2,15.989655172413793,334.7,LOJA
2012,3,16.361290322580643,169.9,LOJA
2012,4,16.51,146.0,LOJA
2012,5,16.451612903225808,47.4,LOJA
2012,6,16.02,24.900000000000002,LOJA
2012,7,15.593548387096773,22.5,LOJA
2012,8,16.00967741935484,34.1,LOJA
2012,9,16.553333333333335,24.2,LOJA
2012,10,16.95483870967742,192.5,LOJA
2012,11,17.09,248.1,LOJA
2012,12,16.706451612903226,94.2,LOJA
2013,1,17.251612903225805,154.2,LOJA
2013,2,16.739285714285714,248.8,LOJA
2013,3,17.25483870967742,129.3,LOJA
2013,4,17.616666666666667,43.6,LOJA
2013,5,17.351612903225806,90.7,LOJA
2013,6,16.39,38.8,LOJA
2013,7,15.100000000000001,54.1,LOJA
2013,8,16.05483870967742,28.400000000000002,LOJA
2013,9,16.94,21.5,LOJA
2013,10,17.32903225806452,92.4,LOJA
2013,11,17.42,60.9,LOJA
2013,12,17.370967741935484,112.8,LOJA
2014,1,17.03548387096774,180.3,LOJA
2014,2,16.982142857142858,198.0,LOJA
2014,3,16.61935483870968,263.6,LOJA
2014,4,17.086666666666666,46.6,LOJA
2014,5,16.938709677419357,132.7,LOJA
2014,6,16.166666666666668,49.9,LOJA
2014,7,15.480645161290322,23.7,LOJA
2014,8,15.761290322580646,19.9,LOJA
2014,9,17.233333333333334,19.0,LOJA
2014,10,17.15806451612903,68.2,LOJA
2014,11,17.03666666666667,150.6,LOJA
2014,12,16.94516129032258,117.0,LOJA
2015,1,16.838709677419356,141.0,LOJA
2015,2,16.928571428571427,86.89999999999999,LOJA
2015,3,16.94516129032258,309.4,LOJA
2015,4,16.763333333333332,128.8,LOJA
2015,5,17.029032258064515,62.699999999999996,LOJA
2015,6,15.863333333333333,46.8,LOJA
2015,7,16.03548387096774,30.2,LOJA
2015,8,16.63225806451613,15.7,LOJA
2015,9,17.723333333333336,14.7,LOJA
2015,10,18.177419354838708,65.1,LOJA
2015,11,17.996666666666666,117.0,LOJA
2015,12,17.96451612903226,31.2,LOJA
2016,1,18.25483870967742,289.4,LOJA
2016,2,18.024137931034485,155.0,LOJA
2016,3,17.81935483870968,227.1,LOJA
2016,4,17.60666666666667,182.8,LOJA
2016,5,17.45483870967742,59.3,LOJA
2016,6,15.956666666666667,60.5,LOJA
2016,7,15.932258064516128,12.6,LOJA
2016,8,16.51290322580645,19.7,LOJA
2016,9,17.43,25.1,LOJA
2016,10,17.845161290322583,62.1,LOJA
2016,11,17.89,62.6,LOJA
2016,12,17.080645161290324,259.0,LOJA
2017,1,14.40967741935484,251.0,LOJA
2017,2,14.549999999999999,153.4,LOJA
2017,3,14.993548387096775,190.5,LOJA
2017,4,15.103333333333333,124.8,LOJA
2017,5,15.03225806451613,60.5,LOJA
2017,6,14.686666666666667,38.9,LOJA
2017,7,13.416129032258064,52.9,LOJA
2017,8,14.587096774193547,15.3,LOJA
2017,9,15.026666666666667,12.200000000000001,LOJA
2017,10,15.583870967741936,87.69999999999999,LOJA
2017,11,15.673333333333334,45.4,LOJA
2017,12,15.46774193548387,116.7,LOJA
2018,1,14.40967741935484,148.7,LOJA
2018,2,14.771428571428572,224.29999999999998,LOJA
2018,3,15.119354838709677,98.6,LOJA
2018,4,14.333333333333334,88.1,LOJA
2018,5,14.83548387096774,50.2,LOJA
2018,6,13.826666666666666,50.7,LOJA
2018,7,13.496774193548386,68.5,LOJA
2018,8,13.80967741935484,67.9,LOJA
2018,9,14.7,64.0,LOJA
2018,10,15.52258064516129,48.1,LOJA
2018,11,15.353333333333333,279.7,LOJA
2018,12,14.587096774193547,46.0,LOJA
2019,1,14.774193548387096,199.20000000000002,LOJA
2019,2,15.478571428571428,161.4,LOJA
2019,3,15.62258064516129,117.9,LOJA
2019,4,15.236666666666668,154.4,LOJA
2019,5,14.990322580645161,75.5,LOJA
2019,6,14.05,102.3,LOJA
2019,7,13.651612903225805,103.60000000000001,LOJA
2019,8,13.48709677419355,126.4,LOJA
2019,9,14.576666666666666,71.3,LOJA
2019,10,14.583870967741936,134.5,LOJA
2019,11,15.013333333333332,172.2,LOJA
2019,12,15.229032258064517,184.0,LOJA
2020,1,14.735483870967743,218.7,LOJA
2020,2,15.53793103448276,197.6,LOJA
2020,3,15.338709677419354,160.5,LOJA
2020,4,15.026666666666667,82.1,LOJA
2020,5,15.051612903225807,118.5,LOJA
2020,6,14.620000000000001,51.4,LOJA
2020,7,14.403225806451612,48.5,LOJA
2020,8,14.390322580645162,35.8,LOJA
2020,9,14.633333333333333,64.3,LOJA
2020,10,14.706451612903225,76.0,LOJA
2020,11,15.406666666666666,57.7,LOJA
2020,12,14.816129032258065,224.8,LOJA
2021,1,14.538709677419355,153.9,LOJA
2021,2,14.828571428571427,116.5,LOJA
2021,3,14.529032258064515,251.4,LOJA
2021,4,14.91,92.9,LOJA
2021,5,14.603225806451613,75.3,LOJA
2021,6,14.45,48.9,LOJA
2021,7,13.548387096774194,78.5,LOJA
2021,8,13.996774193548386,43.8,LOJA
2021,9,14.626666666666667,35.9,LOJA
2021,10,15.361290322580645,157.2,LOJA
2021,11,14.446666666666665,216.9,LOJA
2021,12,14.938709677419356,113.5,LOJA
2022,1,14.329032258064515,178.5,LOJA
2022,2,14.328571428571427,227.9,LOJA
2022,3,14.51290322580645,249.5,LOJA
2022,4,14.81,123.4,LOJA
2022,5,14.751612903225807,57.9,LOJA
2022,6,13.693333333333333,90.7,LOJA
2022,7,13.974193548387097,122.6,LOJA
2022,8,13.870967741935484,86.2,LOJA
2022,9,14.620000000000001,56.1,LOJA
2022,10,14.587096774193547,112.2,LOJA
2022,11,14.623333333333333,65.10000000000001,LOJA
2022,12,14.725806451612904,120.0,LOJA
2023,1,14.174193548387096,178.0,LOJA
2023,2,15.032142857142857,130.4,LOJA
2023,3,14.483870967741936,139.0,LOJA
2023,4,14.72,139.6,LOJA
2023,5,15.606451612903227,60.0,LOJA
2023,6,14.516666666666667,58.4,LOJA
2023,7,14.719354838709679,55.5,LOJA
2023,8,14.87741935483871,26.1,LOJA
2023,9,15.629999999999999,36.8,LOJA
2023,10,16.06451612903226,77.2,LOJA
2023,11,16.356666666666666,47.3,LOJA
2023,12,16.241935483870968,176.2,LOJA
2024,1,16.1,98.0,LOJA
2024,2,15.96896551724138,147.9,LOJA
2024,3,16.14516129032258,119.5,LOJA
2024,4,16.333333333333332,93.60000000000001,LOJA
2024,5,16.361290322580643,70.1,LOJA
2024,6,15.53,39.199999999999996,LOJA
2024,7,14.47741935483871,71.1,LOJA
2024,8,15.067741935483872,31.1,LOJA
2024,9,15.44,58.4,LOJA
2024,10,16.10322580645161,75.7,LOJA
2024,11,15.793333333333333,34.8,LOJA
2024,12,15.44516129032258,164.3,LOJA
2025,1,14.658064516129032,153.0,LOJA
2025,2,14.946428571428571,203.29999999999998,LOJA
2025,3,14.96774193548387,214.6,LOJA
2025,4,15.366666666666667,176.7,LOJA
2025,5,14.864516129032259,139.1,LOJA
2025,6,14.533333333333333,79.4,LOJA
2025,7,13.425806451612903,157.8,LOJA
2025,8,14.19032258064516,67.2,LOJA
2025,9,14.443333333333333,66.1,LOJA
2025,10,15.080645161290322,136.5,LOJA
2025,11,15.55,207.3,LOJA
2025,12,14.841935483870968,66.4,LOJA
2026,1,15.0,162.7,LOJA
2026,2,14.942857142857141,117.2,LOJA
2026,3,15.51290322580645,132.5,LOJA
2026,4,15.24,113.8,LOJA
2026,5,15.332258064516129,82.6,LOJA
2026,6,14.889999999999999,102.60000000000001,LOJA
